{
"type": "FeatureCollection",
"name": "gap",
"crs": { "type": "name", "properties": { "name": "urn:ogc:def:crs:OGC:1.3:CRS84" } },
"features": [
{ "type": "Feature", "properties": { "type": "gap" }, "geometry": { "type": "LineString", "coordinates": [ [ 77.534194624042442, 12.850491843299658 ], [ 77.534191868916864, 12.850217213339002 ], [ 77.533911977095244, 12.85021991648936 ] ] } },
{ "type": "Feature", "properties": { "type": "gap" }, "geometry": { "type": "LineString", "coordinates": [ [ 77.513773264007, 12.851786932061914 ], [ 77.51209387515695, 12.851803017821901 ], [ 77.511539540145506, 12.852357646836268 ], [ 77.511259641048397, 12.852360326276234 ], [ 77.510694382707129, 12.851816414430273 ], [ 77.510691652823482, 12.8515417795047 ], [ 77.51041175444719, 12.851544457873612 ], [ 77.510134585284135, 12.851821770988472 ], [ 77.509014989678946, 12.851832480530316 ], [ 77.508732362860755, 12.851560521831749 ], [ 77.508172565159299, 12.851565874101471 ], [ 77.507607314305517, 12.851021954009553 ], [ 77.507599135430439, 12.850198047207071 ] ] } },
{ "type": "Feature", "properties": { "type": "gap" }, "geometry": { "type": "LineString", "coordinates": [ [ 77.738239368363892, 12.850364069761472 ], [ 77.738236391595152, 12.850089485100597 ] ] } },
{ "type": "Feature", "properties": { "type": "gap" }, "geometry": { "type": "MultiLineString", "coordinates": [ [ [ 77.588819204409788, 12.852979669283929 ], [ 77.589083203488457, 12.852977063788817 ], [ 77.589527486360481, 12.853404305606302 ] ], [ [ 77.590355587786789, 12.854200637454515 ], [ 77.590606101505799, 12.854441538668596 ] ], [ [ 77.590947674391018, 12.857214115426027 ], [ 77.590807582154696, 12.857354366395448 ], [ 77.591011197980876, 12.857550165173388 ] ], [ [ 77.591402642440869, 12.860785982144892 ], [ 77.591412466126812, 12.861742714253628 ], [ 77.59160656985911, 12.861929360683959 ] ] ] } },
{ "type": "Feature", "properties": { "type": "gap" }, "geometry": { "type": "MultiLineString", "coordinates": [ [ [ 77.597250436445393, 12.866353889940038 ], [ 77.597618134559411, 12.866350245569372 ], [ 77.597891056346739, 12.866612662365679 ] ], [ [ 77.597929079328566, 12.866621807181241 ], [ 77.599020441439734, 12.866610985804993 ], [ 77.599112504454638, 12.866699504245879 ] ] ] } },
{ "type": "Feature", "properties": { "type": "gap" }, "geometry": { "type": "LineString", "coordinates": [ [ 77.601563861050963, 12.868948037935596 ], [ 77.60156499038581, 12.869057526050408 ], [ 77.601847721085448, 12.869329361720212 ], [ 77.601856220225727, 12.870153206488318 ], [ 77.602138952641809, 12.870425041528094 ], [ 77.602141786189321, 12.870699656370451 ], [ 77.602424519582868, 12.870971490915425 ], [ 77.602435855907274, 12.872069949950729 ], [ 77.602718591387131, 12.872341783797912 ], [ 77.602721426001864, 12.8726163984732 ], [ 77.604135114369612, 12.873975560961824 ] ] } },
{ "type": "Feature", "properties": { "type": "gap" }, "geometry": { "type": "MultiLineString", "coordinates": [ [ [ 77.604135114369612, 12.873975560961824 ], [ 77.604700593973149, 12.874519222966006 ], [ 77.60498049711488, 12.874516439193201 ], [ 77.605545979627564, 12.875060098768454 ], [ 77.605548817939223, 12.875334712766856 ], [ 77.605271752089976, 12.875612111373819 ], [ 77.605281960259873, 12.87659980878572 ] ], [ [ 77.606106740962431, 12.877502405002627 ], [ 77.606131339311261, 12.877526053540993 ], [ 77.60631667110917, 12.877524208944759 ] ], [ [ 77.607226314989958, 12.876691227796536 ], [ 77.607242441761102, 12.876691067235122 ], [ 77.607525187578688, 12.87696289381657 ], [ 77.607571746590523, 12.876962430200555 ] ] ] } },
{ "type": "Feature", "properties": { "type": "gap" }, "geometry": { "type": "MultiLineString", "coordinates": [ [ [ 77.611313127801381, 12.888734709597275 ], [ 77.611286338495376, 12.888734976966132 ], [ 77.611303425594215, 12.890382651579957 ], [ 77.611409209746611, 12.890484339609419 ] ], [ [ 77.611877848268435, 12.891782904753471 ], [ 77.611880357202892, 12.892024736524485 ], [ 77.612155389176067, 12.892289114926591 ] ] ] } },
{ "type": "Feature", "properties": { "type": "gap" }, "geometry": { "type": "MultiLineString", "coordinates": [ [ [ 77.612549573044063, 12.902554467263121 ], [ 77.612552209485898, 12.90280830412134 ] ], [ [ 77.612563549714579, 12.90390008049485 ], [ 77.612574205896721, 12.904925909067066 ] ] ] } },
{ "type": "Feature", "properties": { "type": "gap" }, "geometry": { "type": "MultiLineString", "coordinates": [ [ [ 77.612574205896721, 12.904925909067066 ], [ 77.612582764465628, 12.905749744536495 ], [ 77.613996717389327, 12.907108804782904 ], [ 77.61400242713934, 12.907658027718004 ], [ 77.61428522029496, 12.907929838345582 ], [ 77.614288075639706, 12.908204449735614 ], [ 77.615136459877988, 12.909019878842425 ], [ 77.615142172990616, 12.909569101195553 ], [ 77.615424969698225, 12.909840909904434 ], [ 77.615430683816584, 12.910390132096085 ], [ 77.615562564103797, 12.910516887463194 ] ], [ [ 77.615723111620909, 12.911587341712949 ], [ 77.615724912388274, 12.911760384275018 ], [ 77.615791812754736, 12.911824684252537 ] ], [ [ 77.61610187331712, 12.912938283161235 ], [ 77.617713107640199, 12.914486858902988 ] ] ] } },
{ "type": "Feature", "properties": { "type": "gap" }, "geometry": { "type": "MultiLineString", "coordinates": [ [ [ 77.617713107640199, 12.914486858902988 ], [ 77.617995913176983, 12.914758663139915 ], [ 77.617998774136524, 12.91503327356935 ], [ 77.618021636666882, 12.915055246655282 ] ], [ [ 77.619770763914588, 12.917143810737819 ], [ 77.61942426475072, 12.917490728270783 ], [ 77.619429991108277, 12.918039948378752 ], [ 77.61954703646272, 12.918152436971525 ] ] ] } },
{ "type": "Feature", "properties": { "type": "gap" }, "geometry": { "type": "LineString", "coordinates": [ [ 77.622511556793029, 12.918284373068749 ], [ 77.622789365304328, 12.918006223060285 ], [ 77.623629207364971, 12.917997784995007 ] ] } },
{ "type": "Feature", "properties": { "type": "gap" }, "geometry": { "type": "MultiLineString", "coordinates": [ [ [ 77.623629207364971, 12.917997784995007 ], [ 77.625104452397238, 12.917982956368434 ] ], [ [ 77.626292711667602, 12.917971006360215 ], [ 77.626577021653702, 12.917968146328727 ] ] ] } },
{ "type": "Feature", "properties": { "type": "gap" }, "geometry": { "type": "MultiLineString", "coordinates": [ [ [ 77.627796461552094, 12.917710057816381 ], [ 77.628102609679615, 12.917403520201317 ], [ 77.628100985817184, 12.917248283434855 ] ], [ [ 77.629487844594252, 12.917103654615627 ], [ 77.629499462706491, 12.917114819604476 ], [ 77.629509728672758, 12.917104540441184 ] ] ] } },
{ "type": "Feature", "properties": { "type": "gap" }, "geometry": { "type": "LineString", "coordinates": [ [ 77.638739063097844, 12.917159994500132 ], [ 77.6387808787903, 12.921140707948153 ], [ 77.639063711525637, 12.921412483382698 ], [ 77.639069482599297, 12.921961694628646 ], [ 77.639352316688701, 12.922233469495918 ], [ 77.639355202697246, 12.922508075040735 ], [ 77.639453644075516, 12.922602666831928 ] ] } },
{ "type": "Feature", "properties": { "type": "gap" }, "geometry": { "type": "LineString", "coordinates": [ [ 77.639201976841591, 12.92432648075312 ], [ 77.639095455726775, 12.924433144918767 ], [ 77.639174999080254, 12.924509577036872 ] ] } },
{ "type": "Feature", "properties": { "type": "gap" }, "geometry": { "type": "MultiLineString", "coordinates": [ [ [ 77.643167980806979, 12.928957546360213 ], [ 77.643361772101855, 12.928763490727576 ] ], [ [ 77.643758482440091, 12.928505453613615 ], [ 77.643897990272748, 12.928504039847807 ], [ 77.644180837346781, 12.928775806918521 ], [ 77.646140518009602, 12.928755937210285 ], [ 77.646423367365045, 12.92902770131705 ], [ 77.647823138457156, 12.929013497870644 ], [ 77.648100195400701, 12.928736052821787 ], [ 77.650339822695557, 12.928713309830673 ] ] ] } },
{ "type": "Feature", "properties": { "type": "gap" }, "geometry": { "type": "LineString", "coordinates": [ [ 77.650339822695557, 12.928713309830673 ], [ 77.650619775806547, 12.928710465608617 ], [ 77.651751192161825, 12.929797496283358 ] ] } },
{ "type": "Feature", "properties": { "type": "gap" }, "geometry": { "type": "MultiLineString", "coordinates": [ [ [ 77.651751192161825, 12.929797496283358 ], [ 77.652316904004479, 12.930341009035134 ], [ 77.652390698114701, 12.930340258694939 ] ], [ [ 77.653523986625686, 12.930413460121725 ], [ 77.653719579295071, 12.930601374742041 ], [ 77.653999533740929, 12.930598526487326 ], [ 77.654276583924712, 12.930321075884505 ], [ 77.655408021618086, 12.931408086075805 ], [ 77.666046262939744, 12.931299566297245 ] ] ] } },
{ "type": "Feature", "properties": { "type": "gap" }, "geometry": { "type": "LineString", "coordinates": [ [ 77.666046262939744, 12.931299566297245 ], [ 77.667446024311189, 12.931285255167396 ], [ 77.667728895508489, 12.931556991056739 ], [ 77.671088318789984, 12.931522609432001 ], [ 77.672785575945696, 12.933152989596859 ] ] } },
{ "type": "Feature", "properties": { "type": "gap" }, "geometry": { "type": "MultiLineString", "coordinates": [ [ [ 77.672785575945696, 12.933152989596859 ], [ 77.673610847499774, 12.933945729738538 ] ], [ [ 77.674400431357995, 12.934704180840702 ], [ 77.67674592818382, 12.936957149493013 ] ] ] } },
{ "type": "Feature", "properties": { "type": "gap" }, "geometry": { "type": "LineString", "coordinates": [ [ 77.67674592818382, 12.936957149493013 ], [ 77.677022953891225, 12.936679678347559 ], [ 77.677302909781005, 12.936676803774025 ], [ 77.677579934504124, 12.936399332211815 ], [ 77.677859889953211, 12.936396457101841 ], [ 77.677856958616104, 12.936121860469576 ], [ 77.679242070009565, 12.934734499058576 ], [ 77.679522023219846, 12.934731622528775 ] ] } },
{ "type": "Feature", "properties": { "type": "gap" }, "geometry": { "type": "MultiLineString", "coordinates": [ [ [ 77.679522023219846, 12.934731622528775 ], [ 77.679622699618236, 12.934828324860439 ] ], [ [ 77.680355338182181, 12.938018573156151 ], [ 77.680957005042018, 12.938012386601933 ], [ 77.681920295564652, 12.938937619661608 ] ], [ [ 77.687977909939931, 12.94176620672715 ], [ 77.689212754061643, 12.942952172343169 ] ], [ [ 77.69085091216489, 12.945050679062085 ], [ 77.691276457996906, 12.94504628421236 ] ] ] } },
{ "type": "Feature", "properties": { "type": "gap" }, "geometry": { "type": "LineString", "coordinates": [ [ 77.708426825822983, 12.941025065855186 ], [ 77.709258962557598, 12.940191390169757 ], [ 77.709541881867125, 12.940463069592578 ], [ 77.709821834456591, 12.940460159292094 ], [ 77.710375803750296, 12.939905159448859 ] ] } },
{ "type": "Feature", "properties": { "type": "gap" }, "geometry": { "type": "MultiLineString", "coordinates": [ [ [ 77.710375803750296, 12.939905159448859 ], [ 77.710929770599023, 12.93935015889139 ], [ 77.71285980936554, 12.939330080013979 ] ], [ [ 77.713494940756732, 12.939096008742235 ], [ 77.714012199751693, 12.939592703774546 ], [ 77.714015171462137, 12.939867292125122 ], [ 77.713461211894099, 12.940422298102547 ], [ 77.713464183198752, 12.940696886561641 ], [ 77.713278474996613, 12.940882944731007 ] ] ] } },
{ "type": "Feature", "properties": { "type": "gap" }, "geometry": { "type": "MultiLineString", "coordinates": [ [ [ 77.719019403011998, 12.943857211066003 ], [ 77.71938187612983, 12.94420524971685 ], [ 77.719390189624391, 12.944971605206577 ] ], [ [ 77.720536760185837, 12.945291666519518 ], [ 77.720572628735681, 12.945291292012682 ] ], [ [ 77.723842325367855, 12.944732468454974 ], [ 77.723867106649578, 12.944707638671707 ], [ 77.72494871047509, 12.944696330006106 ] ], [ [ 77.725747821685005, 12.944883052109796 ], [ 77.726961532755695, 12.94604835572499 ], [ 77.72724788679281, 12.946045358503934 ] ], [ [ 77.728380029484697, 12.946033505470549 ], [ 77.729674607970139, 12.946019945780499 ] ], [ [ 77.73344202375138, 12.945980448488843 ], [ 77.741799039805628, 12.945892639843336 ] ] ] } },
{ "type": "Feature", "properties": { "type": "gap" }, "geometry": { "type": "LineString", "coordinates": [ [ 77.741799039805628, 12.945892639843336 ], [ 77.742081994834734, 12.946164275480106 ], [ 77.744881505067653, 12.946134797004754 ], [ 77.74516446307338, 12.946406428560511 ] ] } },
{ "type": "Feature", "properties": { "type": "gap" }, "geometry": { "type": "LineString", "coordinates": [ [ 77.74516446307338, 12.946406428560511 ], [ 77.745730380919383, 12.946949690364901 ] ] } },
{ "type": "Feature", "properties": { "type": "gap" }, "geometry": { "type": "MultiLineString", "coordinates": [ [ [ 77.745730380919383, 12.946949690364901 ], [ 77.745872806801927, 12.947086413703504 ] ], [ [ 77.747022145673924, 12.948461416332027 ], [ 77.748110138977339, 12.949505821679635 ] ] ] } },
{ "type": "Feature", "properties": { "type": "gap" }, "geometry": { "type": "LineString", "coordinates": [ [ 77.749192583835253, 12.950001509748313 ], [ 77.749405893557508, 12.950206269616189 ], [ 77.749408906547856, 12.950480849601485 ], [ 77.74996881533022, 12.950474938637598 ] ] } },
{ "type": "Feature", "properties": { "type": "gap" }, "geometry": { "type": "LineString", "coordinates": [ [ 77.46676293152872, 12.853606500155035 ], [ 77.466480339253067, 12.853334487947995 ], [ 77.466466929041829, 12.851961267080007 ], [ 77.466744155107634, 12.851683991346519 ] ] } },
{ "type": "Feature", "properties": { "type": "gap" }, "geometry": { "type": "LineString", "coordinates": [ [ 77.466744155107634, 12.851683991346519 ], [ 77.466728063457552, 12.850036126408355 ] ] } },
{ "type": "Feature", "properties": { "type": "gap" }, "geometry": { "type": "LineString", "coordinates": [ [ 77.685367729132679, 12.85283296903296 ], [ 77.686207311292179, 12.852824372623571 ], [ 77.686772875456811, 12.853367832912442 ], [ 77.68901176200707, 12.853344890276992 ], [ 77.690425692466192, 12.854703519018942 ], [ 77.690428618383123, 12.854978114512978 ], [ 77.690708480378717, 12.854975243474781 ], [ 77.690985415782635, 12.854697776771481 ], [ 77.691265277339127, 12.854694905201079 ], [ 77.691548065958571, 12.854966628573466 ], [ 77.692387650927898, 12.854958010992066 ], [ 77.692670440861122, 12.855229732849972 ], [ 77.692673369341477, 12.8555043278242 ], [ 77.69295616025299, 12.855776049181308 ], [ 77.693795746935606, 12.855767426562323 ] ] } },
{ "type": "Feature", "properties": { "type": "gap" }, "geometry": { "type": "LineString", "coordinates": [ [ 77.693795746935606, 12.855767426562323 ], [ 77.696314503316415, 12.855741542623974 ], [ 77.69769914066454, 12.854354183043881 ], [ 77.697693273390797, 12.853804995322619 ], [ 77.697413414306467, 12.853807873551339 ], [ 77.697410481075011, 12.853533279617599 ], [ 77.697964331096216, 12.85297833535688 ], [ 77.698524047104371, 12.852972577791883 ], [ 77.699077893212674, 12.852417631886153 ], [ 77.699360685455204, 12.852689345703247 ], [ 77.70019144965859, 12.851856924643238 ], [ 77.70018851386925, 12.851582331300238 ], [ 77.700742353167101, 12.851027383156575 ], [ 77.701302063567198, 12.851021620527362 ], [ 77.701296190038121, 12.850472434305358 ], [ 77.70157310756359, 12.850194959614464 ], [ 77.702132815735155, 12.850189195580869 ] ] } },
{ "type": "Feature", "properties": { "type": "gap" }, "geometry": { "type": "MultiLineString", "coordinates": [ [ [ 77.603530168549554, 12.853772348850139 ], [ 77.603368463921143, 12.853934253924878 ], [ 77.603651175974392, 12.854206090799813 ], [ 77.603668165950594, 12.85585377980059 ], [ 77.603114063030873, 12.856408566183926 ], [ 77.603135013444131, 12.858440365170386 ] ], [ [ 77.603149210263581, 12.859816993464676 ], [ 77.603153708832679, 12.860253174502315 ], [ 77.602322539901508, 12.861085355022535 ], [ 77.602605260602814, 12.861357191575516 ], [ 77.602616588957133, 12.862455651255189 ], [ 77.602792160107441, 12.862624461728961 ] ], [ [ 77.603882129854114, 12.862584891470073 ], [ 77.604301597567186, 12.862988201926564 ], [ 77.604307266045609, 12.863537430967135 ], [ 77.604568751256423, 12.863788842257936 ] ], [ [ 77.604883641401571, 12.865139133526744 ], [ 77.604884058738364, 12.86517955486033 ], [ 77.60481273933037, 12.865250961434665 ] ], [ [ 77.60433302251279, 12.866032700538955 ], [ 77.604338447371163, 12.866558190235986 ], [ 77.604061387668665, 12.866835586135677 ], [ 77.604091011013182, 12.869704940853159 ] ], [ [ 77.604106138800375, 12.871169969507019 ], [ 77.604135114369612, 12.873975560961824 ] ] ] } },
{ "type": "Feature", "properties": { "type": "gap" }, "geometry": { "type": "MultiLineString", "coordinates": [ [ [ 77.568659967269426, 12.854001792658194 ], [ 77.568656128614165, 12.853624402825307 ] ], [ [ 77.568297666764337, 12.852021714317351 ], [ 77.568077850066004, 12.851810292738726 ], [ 77.568072265660945, 12.851261047426474 ], [ 77.567789588300172, 12.850989164186945 ], [ 77.567786796562942, 12.850714541454513 ], [ 77.567504120177333, 12.850442657723104 ], [ 77.567501328873021, 12.850168034917548 ] ] ] } },
{ "type": "Feature", "properties": { "type": "gap" }, "geometry": { "type": "LineString", "coordinates": [ [ 77.616802659545286, 12.853800574885479 ], [ 77.617085383009496, 12.854072394513546 ], [ 77.617362414403843, 12.853794990033771 ], [ 77.617359568164346, 12.853520378184042 ], [ 77.617639445191159, 12.85351758537308 ], [ 77.618487618434258, 12.854333039943596 ], [ 77.61849046608576, 12.854607651527663 ], [ 77.619050221973581, 12.854602062731992 ], [ 77.619898403213782, 12.855417511093496 ], [ 77.619901252647054, 12.855692122343733 ], [ 77.620466710581837, 12.856235752310569 ], [ 77.621306348391641, 12.856227361304585 ], [ 77.62158907898224, 12.856499174567684 ], [ 77.621600485454223, 12.857597617947579 ], [ 77.621883218130677, 12.857869430510567 ] ] } },
{ "type": "Feature", "properties": { "type": "gap" }, "geometry": { "type": "MultiLineString", "coordinates": [ [ [ 77.621883218130677, 12.857869430510567 ], [ 77.622165951414331, 12.85814124264579 ], [ 77.622445832479002, 12.858138443722103 ], [ 77.623011301343041, 12.85868206598977 ], [ 77.623850945565394, 12.858673665272898 ], [ 77.623899940025169, 12.8586246028636 ] ], [ [ 77.625407810427077, 12.860170350845438 ], [ 77.625498850798635, 12.860257871179327 ] ], [ [ 77.626879124570863, 12.861856626111713 ], [ 77.62696393412142, 12.861938154836469 ], [ 77.626966792732532, 12.862212764389563 ], [ 77.627325735325584, 12.862557819876097 ] ], [ [ 77.627823422769168, 12.863834551094982 ], [ 77.627823604542982, 12.863852004817442 ], [ 77.628106350951271, 12.864123807896672 ], [ 77.628112071729404, 12.864673026399654 ], [ 77.628809424257128, 12.865343382393792 ] ] ] } },
{ "type": "Feature", "properties": { "type": "gap" }, "geometry": { "type": "LineString", "coordinates": [ [ 77.630602605579156, 12.867394415277108 ], [ 77.631219465968741, 12.867388222005177 ], [ 77.631784974715671, 12.867931817318762 ] ] } },
{ "type": "Feature", "properties": { "type": "gap" }, "geometry": { "type": "MultiLineString", "coordinates": [ [ [ 77.631784974715671, 12.867931817318762 ], [ 77.631715903286675, 12.868000987189582 ] ], [ [ 77.630067210088313, 12.869097062749431 ], [ 77.629563032159297, 12.869601949900334 ], [ 77.629651822205105, 12.878114820290591 ] ] ] } },
{ "type": "Feature", "properties": { "type": "gap" }, "geometry": { "type": "LineString", "coordinates": [ [ 77.629651822205105, 12.878114820290591 ], [ 77.629402235980535, 12.878364751541248 ] ] } },
{ "type": "Feature", "properties": { "type": "gap" }, "geometry": { "type": "LineString", "coordinates": [ [ 77.631689294704529, 12.885578517305383 ], [ 77.631694312588351, 12.886058770515708 ] ] } },
{ "type": "Feature", "properties": { "type": "gap" }, "geometry": { "type": "LineString", "coordinates": [ [ 77.631694312588351, 12.886058770515708 ], [ 77.631140230089215, 12.886613616018703 ], [ 77.631145438289167, 12.887112146396426 ] ] } },
{ "type": "Feature", "properties": { "type": "gap" }, "geometry": { "type": "MultiLineString", "coordinates": [ [ [ 77.631677430600419, 12.8922950833069 ], [ 77.632043111512644, 12.892646544234228 ], [ 77.632045982719035, 12.892921152020971 ], [ 77.63180416298313, 12.893163301688087 ] ], [ [ 77.630022575923249, 12.895326020707811 ], [ 77.630112383527958, 12.895412335829878 ], [ 77.629835332262559, 12.89568975914119 ], [ 77.629555411192626, 12.895692573996968 ], [ 77.629456182302491, 12.895791935729029 ] ], [ [ 77.629536785050902, 12.896516672663067 ], [ 77.629843940961592, 12.896513583758884 ], [ 77.630126732882545, 12.896785376549651 ], [ 77.630129602952465, 12.897059984674467 ], [ 77.63041239585354, 12.897331776967786 ] ] ] } },
{ "type": "Feature", "properties": { "type": "gap" }, "geometry": { "type": "MultiLineString", "coordinates": [ [ [ 77.63041239585354, 12.897331776967786 ], [ 77.6301353432913, 12.897609200904954 ], [ 77.63013821356023, 12.897883809010622 ], [ 77.631081714344333, 12.898790599527281 ] ], [ [ 77.633038175203311, 12.904748572510753 ], [ 77.633292104450419, 12.904992607913252 ] ] ] } },
{ "type": "Feature", "properties": { "type": "gap" }, "geometry": { "type": "MultiLineString", "coordinates": [ [ [ 77.633292104450419, 12.904992607913252 ], [ 77.633574910734694, 12.905264394253495 ], [ 77.633854841539502, 12.905261573043211 ], [ 77.633957380489804, 12.905360115954513 ] ], [ [ 77.634348822537575, 12.906986825377308 ], [ 77.63415490843046, 12.907181000812766 ], [ 77.633442303022903, 12.907188183846246 ] ], [ [ 77.632924555689215, 12.91170731459674 ], [ 77.633184461088177, 12.911957083753284 ] ], [ [ 77.633656073545211, 12.913012152096718 ], [ 77.633664090938439, 12.913777213958541 ] ] ] } },
{ "type": "Feature", "properties": { "type": "gap" }, "geometry": { "type": "LineString", "coordinates": [ [ 77.633664090938439, 12.913777213958541 ], [ 77.633109964758276, 12.914332073539283 ], [ 77.633112842124817, 12.914606680635588 ], [ 77.632832900753073, 12.914609503057241 ], [ 77.63282312489622, 12.914619291796269 ] ] } },
{ "type": "Feature", "properties": { "type": "gap" }, "geometry": { "type": "MultiLineString", "coordinates": [ [ [ 77.65091841207169, 12.853732643608428 ], [ 77.650950103709448, 12.853732323316528 ], [ 77.652081118394662, 12.854819423377112 ], [ 77.652431037339653, 12.854815884873146 ] ], [ [ 77.653298896677185, 12.85480710675921 ], [ 77.653480470790285, 12.854805269833239 ], [ 77.65376322716223, 12.855077041974216 ], [ 77.653764698854587, 12.855217066945187 ] ], [ [ 77.654089536270533, 12.855934332090969 ], [ 77.654551667587256, 12.856378505556879 ] ], [ [ 77.655121852203763, 12.856213656388464 ], [ 77.655451113394349, 12.855883855797739 ], [ 77.655733872904236, 12.856155625140754 ], [ 77.656573486485755, 12.856147121354752 ], [ 77.657139008746213, 12.856690656590404 ], [ 77.657418880279266, 12.856687820678529 ], [ 77.657701642556688, 12.856959587291854 ], [ 77.657704533435009, 12.857234190108541 ], [ 77.660783121817246, 12.857202970765051 ], [ 77.661065887674098, 12.857474732914509 ], [ 77.662185373292971, 12.857463370047659 ], [ 77.662750908719815, 12.858006890173296 ], [ 77.663310652072468, 12.858001205510286 ], [ 77.663864599708077, 12.857446316811153 ], [ 77.664144470542311, 12.857443473562508 ], [ 77.664710009279162, 12.857986988639746 ], [ 77.664712908014863, 12.85826158986425 ], [ 77.664435934903508, 12.858539035177746 ], [ 77.664441732103541, 12.859088237720341 ], [ 77.663887783113566, 12.859643128036369 ], [ 77.663896477998534, 12.860466932140575 ], [ 77.664179250905207, 12.860738689494442 ], [ 77.664459125315446, 12.860735845195043 ], [ 77.664462024419166, 12.861010446418497 ], [ 77.664741899065888, 12.861007601758402 ], [ 77.66530744838866, 12.861551113595585 ], [ 77.665310348604848, 12.861825714611632 ], [ 77.666158678256522, 12.862640978935795 ], [ 77.666161579652524, 12.862915579737994 ] ] ] } },
{ "type": "Feature", "properties": { "type": "gap" }, "geometry": { "type": "LineString", "coordinates": [ [ 77.666161579652524, 12.862915579737994 ], [ 77.666164481115743, 12.863190180533813 ], [ 77.666730038737356, 12.863733687656865 ], [ 77.666735843349102, 12.864282888952662 ], [ 77.66701862381295, 12.864554641730832 ] ] } },
{ "type": "Feature", "properties": { "type": "gap" }, "geometry": { "type": "LineString", "coordinates": [ [ 77.66701862381295, 12.864554641730832 ], [ 77.668138135369119, 12.864543247309808 ], [ 77.668420917386385, 12.864814998214484 ], [ 77.668423821750011, 12.865089598463129 ], [ 77.668706604745779, 12.865361348868475 ], [ 77.669826118332495, 12.865349946540235 ], [ 77.669831930433674, 12.86589914637706 ], [ 77.670680288130143, 12.866714390265415 ], [ 77.670957260174205, 12.866436938085043 ], [ 77.671522834740344, 12.866980431275953 ], [ 77.671802714387468, 12.866977577782931 ], [ 77.672651081502934, 12.867792813258886 ], [ 77.672928051894729, 12.86751535920614 ], [ 77.673767691446187, 12.867506792983683 ], [ 77.678858019330491, 12.872398099724132 ], [ 77.679137903301211, 12.872395237219052 ], [ 77.679691834433655, 12.871840316193223 ], [ 77.679971717593901, 12.87183745291971 ], [ 77.680254519563832, 12.872109186785476 ] ] } },
{ "type": "Feature", "properties": { "type": "gap" }, "geometry": { "type": "LineString", "coordinates": [ [ 77.680254519563832, 12.872109186785476 ], [ 77.680257438508633, 12.872383784216563 ], [ 77.680540241457891, 12.872655517581977 ], [ 77.680820125327187, 12.872652653224474 ], [ 77.681102929120655, 12.872924385797671 ], [ 77.681105849179986, 12.873198983020194 ], [ 77.681388653952851, 12.87347071509296 ], [ 77.681948423041916, 12.873464983911504 ], [ 77.682514035356718, 12.874008445318628 ], [ 77.682793920272502, 12.874005578557716 ], [ 77.683359535491633, 12.874549037518005 ], [ 77.683919306065548, 12.874543301655635 ], [ 77.684196267509989, 12.874265836781419 ], [ 77.684476152323811, 12.874262968167789 ], [ 77.684758961418879, 12.874534695625103 ], [ 77.684764810319805, 12.875083888344314 ], [ 77.685330431820518, 12.875627341687098 ] ] } },
{ "type": "Feature", "properties": { "type": "gap" }, "geometry": { "type": "LineString", "coordinates": [ [ 77.685330431820518, 12.875627341687098 ], [ 77.685613243482877, 12.875899067711758 ], [ 77.685893129782144, 12.875896197227368 ], [ 77.686175942288799, 12.876167922459301 ], [ 77.694572506832714, 12.87608165837325 ] ] } },
{ "type": "Feature", "properties": { "type": "gap" }, "geometry": { "type": "LineString", "coordinates": [ [ 77.694572506832714, 12.87608165837325 ], [ 77.694849455566342, 12.875804184229702 ] ] } },
{ "type": "Feature", "properties": { "type": "gap" }, "geometry": { "type": "LineString", "coordinates": [ [ 77.694849455566342, 12.875804184229702 ], [ 77.695126403692001, 12.875526709908389 ], [ 77.695406287380976, 12.875523829345676 ], [ 77.695683234526712, 12.875246354611818 ], [ 77.695963117775818, 12.875243473516038 ], [ 77.69624006394163, 12.874965998369698 ], [ 77.700438298937968, 12.874922742620123 ], [ 77.701269117048014, 12.874090305553803 ], [ 77.701834764173938, 12.874633716636543 ], [ 77.702114645318176, 12.874630829106191 ], [ 77.702111702055703, 12.874356236675908 ], [ 77.702942512053667, 12.873523795729792 ], [ 77.703502271297396, 12.873518018494122 ], [ 77.70405614010177, 12.872963056038525 ], [ 77.704336018877228, 12.872960166504283 ], [ 77.704612951995585, 12.872682684776072 ], [ 77.706572098909689, 12.87266244804519 ], [ 77.707402886803607, 12.871829996873521 ], [ 77.70739404194336, 12.871006223001817 ], [ 77.70794789608685, 12.870451255012787 ] ] } },
{ "type": "Feature", "properties": { "type": "gap" }, "geometry": { "type": "LineString", "coordinates": [ [ 77.70794789608685, 12.870451255012787 ], [ 77.708224822247047, 12.870173770752741 ], [ 77.708221873390059, 12.869899179621438 ], [ 77.709606493898605, 12.868511755953639 ], [ 77.709886366447606, 12.868508861476311 ], [ 77.70988341617749, 12.868234270689337 ], [ 77.710991099217452, 12.867124327863653 ], [ 77.710979295053136, 12.866025965570428 ], [ 77.711256213352726, 12.865748479651732 ], [ 77.711539033931885, 12.866020174485959 ], [ 77.712098772537217, 12.866014382209357 ], [ 77.712375689348477, 12.865736895353958 ], [ 77.71293542693617, 12.86573110141692 ], [ 77.713489257248014, 12.865176126239533 ], [ 77.713483350519311, 12.864626946165668 ], [ 77.713760264293526, 12.864349458427025 ], [ 77.714040131261086, 12.864346560436926 ] ] } },
{ "type": "Feature", "properties": { "type": "gap" }, "geometry": { "type": "LineString", "coordinates": [ [ 77.714040131261086, 12.864346560436926 ], [ 77.714034223728078, 12.863797380580236 ], [ 77.714864958878877, 12.862964915947714 ], [ 77.714844279728752, 12.861042787455336 ], [ 77.71399583143338, 12.860227710887315 ] ] } },
{ "type": "Feature", "properties": { "type": "gap" }, "geometry": { "type": "LineString", "coordinates": [ [ 77.71399583143338, 12.860227710887315 ], [ 77.714272740699926, 12.859950223600604 ], [ 77.714252071068344, 12.858028093720245 ], [ 77.714528978081873, 12.857750606659662 ], [ 77.714526025315905, 12.857476016708656 ], [ 77.716741257692178, 12.85525611433575 ] ] } },
{ "type": "Feature", "properties": { "type": "gap" }, "geometry": { "type": "LineString", "coordinates": [ [ 77.716741257692178, 12.85525611433575 ], [ 77.716458447152263, 12.854984423633709 ], [ 77.716449584740005, 12.854160654912187 ], [ 77.71616677592263, 12.853888963566966 ], [ 77.716160868733823, 12.853339784246552 ], [ 77.716437769148783, 12.853062296527197 ], [ 77.715872155095681, 12.852518912841845 ], [ 77.715857390865182, 12.851145964013019 ], [ 77.715574586607744, 12.850874271170598 ], [ 77.715571634338744, 12.850599681315284 ], [ 77.715288831059766, 12.850327987970573 ], [ 77.715565730006077, 12.850050501585466 ], [ 77.715845580712752, 12.850047604834756 ] ] } },
{ "type": "Feature", "properties": { "type": "gap" }, "geometry": { "type": "LineString", "coordinates": [ [ 77.488334761001624, 12.855325422479012 ], [ 77.488611961647905, 12.855048127380238 ], [ 77.488609255056048, 12.854773487873105 ], [ 77.489163654044802, 12.854218897219075 ], [ 77.489443559942814, 12.854216240961703 ], [ 77.490829544955602, 12.852829759857988 ], [ 77.490824127980801, 12.852280481674896 ], [ 77.489976295156779, 12.851464534940968 ], [ 77.489962759313642, 12.850091338398801 ] ] } },
{ "type": "Feature", "properties": { "type": "gap" }, "geometry": { "type": "LineString", "coordinates": [ [ 77.461466046351845, 12.855853617578244 ], [ 77.461745959946256, 12.855850990530056 ], [ 77.462023195611636, 12.855573718150755 ], [ 77.462020517806693, 12.855299073111373 ], [ 77.46257498683201, 12.854744527891247 ], [ 77.462564274300178, 12.853645948084541 ], [ 77.46284150693549, 12.853368675398929 ], [ 77.462838828716158, 12.853094030483259 ], [ 77.463116060502642, 12.852816757661145 ], [ 77.463110703767185, 12.852267467914402 ], [ 77.463390613041554, 12.852264839832332 ], [ 77.463667843372036, 12.851987566685571 ], [ 77.463947752218601, 12.851984938065666 ], [ 77.463945073095303, 12.851710293350653 ], [ 77.464504889994885, 12.851705035333154 ], [ 77.465059346156963, 12.851150487139472 ], [ 77.465339253782119, 12.85114785720414 ], [ 77.465893706784072, 12.850593307778515 ], [ 77.466173613615609, 12.85059067706564 ], [ 77.466728063457552, 12.850036126408355 ] ] } },
{ "type": "Feature", "properties": { "type": "gap" }, "geometry": { "type": "MultiLineString", "coordinates": [ [ [ 77.632218722814869, 12.855843425746764 ], [ 77.631941709114869, 12.856120843180364 ], [ 77.631950297367766, 12.856944668877636 ], [ 77.63167328234897, 12.857222086297806 ], [ 77.631676144995367, 12.857496694906452 ], [ 77.631399129132149, 12.857774112201909 ], [ 77.631404854149437, 12.858323329511327 ], [ 77.631687596244333, 12.858595129277399 ], [ 77.631702262774041, 12.860001833134016 ] ], [ [ 77.631180377433694, 12.863640310838623 ], [ 77.631181755622777, 12.863772475390839 ] ], [ [ 77.63085413938208, 12.865256778805305 ], [ 77.630679391870274, 12.865431775164183 ] ] ] } },
{ "type": "Feature", "properties": { "type": "gap" }, "geometry": { "type": "MultiLineString", "coordinates": [ [ [ 77.560291131277623, 12.856830126275479 ], [ 77.56015257829462, 12.856696860161257 ] ], [ [ 77.559134011169405, 12.856292116998494 ], [ 77.558249624997359, 12.856300745220466 ] ], [ [ 77.556949311768776, 12.855489469644951 ], [ 77.556918500113397, 12.855489770024342 ], [ 77.556353154071715, 12.854945976463949 ], [ 77.556350373875347, 12.854671351346274 ], [ 77.556067702133348, 12.85439945386257 ], [ 77.55606492236943, 12.854124828672038 ], [ 77.555782251602579, 12.853852930697192 ], [ 77.555779472271084, 12.853578305433818 ], [ 77.555214133294726, 12.853034508077343 ], [ 77.555212438654124, 12.852867013373533 ] ], [ [ 77.55533425965595, 12.851518341255513 ], [ 77.555285364176143, 12.851471308342731 ] ] ] } },
{ "type": "Feature", "properties": { "type": "gap" }, "geometry": { "type": "LineString", "coordinates": [ [ 77.674205232197991, 12.855967922635147 ], [ 77.673651314364648, 12.856522828160601 ], [ 77.673371446728083, 12.856525681347861 ], [ 77.673094486529962, 12.856803133608247 ], [ 77.672814618455106, 12.856805986262762 ], [ 77.672817525724767, 12.857080585690296 ], [ 77.670878783089506, 12.859022745269471 ], [ 77.670313230987375, 12.858479246616756 ], [ 77.670033360417833, 12.858482096670029 ], [ 77.66975639411551, 12.858759546506594 ], [ 77.669476523107804, 12.858762396026949 ], [ 77.66919374830546, 12.858490645042496 ], [ 77.66891387746675, 12.858493493904197 ], [ 77.668636909680984, 12.858770942800607 ], [ 77.668357038404167, 12.858773791129364 ], [ 77.668080069640382, 12.859051239612109 ], [ 77.668088777784718, 12.859875040929508 ], [ 77.667811807704666, 12.860152489402955 ], [ 77.667814710317572, 12.86042708988577 ], [ 77.666975090215246, 12.860435632427848 ], [ 77.666698118178985, 12.860713080073664 ], [ 77.666715528384344, 12.862360684305683 ], [ 77.666161579652524, 12.862915579737994 ] ] } },
{ "type": "Feature", "properties": { "type": "gap" }, "geometry": { "type": "LineString", "coordinates": [ [ 77.478287710177952, 12.858441883445938 ], [ 77.478005101417651, 12.858169887006206 ], [ 77.47800240567787, 12.857895245345761 ], [ 77.478556837809393, 12.857340671746055 ], [ 77.478836749427501, 12.857338026169028 ], [ 77.479391178396753, 12.856783451339712 ], [ 77.47967108921992, 12.856780804985368 ], [ 77.479948302427161, 12.856503517049791 ], [ 77.479945604936276, 12.856228875760294 ], [ 77.480222817294944, 12.855951587689345 ], [ 77.480212026991936, 12.85485302267689 ], [ 77.480491935501718, 12.854850375837403 ], [ 77.481046355735387, 12.854295799071062 ], [ 77.481040959387258, 12.853746516852457 ], [ 77.48131816811096, 12.853469228292482 ], [ 77.481035563289311, 12.853197234608674 ], [ 77.481032865334143, 12.852922593477343 ], [ 77.480750261485895, 12.852650599307713 ], [ 77.481027469611462, 12.852373311195807 ], [ 77.481022074138934, 12.851824028889098 ], [ 77.480739471755228, 12.851552034460576 ], [ 77.481016678916575, 12.851274746557223 ], [ 77.481013981399201, 12.851000105381848 ], [ 77.481845598517452, 12.850168240704424 ] ] } },
{ "type": "Feature", "properties": { "type": "gap" }, "geometry": { "type": "LineString", "coordinates": [ [ 77.470732726370443, 12.858787842776184 ], [ 77.470730038403644, 12.858513199613077 ], [ 77.470164834525036, 12.857969187070207 ], [ 77.470162147352596, 12.857694543771853 ], [ 77.470439373732034, 12.857417263831497 ], [ 77.47043668638041, 12.857142620578749 ], [ 77.47015408620895, 12.856870613839051 ], [ 77.470431311864004, 12.856593334054372 ], [ 77.470428624699224, 12.856318690782754 ], [ 77.470146025625738, 12.856046683849643 ], [ 77.469866113592488, 12.856049319896428 ], [ 77.469860740789116, 12.855500033089021 ], [ 77.469295546411033, 12.85495601699065 ], [ 77.469572771473949, 12.854678738288667 ], [ 77.469567399900527, 12.85412945130204 ], [ 77.469284804478846, 12.853857442784747 ], [ 77.469279433886243, 12.853308155644067 ], [ 77.468149061199256, 12.852220116853934 ], [ 77.467309336359378, 12.852228015400726 ], [ 77.467026745429905, 12.851956003583831 ], [ 77.466746837266967, 12.85195863548088 ], [ 77.466744155107634, 12.851683991346519 ] ] } },
{ "type": "Feature", "properties": { "type": "gap" }, "geometry": { "type": "MultiLineString", "coordinates": [ [ [ 77.57328292765736, 12.8589918506443 ], [ 77.573254373057324, 12.858964388750751 ] ], [ [ 77.573108911724987, 12.858980807361773 ], [ 77.573080645651643, 12.85900910142405 ] ], [ [ 77.571270102662453, 12.859469205222252 ], [ 77.571017750852249, 12.859471679776101 ] ], [ [ 77.570859284250957, 12.859568105851649 ], [ 77.570814381638925, 12.859613052068834 ] ], [ [ 77.568137450005935, 12.861737706362957 ], [ 77.56790131086494, 12.861974068291582 ], [ 77.567904105256048, 12.862248690764348 ], [ 77.567072792583161, 12.863080782617399 ], [ 77.56707838012521, 12.863630027868716 ], [ 77.567081860269596, 12.863633374912123 ] ] ] } },
{ "type": "Feature", "properties": { "type": "gap" }, "geometry": { "type": "MultiLineString", "coordinates": [ [ [ 77.564818803482382, 12.865025399094948 ], [ 77.564320019725486, 12.865030279592286 ] ], [ [ 77.563158865358218, 12.864766986853271 ], [ 77.562611137069212, 12.864772342637934 ], [ 77.562056910921314, 12.865327062663884 ], [ 77.561992589749821, 12.865327691421729 ] ], [ [ 77.560304741111395, 12.865416291931997 ], [ 77.560100378944853, 12.865620832571389 ], [ 77.559820475720429, 12.865623566556186 ], [ 77.559543358548211, 12.865900924444606 ], [ 77.558623682674664, 12.865909904580242 ] ], [ [ 77.55844728265717, 12.865911626661948 ], [ 77.558423743531634, 12.86591185645055 ], [ 77.558146624278109, 12.866189213203382 ], [ 77.558070809031221, 12.866189953230958 ] ], [ [ 77.55360849237276, 12.869529301317749 ], [ 77.553421601660503, 12.869531122705546 ], [ 77.55336222129948, 12.869474009169576 ] ] ] } },
{ "type": "Feature", "properties": { "type": "gap" }, "geometry": { "type": "LineString", "coordinates": [ [ 77.549931945117166, 12.867806344015102 ], [ 77.549788953684356, 12.86766880609917 ] ] } },
{ "type": "Feature", "properties": { "type": "gap" }, "geometry": { "type": "MultiLineString", "coordinates": [ [ [ 77.546264404488809, 12.855303841209812 ], [ 77.545997099176276, 12.855046705197392 ], [ 77.545993823273946, 12.854721798660552 ] ], [ [ 77.545503206671697, 12.852939812388129 ], [ 77.545132505032029, 12.852583206603974 ], [ 77.545126970146157, 12.852033951442712 ], [ 77.544847078696392, 12.852036666627338 ], [ 77.544564420442839, 12.851764753804135 ], [ 77.544841544674185, 12.851487411320919 ], [ 77.544865898941225, 12.85148717508563 ] ] ] } },
{ "type": "Feature", "properties": { "type": "gap" }, "geometry": { "type": "MultiLineString", "coordinates": [ [ [ 77.552006587885757, 12.859108098635851 ], [ 77.551140135412467, 12.859116530063771 ] ], [ [ 77.54716605014606, 12.856683279651378 ], [ 77.547133299334803, 12.85668359773949 ], [ 77.547132817915426, 12.856635878366875 ] ] ] } },
{ "type": "Feature", "properties": { "type": "gap" }, "geometry": { "type": "LineString", "coordinates": [ [ 77.492016924337989, 12.859685096358625 ], [ 77.492294124074775, 12.859407797310284 ], [ 77.492291412530122, 12.859133158666468 ], [ 77.492568611418449, 12.858855859483551 ], [ 77.492565899695705, 12.858581220885839 ], [ 77.492843097735616, 12.85830392156838 ], [ 77.492837673996846, 12.857754644458867 ] ] } },
{ "type": "Feature", "properties": { "type": "gap" }, "geometry": { "type": "LineString", "coordinates": [ [ 77.492837673996846, 12.857754644458867 ], [ 77.492829538860022, 12.856930728747354 ], [ 77.493106735088091, 12.856653429505052 ], [ 77.492824115749698, 12.856381451574842 ], [ 77.492807847926898, 12.854733619906128 ], [ 77.493085042228344, 12.854456321083148 ], [ 77.493074197306797, 12.853357766721029 ], [ 77.49279158236638, 12.853085788010659 ], [ 77.492778029460666, 12.851712594591241 ], [ 77.492495416959571, 12.851440615134203 ] ] } },
{ "type": "Feature", "properties": { "type": "gap" }, "geometry": { "type": "LineString", "coordinates": [ [ 77.492495416959571, 12.851440615134203 ], [ 77.492215514788256, 12.851443274082058 ], [ 77.491085071817977, 12.850355350611983 ], [ 77.491082363560722, 12.850080711525584 ] ] } },
{ "type": "Feature", "properties": { "type": "gap" }, "geometry": { "type": "MultiLineString", "coordinates": [ [ [ 77.638130546106268, 12.85907965712318 ], [ 77.637853537330372, 12.859357080177906 ], [ 77.637570788906757, 12.859085288536551 ], [ 77.637011031441332, 12.859090918758175 ], [ 77.636179998850579, 12.85992318455199 ], [ 77.636182867018789, 12.860197792104561 ], [ 77.63674836506253, 12.860741378011568 ], [ 77.636471353012993, 12.861018800221458 ], [ 77.636191471922103, 12.86102161472407 ], [ 77.635914458895087, 12.861299036517881 ], [ 77.635923063684743, 12.862122859247222 ], [ 77.635646049338618, 12.862400281027931 ], [ 77.635648917497463, 12.86267488864735 ], [ 77.635371902306602, 12.862952310303509 ], [ 77.635344681374519, 12.862952583976085 ] ], [ [ 77.633984775008017, 12.864143788664494 ], [ 77.633989684041694, 12.864614023826912 ], [ 77.633709798404595, 12.864616836453983 ], [ 77.633432778961293, 12.864894256847798 ], [ 77.633139069982846, 12.864897207815552 ] ], [ [ 77.63264167602587, 12.8654930739982 ], [ 77.632659082696875, 12.865509806214313 ] ], [ [ 77.632907106685465, 12.867085557642259 ], [ 77.632895934358231, 12.867096746017058 ], [ 77.632901666924624, 12.867645962273743 ], [ 77.632675526896762, 12.867872426548217 ] ] ] } },
{ "type": "Feature", "properties": { "type": "gap" }, "geometry": { "type": "LineString", "coordinates": [ [ 77.632517103731644, 12.867924462995884 ], [ 77.631784974715671, 12.867931817318762 ] ] } },
{ "type": "Feature", "properties": { "type": "gap" }, "geometry": { "type": "LineString", "coordinates": [ [ 77.726574737628951, 12.858724100398193 ], [ 77.726291914030867, 12.858452423278528 ], [ 77.726283017079467, 12.857628661535134 ], [ 77.72600019520506, 12.857356983771034 ], [ 77.725997230064209, 12.85708239643982 ], [ 77.72543158888071, 12.856539039472672 ], [ 77.724871877498046, 12.85654485599601 ], [ 77.724306239681496, 12.856001495850876 ], [ 77.723466673501292, 12.856010216230837 ], [ 77.723189779802027, 12.856287710426992 ], [ 77.722906962371269, 12.856016028328575 ], [ 77.722627106703328, 12.85601893393077 ], [ 77.72234429011435, 12.855747251038046 ], [ 77.721790499601909, 12.856302237269576 ], [ 77.721510643356069, 12.856305141744723 ], [ 77.721507683345422, 12.856030553361716 ], [ 77.721227827334445, 12.856033457474995 ], [ 77.720945011919767, 12.855761772772924 ], [ 77.720942052653228, 12.855487184248958 ], [ 77.720659238217479, 12.855215499044098 ], [ 77.720379382911133, 12.855218402071845 ], [ 77.720102485823872, 12.855495893524372 ], [ 77.719822630076976, 12.855498796020633 ], [ 77.719257003691467, 12.8549554222841 ], [ 77.718977148345829, 12.854958323758984 ], [ 77.718700249633542, 12.855235813985232 ], [ 77.718703206403958, 12.855510403027946 ], [ 77.718423350314382, 12.855513304035338 ], [ 77.718140537992781, 12.855241615574224 ], [ 77.717863637929696, 12.8555191051568 ], [ 77.717024068838967, 12.855527804605675 ], [ 77.716741257692178, 12.85525611433575 ] ] } },
{ "type": "Feature", "properties": { "type": "gap" }, "geometry": { "type": "MultiLineString", "coordinates": [ [ [ 77.617427896120873, 12.860111060823362 ], [ 77.617436397877668, 12.860102547733469 ] ], [ [ 77.617986512304014, 12.859551698408458 ], [ 77.618203266313628, 12.859334653982252 ] ], [ [ 77.621669633841833, 12.857871565966184 ], [ 77.621883218130677, 12.857869430510567 ] ] ] } },
{ "type": "Feature", "properties": { "type": "gap" }, "geometry": { "type": "MultiLineString", "coordinates": [ [ [ 77.535418980164948, 12.860916952231246 ], [ 77.5351363182928, 12.860645029359992 ], [ 77.535134879026828, 12.860501735169297 ] ], [ [ 77.534560574325695, 12.860111611553306 ], [ 77.53429385110833, 12.860378517676258 ], [ 77.533785941148182, 12.85988989797074 ] ], [ [ 77.533414895799467, 12.859837698961934 ], [ 77.532608920673781, 12.859845485167954 ], [ 77.53249667754676, 12.859737503543084 ] ], [ [ 77.528357010622571, 12.853035038388494 ], [ 77.528341617647925, 12.853020228795192 ], [ 77.528338868322308, 12.852745597639474 ], [ 77.528357166361346, 12.852727287571167 ] ], [ [ 77.531969899887329, 12.850499036043741 ], [ 77.532232624824559, 12.850236129137262 ], [ 77.532385841303565, 12.850234650414242 ] ] ] } },
{ "type": "Feature", "properties": { "type": "gap" }, "geometry": { "type": "MultiLineString", "coordinates": [ [ [ 77.527098233092644, 12.858702531767083 ], [ 77.527554160855104, 12.858246314528511 ], [ 77.52727150937622, 12.857974380983402 ], [ 77.527268760118147, 12.857699749703212 ], [ 77.526433484678478, 12.857707798069724 ] ], [ [ 77.525132095091593, 12.857171016034442 ], [ 77.525030786826377, 12.857171991476557 ] ], [ [ 77.524659240133815, 12.855733109343062 ], [ 77.524447773640645, 12.855529654182167 ], [ 77.524445027992329, 12.855255022250264 ], [ 77.524722181557493, 12.854977696276979 ], [ 77.52471943573282, 12.854703064391909 ], [ 77.524882385307379, 12.854701495894318 ] ], [ [ 77.525538934404381, 12.852675344142796 ], [ 77.525537945335458, 12.852576433882804 ] ], [ [ 77.525992723758989, 12.851764692473195 ], [ 77.52713149422091, 12.850625184764004 ] ] ] } },
{ "type": "Feature", "properties": { "type": "gap" }, "geometry": { "type": "LineString", "coordinates": [ [ 77.736661481734345, 12.859717477242487 ], [ 77.736938360613848, 12.859439971084257 ], [ 77.737218216718261, 12.859437049457776 ], [ 77.737495094618197, 12.859159542890781 ], [ 77.738054805875009, 12.859153698277506 ], [ 77.738608558363623, 12.85859868368405 ], [ 77.738605579221073, 12.858324099280026 ], [ 77.739436202697959, 12.857491576249577 ], [ 77.739433222921079, 12.857216992013377 ], [ 77.740272781879668, 12.857208219746816 ], [ 77.740549653806028, 12.856930711077826 ], [ 77.741109358688036, 12.85692486094463 ] ] } },
{ "type": "Feature", "properties": { "type": "gap" }, "geometry": { "type": "LineString", "coordinates": [ [ 77.741109358688036, 12.85692486094463 ], [ 77.741939968590316, 12.856092332487504 ], [ 77.742219819810032, 12.856089406274565 ], [ 77.742496688191125, 12.855811896205523 ], [ 77.742776538969181, 12.855808969461634 ], [ 77.74276759016503, 12.854985218941858 ], [ 77.742484757804192, 12.854713561908012 ], [ 77.742478793025413, 12.854164394720765 ], [ 77.74191313161414, 12.853621079069278 ], [ 77.741907168601784, 12.853071911572449 ], [ 77.741624339551237, 12.852800252954887 ], [ 77.741615396668266, 12.851976501448634 ], [ 77.741892262280118, 12.851698992718147 ], [ 77.741883319316287, 12.850875241328609 ], [ 77.741603473791614, 12.850878166017186 ], [ 77.741597512767825, 12.850328998262983 ], [ 77.741314687675683, 12.850057338573553 ], [ 77.740475153209573, 12.850066109379682 ] ] } },
{ "type": "Feature", "properties": { "type": "gap" }, "geometry": { "type": "LineString", "coordinates": [ [ 77.513594528576888, 12.861951079687675 ], [ 77.513586322976067, 12.861127177367214 ], [ 77.513303679834721, 12.860855226608027 ], [ 77.513287272546819, 12.859207421403671 ], [ 77.512439353376067, 12.858391565410569 ], [ 77.511599636423853, 12.858399609422515 ], [ 77.51159690411005, 12.858124974825733 ], [ 77.511316998636389, 12.858127655507829 ], [ 77.511034361456353, 12.857855701170511 ], [ 77.511028898360138, 12.857306431708825 ], [ 77.510748993671001, 12.857309111617452 ], [ 77.510466358072804, 12.857037156369492 ], [ 77.51045816591521, 12.856213251755932 ], [ 77.510175532025272, 12.855941295889119 ], [ 77.50989562866468, 12.855943974608127 ], [ 77.509612995622476, 12.855672017961703 ], [ 77.509333092439007, 12.855674696025655 ], [ 77.509050460244509, 12.855402738599668 ], [ 77.508490654168639, 12.855408093119538 ], [ 77.507642762671367, 12.854592216164713 ], [ 77.507365587196063, 12.854869527471944 ], [ 77.506800328981427, 12.854325606806883 ], [ 77.506523152646054, 12.854602917344669 ], [ 77.50624324998175, 12.854605591894783 ], [ 77.505966072672294, 12.854882902007457 ], [ 77.505686169578013, 12.854885576020692 ], [ 77.505688894755565, 12.85516021193391 ], [ 77.505411716231535, 12.855437521674123 ], [ 77.5051290877702, 12.855165559184526 ], [ 77.504849184182774, 12.855168232362887 ], [ 77.504572004558327, 12.855445541386201 ], [ 77.504574728647597, 12.855720177522812 ], [ 77.504014919942435, 12.855725522625642 ], [ 77.503732292316911, 12.85545355841654 ], [ 77.502892579507431, 12.85546157276513 ], [ 77.502044702439662, 12.854645674392438 ], [ 77.501767519628771, 12.854922980920398 ], [ 77.501487615587749, 12.854925650464251 ], [ 77.501484895027957, 12.854651013660263 ], [ 77.500919647648146, 12.854107077873751 ], [ 77.500916927884788, 12.853832440933038 ], [ 77.500637024869135, 12.853835109347411 ], [ 77.500354402697354, 12.853563140399045 ], [ 77.500348964700265, 12.853013866250532 ], [ 77.500066343868966, 12.852741896749782 ], [ 77.500063625331578, 12.852467259600893 ], [ 77.499215767580495, 12.851651348371371 ], [ 77.498376064496469, 12.851659345945373 ], [ 77.498093447182129, 12.851387373621499 ], [ 77.497816262125568, 12.851664676171946 ], [ 77.497256459502808, 12.851670005206971 ], [ 77.496979273106064, 12.851947307092743 ], [ 77.495859665639173, 12.851957960631783 ], [ 77.495577050123941, 12.851685985162753 ], [ 77.495297148340583, 12.851688647446109 ], [ 77.495014533673157, 12.851416671198688 ], [ 77.493894926873509, 12.851427315926648 ], [ 77.493612313775955, 12.851155337831017 ], [ 77.493052510480339, 12.85116065769448 ], [ 77.492775319068031, 12.851437955888464 ], [ 77.492495416959571, 12.851440615134203 ] ] } },
{ "type": "Feature", "properties": { "type": "gap" }, "geometry": { "type": "LineString", "coordinates": [ [ 77.688530997815079, 12.860764716650447 ], [ 77.689650472786369, 12.860753233730058 ], [ 77.689933268161298, 12.861024957735271 ], [ 77.690493005711829, 12.861019213764955 ], [ 77.690490078303029, 12.860744618411523 ], [ 77.690767019028343, 12.860467150746357 ], [ 77.690764091451584, 12.860192555443501 ], [ 77.692425721638187, 12.858527746065771 ], [ 77.692422792714851, 12.858253151098452 ], [ 77.692139998932248, 12.857981429647017 ], [ 77.692134142031946, 12.857432239553624 ], [ 77.69241400635201, 12.85742936615814 ], [ 77.692690941648777, 12.857151897535326 ], [ 77.692688012761224, 12.856877302599454 ], [ 77.693247739847919, 12.85687155457291 ], [ 77.693524673559253, 12.856594085360873 ], [ 77.693518814302493, 12.856044895837654 ], [ 77.693795746935606, 12.855767426562323 ] ] } },
{ "type": "Feature", "properties": { "type": "gap" }, "geometry": { "type": "LineString", "coordinates": [ [ 77.701985206208178, 12.862548756116988 ], [ 77.702265073916962, 12.862545871088193 ], [ 77.702547882498479, 12.862817578339721 ], [ 77.70310173515459, 12.862262621756654 ], [ 77.703661469351744, 12.86225684914476 ], [ 77.703944278739058, 12.862528554658294 ], [ 77.703947221198163, 12.862803146918303 ], [ 77.704230031564578, 12.863074851930064 ], [ 77.704789767038378, 12.863069076552458 ], [ 77.70479271054478, 12.863343668608623 ], [ 77.705923961455127, 12.864430481164348 ], [ 77.707323305174071, 12.864416029953183 ], [ 77.707888936628166, 12.864959430022617 ], [ 77.708165858078232, 12.864681946909881 ], [ 77.709285332220631, 12.864670376745876 ], [ 77.709850967714615, 12.865213771609913 ], [ 77.710130836550306, 12.865210877600273 ], [ 77.710407755259851, 12.864933392556422 ], [ 77.710401855349176, 12.864384211064831 ], [ 77.711509522230727, 12.86327426958146 ], [ 77.711792339696871, 12.863545964686125 ], [ 77.712072206232094, 12.863543068973545 ], [ 77.712069254762213, 12.86326847858199 ], [ 77.712346169220268, 12.862990992301215 ], [ 77.712626035011453, 12.862988096120436 ], [ 77.712902948490182, 12.86271060942895 ], [ 77.712620131198946, 12.862438915560778 ], [ 77.712617179395252, 12.862164325271346 ], [ 77.712894092168213, 12.861886838752284 ], [ 77.713173956608102, 12.861883942231131 ], [ 77.713450868401807, 12.861606455301454 ], [ 77.713442011078783, 12.860782684931277 ], [ 77.71399583143338, 12.860227710887315 ] ] } },
{ "type": "Feature", "properties": { "type": "gap" }, "geometry": { "type": "LineString", "coordinates": [ [ 77.462119637928396, 12.865460935381314 ], [ 77.461565148583006, 12.866015483673689 ], [ 77.461567828200856, 12.866290128583811 ], [ 77.461013335939882, 12.866844676225185 ] ] } },
{ "type": "Feature", "properties": { "type": "gap" }, "geometry": { "type": "LineString", "coordinates": [ [ 77.461013335939882, 12.866844676225185 ], [ 77.460730731175332, 12.866572659626311 ], [ 77.460450805482765, 12.866575287742648 ], [ 77.460173557950199, 12.866852560748065 ], [ 77.459613705646916, 12.866857815605233 ], [ 77.458781957205204, 12.867689632047155 ], [ 77.458784634155293, 12.867964277499011 ], [ 77.45766492319656, 12.867974780980939 ], [ 77.457387670793906, 12.868252051840697 ], [ 77.457390346347836, 12.868526697569463 ], [ 77.457113093095046, 12.868803968291965 ], [ 77.457121119402373, 12.8696279055953 ], [ 77.456843864815184, 12.869905176283678 ], [ 77.456857242022537, 12.871278405254678 ], [ 77.455748212748873, 12.872387487150236 ], [ 77.454908412982661, 12.872395358140817 ], [ 77.453777989594784, 12.871307263008758 ], [ 77.453218124712365, 12.871312505994004 ], [ 77.452663601775626, 12.871867041064657 ], [ 77.452103735181907, 12.871872281893792 ], [ 77.450440147381542, 12.873535879677172 ], [ 77.450160211796174, 12.873538498199952 ] ] } },
{ "type": "Feature", "properties": { "type": "gap" }, "geometry": { "type": "LineString", "coordinates": [ [ 77.743416823942582, 12.863216863672122 ], [ 77.743413838465003, 12.862942280474385 ], [ 77.742848151799663, 12.862398971541019 ], [ 77.74284218254293, 12.861849804842253 ], [ 77.743119055100863, 12.861572293085279 ], [ 77.743110101030936, 12.860748543163501 ], [ 77.742827260610895, 12.860476887983012 ], [ 77.741987692591124, 12.860485670614626 ], [ 77.74142201497898, 12.859942356778717 ], [ 77.741416050001945, 12.859393189318761 ], [ 77.741133212851736, 12.859121531608807 ], [ 77.741109358688036, 12.85692486094463 ] ] } },
{ "type": "Feature", "properties": { "type": "gap" }, "geometry": { "type": "LineString", "coordinates": [ [ 77.677094189040048, 12.864451920273073 ], [ 77.676817226815913, 12.864729377229398 ], [ 77.675977598602614, 12.864737951398471 ], [ 77.675700634657431, 12.86501540747139 ], [ 77.675715196973343, 12.866388400438746 ], [ 77.675438231239113, 12.866665856616345 ], [ 77.675441143668323, 12.866940455247272 ], [ 77.675164177090181, 12.867217911303023 ], [ 77.675170001678197, 12.86776710865894 ], [ 77.6757297609755, 12.867761393246404 ], [ 77.679688916231797, 12.871565718623131 ], [ 77.679965880649931, 12.871288257899343 ], [ 77.680248681876918, 12.871559991904117 ], [ 77.680254519563832, 12.872109186785476 ] ] } },
{ "type": "Feature", "properties": { "type": "gap" }, "geometry": { "type": "MultiLineString", "coordinates": [ [ [ 77.641552321326927, 12.865087182746418 ], [ 77.64135064043225, 12.865289167731229 ] ], [ [ 77.640264560893542, 12.8658219080069 ], [ 77.640161519665227, 12.865925103428507 ], [ 77.63988163397164, 12.865927922923953 ], [ 77.639327608395419, 12.866482774472521 ], [ 77.639328270380204, 12.866546046468265 ] ], [ [ 77.639619546140892, 12.867631635507603 ], [ 77.63962186253967, 12.867852988656587 ], [ 77.639344848024024, 12.868130414675521 ] ] ] } },
{ "type": "Feature", "properties": { "type": "gap" }, "geometry": { "type": "LineString", "coordinates": [ [ 77.639344848024024, 12.868130414675521 ], [ 77.639064959700221, 12.868133233773891 ], [ 77.638782198479788, 12.867861445765238 ], [ 77.638502310326786, 12.867864264205162 ], [ 77.638505182852995, 12.868138871076173 ], [ 77.638445183537613, 12.868198959021859 ] ] } },
{ "type": "Feature", "properties": { "type": "gap" }, "geometry": { "type": "MultiLineString", "coordinates": [ [ [ 77.660595891132687, 12.865993077105426 ], [ 77.660731113101619, 12.865857631227232 ] ], [ [ 77.661480697643697, 12.865709461485135 ], [ 77.661992398149152, 12.865704264369187 ], [ 77.66226938074773, 12.865426819708265 ], [ 77.662267909413487, 12.865287391289403 ] ], [ [ 77.663614136312617, 12.863216109285784 ], [ 77.663645588035436, 12.86321578967461 ], [ 77.664211141399576, 12.863759303291662 ], [ 77.664488119374937, 12.863481857142462 ], [ 77.665327751312873, 12.863473320573931 ], [ 77.66561052948137, 12.86374507536366 ], [ 77.665613430538755, 12.86401967626589 ], [ 77.665896209685599, 12.864291430556522 ], [ 77.666455965528485, 12.864285736451983 ], [ 77.666738745755822, 12.864557489590988 ], [ 77.66701862381295, 12.864554641730832 ] ] ] } },
{ "type": "Feature", "properties": { "type": "gap" }, "geometry": { "type": "LineString", "coordinates": [ [ 77.480898721755352, 12.867755855742837 ], [ 77.480621499753084, 12.868033146534627 ], [ 77.480624200540575, 12.868307787436532 ], [ 77.480064353682465, 12.868313086542527 ], [ 77.478955455694816, 12.869422246121328 ], [ 77.478963553710301, 12.870246169764998 ], [ 77.47840909961873, 12.87080074873988 ], [ 77.478414497641964, 12.871350031345832 ], [ 77.477860040151384, 12.871904609777355 ], [ 77.477580112175758, 12.871907257255161 ], [ 77.477582810493786, 12.872181898711183 ], [ 77.477028349353915, 12.872736476014884 ] ] } },
{ "type": "Feature", "properties": { "type": "gap" }, "geometry": { "type": "LineString", "coordinates": [ [ 77.477028349353915, 12.872736476014884 ], [ 77.476473885781033, 12.873291052566497 ] ] } },
{ "type": "Feature", "properties": { "type": "gap" }, "geometry": { "type": "LineString", "coordinates": [ [ 77.476473885781033, 12.873291052566497 ], [ 77.476196653082184, 12.873568340560222 ], [ 77.476199350254305, 12.873842982270153 ], [ 77.475919419775039, 12.873845628365869 ], [ 77.475924813698285, 12.874394911883476 ], [ 77.475647579299348, 12.874672199605055 ], [ 77.47565297298884, 12.875221483201488 ], [ 77.473712311776325, 12.877162492711552 ], [ 77.473717702330077, 12.877711777010639 ], [ 77.473440462096434, 12.877989063434455 ], [ 77.47344231612017, 12.878177995047873 ] ] } },
{ "type": "Feature", "properties": { "type": "gap" }, "geometry": { "type": "LineString", "coordinates": [ [ 77.471929426540228, 12.879777673416459 ], [ 77.471502456856328, 12.880204705682795 ], [ 77.471222518319081, 12.8802073480439 ], [ 77.470945272608148, 12.880484632772152 ], [ 77.470665333641946, 12.88048727459427 ], [ 77.470382702333438, 12.880215273335658 ], [ 77.469262946813743, 12.880225836211004 ], [ 77.468985698536486, 12.880503119256355 ] ] } },
{ "type": "Feature", "properties": { "type": "gap" }, "geometry": { "type": "LineString", "coordinates": [ [ 77.468985698536486, 12.880503119256355 ], [ 77.468708449650563, 12.880780402113112 ], [ 77.468148570050687, 12.880785680797404 ], [ 77.468145880143069, 12.880511037556262 ], [ 77.467865940554105, 12.88051367639236 ], [ 77.467588690201836, 12.880790958287255 ], [ 77.46730875018406, 12.880793596584262 ], [ 77.467031498856528, 12.881070878049997 ], [ 77.466191677330229, 12.881078790427827 ] ] } },
{ "type": "Feature", "properties": { "type": "gap" }, "geometry": { "type": "LineString", "coordinates": [ [ 77.466191677330229, 12.881078790427827 ], [ 77.465626421602394, 12.880534776331364 ], [ 77.46561836046979, 12.879710845001242 ], [ 77.465053109375589, 12.879166828834318 ], [ 77.465050423188686, 12.878892184916277 ], [ 77.464770484741393, 12.878894820119346 ], [ 77.464487860715792, 12.878622810983391 ], [ 77.463648045727425, 12.878630713731358 ], [ 77.463365423036848, 12.878358703104654 ], [ 77.463357370699043, 12.877534770230165 ], [ 77.463074749716185, 12.877262758989607 ] ] } },
{ "type": "Feature", "properties": { "type": "gap" }, "geometry": { "type": "LineString", "coordinates": [ [ 77.463074749716185, 12.877262758989607 ], [ 77.463352002784418, 12.876985481615693 ], [ 77.463327850243644, 12.874513682538922 ], [ 77.463605100524589, 12.874236405441819 ], [ 77.463597050069637, 12.873412472458112 ], [ 77.46387429901614, 12.873135195327528 ], [ 77.463858198331536, 12.871487329500589 ], [ 77.463575584923191, 12.871215317557942 ], [ 77.46357290205944, 12.870940673167098 ], [ 77.462159845971343, 12.869580606821732 ], [ 77.462154484091883, 12.869031317378131 ], [ 77.461306659933214, 12.868215272137558 ], [ 77.461303980184923, 12.867940627213494 ], [ 77.461021373714232, 12.867668611227908 ], [ 77.461013335939882, 12.866844676225185 ] ] } },
{ "type": "Feature", "properties": { "type": "gap" }, "geometry": { "type": "LineString", "coordinates": [ [ 77.546538573137482, 12.866155603882797 ], [ 77.547643603973924, 12.865049721182766 ] ] } },
{ "type": "Feature", "properties": { "type": "gap" }, "geometry": { "type": "LineString", "coordinates": [ [ 77.518152559711652, 12.869872460265196 ], [ 77.517869900968222, 12.869600517323333 ], [ 77.516750233222638, 12.869611274450138 ], [ 77.516639950460259, 12.869505171396023 ] ] } },
{ "type": "Feature", "properties": { "type": "gap" }, "geometry": { "type": "LineString", "coordinates": [ [ 77.509802337094911, 12.868638532624951 ], [ 77.509458706391186, 12.868307905318183 ], [ 77.509453242131258, 12.867758635626597 ], [ 77.509170593785669, 12.867486681078574 ], [ 77.506931261024377, 12.867508112799271 ], [ 77.506083325412519, 12.866692238043276 ], [ 77.504683743993851, 12.866705617816315 ], [ 77.504401101209581, 12.866433656932877 ], [ 77.503841268681626, 12.866439006039968 ], [ 77.503558626986845, 12.866167044019596 ], [ 77.502718878443915, 12.866175064371895 ], [ 77.502436238079454, 12.865903100857516 ], [ 77.502433514085283, 12.865628464482521 ], [ 77.502150874695701, 12.865356500480488 ], [ 77.501870959174099, 12.865359172561542 ], [ 77.501588320633161, 12.865087207779991 ], [ 77.501308405289322, 12.86508987920571 ], [ 77.500743130512575, 12.864545947661354 ], [ 77.500740408657194, 12.864271310901303 ], [ 77.500175137045431, 12.863727377537352 ], [ 77.49989522290582, 12.863730047177626 ], [ 77.499892502151198, 12.863455410221993 ], [ 77.499612588252404, 12.863458079505216 ], [ 77.499047320768781, 12.862914142893754 ], [ 77.498487493745586, 12.862919479137611 ], [ 77.498484774699293, 12.862644841868745 ], [ 77.496788991924049, 12.861013017228272 ], [ 77.496783558421896, 12.86046374189006 ], [ 77.496500930819579, 12.860191769509226 ], [ 77.496492782138603, 12.859367856259318 ], [ 77.495644906277207, 12.858551935999115 ], [ 77.495639476337956, 12.858002660077119 ], [ 77.495359567570645, 12.858005323712268 ], [ 77.495076944472615, 12.857733348961386 ], [ 77.494799749847303, 12.858010650088453 ], [ 77.49312029516804, 12.858026622063999 ], [ 77.492837673996846, 12.857754644458867 ] ] } },
{ "type": "Feature", "properties": { "type": "gap" }, "geometry": { "type": "MultiLineString", "coordinates": [ [ [ 77.644103432453093, 12.869180978061211 ], [ 77.643554677541132, 12.869186515364181 ], [ 77.643127787275617, 12.868776207963794 ] ], [ [ 77.642810924632641, 12.868644748658681 ], [ 77.641589704155479, 12.868657063510236 ], [ 77.641306940058556, 12.868385278881647 ], [ 77.640859001890874, 12.868389793914719 ] ], [ [ 77.640631602138939, 12.868279845923929 ], [ 77.640464400653826, 12.86811913530053 ], [ 77.640358058773074, 12.868225635873927 ] ], [ [ 77.6400273185439, 12.868242707144137 ], [ 77.639904624472038, 12.868124775584327 ], [ 77.639344848024024, 12.868130414675521 ] ] ] } },
{ "type": "Feature", "properties": { "type": "gap" }, "geometry": { "type": "LineString", "coordinates": [ [ 77.568383402453961, 12.869934186519727 ], [ 77.567982374491123, 12.869938117428982 ], [ 77.566851569430398, 12.868850598656293 ], [ 77.566291758725185, 12.868856082090177 ], [ 77.565443662747882, 12.868040436391045 ], [ 77.565438076781803, 12.867491190617235 ], [ 77.565715187651307, 12.867213827410254 ], [ 77.565702090081913, 12.865926006330533 ] ] } },
{ "type": "Feature", "properties": { "type": "gap" }, "geometry": { "type": "LineString", "coordinates": [ [ 77.72724426920982, 12.868877995334927 ], [ 77.72696736930871, 12.869155495284812 ], [ 77.725847891774336, 12.869167144908493 ], [ 77.725850859634733, 12.869441732021834 ], [ 77.725570989775548, 12.869444643746704 ], [ 77.725288152594857, 12.869172967931773 ], [ 77.723888803444012, 12.869187520273302 ], [ 77.723323133256514, 12.868644163722488 ], [ 77.723046228375722, 12.868921660339769 ], [ 77.722766358437383, 12.868924568955375 ], [ 77.722489452576582, 12.869202065162419 ], [ 77.722209582197166, 12.869204973245948 ] ] } },
{ "type": "Feature", "properties": { "type": "gap" }, "geometry": { "type": "LineString", "coordinates": [ [ 77.722209582197166, 12.869204973245948 ], [ 77.721643914831532, 12.868661612348655 ], [ 77.721084174807629, 12.868667426172694 ], [ 77.719387190114233, 12.86703732875171 ], [ 77.718547583797644, 12.867046040734058 ], [ 77.718270673997949, 12.867323533027355 ], [ 77.717431065947807, 12.867332241625091 ], [ 77.717425149619686, 12.866783063444133 ], [ 77.717142322982568, 12.866511376421874 ], [ 77.716862454338255, 12.866514278201675 ], [ 77.716296803356883, 12.865970902135942 ], [ 77.716016935114595, 12.865973802893706 ], [ 77.715734110770342, 12.865702113850308 ], [ 77.715728198908693, 12.865152934824827 ], [ 77.715168463904106, 12.865158734466556 ], [ 77.714885641382097, 12.864887044126244 ], [ 77.714605774012412, 12.864889943138161 ], [ 77.714602819467487, 12.864615353353662 ], [ 77.714319998160249, 12.864343662148837 ], [ 77.714040131261086, 12.864346560436926 ] ] } },
{ "type": "Feature", "properties": { "type": "gap" }, "geometry": { "type": "LineString", "coordinates": [ [ 77.615835771154863, 12.870861577679293 ], [ 77.61502848486694, 12.871669905122975 ], [ 77.614748587134159, 12.871672699019863 ], [ 77.61475143468877, 12.871947311066025 ], [ 77.614426054365964, 12.87227310820629 ] ] } },
{ "type": "Feature", "properties": { "type": "gap" }, "geometry": { "type": "MultiLineString", "coordinates": [ [ [ 77.612336391793988, 12.876585116394569 ], [ 77.612003663225565, 12.876918261067553 ], [ 77.612007905533019, 12.877327635608784 ] ], [ [ 77.610687943539759, 12.8787905369527 ], [ 77.610532494116526, 12.878946178065458 ] ] ] } },
{ "type": "Feature", "properties": { "type": "gap" }, "geometry": { "type": "LineString", "coordinates": [ [ 77.531873998386899, 12.87029608234033 ], [ 77.53187117572547, 12.870014910646384 ] ] } },
{ "type": "Feature", "properties": { "type": "gap" }, "geometry": { "type": "MultiLineString", "coordinates": [ [ [ 77.53187117572547, 12.870014910646384 ], [ 77.531863841062034, 12.869284257024074 ] ], [ [ 77.531571104777726, 12.86800934687032 ], [ 77.531550433787288, 12.865949482601302 ] ], [ [ 77.530962819897439, 12.865061386840543 ], [ 77.530133845431564, 12.864263894883694 ], [ 77.529853937164972, 12.864266596605491 ], [ 77.529817020401595, 12.864231081575745 ] ], [ [ 77.528011329719249, 12.862221947820258 ], [ 77.527872568648192, 12.862088452005958 ], [ 77.527592662302226, 12.862091150866199 ], [ 77.527310005678771, 12.861819218242887 ], [ 77.526750193275831, 12.861824614353784 ], [ 77.526748817256774, 12.861687174856609 ] ] ] } },
{ "type": "Feature", "properties": { "type": "gap" }, "geometry": { "type": "LineString", "coordinates": [ [ 77.475897846579386, 12.871648494043452 ], [ 77.476463096750194, 12.872192485871883 ], [ 77.476473885781033, 12.873291052566497 ] ] } },
{ "type": "Feature", "properties": { "type": "gap" }, "geometry": { "type": "LineString", "coordinates": [ [ 77.486135327150478, 12.872375540169987 ], [ 77.485703412412605, 12.872379638769578 ], [ 77.485426192539151, 12.872656934526086 ], [ 77.484586410755711, 12.872664900760309 ], [ 77.484031966983423, 12.873219490271142 ], [ 77.483472110680793, 12.873224798642358 ], [ 77.483194887148741, 12.873502092636391 ], [ 77.482075172325139, 12.873512704838074 ], [ 77.481797946717819, 12.87378999768455 ] ] } },
{ "type": "Feature", "properties": { "type": "gap" }, "geometry": { "type": "LineString", "coordinates": [ [ 77.481797946717819, 12.87378999768455 ], [ 77.480118370404639, 12.873805905594429 ], [ 77.479835739674115, 12.873533914917079 ], [ 77.479555810311268, 12.873536564834042 ], [ 77.479273180430638, 12.873264573378316 ], [ 77.478713322000644, 12.873269871603327 ], [ 77.478148065030709, 12.872725886000158 ], [ 77.477028349353915, 12.872736476014884 ] ] } },
{ "type": "Feature", "properties": { "type": "gap" }, "geometry": { "type": "MultiLineString", "coordinates": [ [ [ 77.579202031469947, 12.872121871077074 ], [ 77.579207496050884, 12.872656111585076 ] ], [ [ 77.579214100211829, 12.873301730106943 ], [ 77.579226524628226, 12.874516237738407 ] ], [ [ 77.580022436492825, 12.876136720244455 ], [ 77.580082914324137, 12.87613612442496 ], [ 77.580088536059748, 12.876685363491138 ], [ 77.580653981252624, 12.877229086103831 ], [ 77.580659604725312, 12.877778324876129 ], [ 77.580382504080802, 12.878055702798346 ], [ 77.58040499866145, 12.88025265806899 ], [ 77.580114800969156, 12.880543143745655 ] ], [ [ 77.579856280109567, 12.881343472686005 ], [ 77.579858603235337, 12.881570368280043 ] ], [ [ 77.574676574047089, 12.889870635755274 ], [ 77.574625009550132, 12.889922247933756 ], [ 77.57378522837287, 12.889930510798688 ], [ 77.572953865322432, 12.890762633345657 ], [ 77.572959478120922, 12.891311874894331 ], [ 77.572682355406897, 12.89158924881737 ] ] ] } },
{ "type": "Feature", "properties": { "type": "gap" }, "geometry": { "type": "MultiLineString", "coordinates": [ [ [ 77.572682355406897, 12.89158924881737 ], [ 77.572965091178972, 12.8918611164176 ], [ 77.572970704496583, 12.892410357915457 ], [ 77.572693580823994, 12.892687732055489 ], [ 77.572695846817581, 12.892909462569204 ] ], [ [ 77.57298654754176, 12.893960401716196 ], [ 77.572990353152377, 12.894332702957872 ], [ 77.573316568762536, 12.894646373418984 ] ], [ [ 77.578097948509395, 12.897068408745268 ], [ 77.581450265325898, 12.900291564828049 ] ] ] } },
{ "type": "Feature", "properties": { "type": "gap" }, "geometry": { "type": "MultiLineString", "coordinates": [ [ [ 77.581450265325898, 12.900291564828049 ], [ 77.581730202269455, 12.900288800462191 ], [ 77.582284438767275, 12.899734033711393 ], [ 77.582844310979596, 12.899728503130174 ], [ 77.583127066466616, 12.900000355772885 ], [ 77.583134526414256, 12.900726927127932 ] ], [ [ 77.584869654452817, 12.901356361506711 ], [ 77.586500413795051, 12.9013402310153 ] ] ] } },
{ "type": "Feature", "properties": { "type": "gap" }, "geometry": { "type": "LineString", "coordinates": [ [ 77.586500413795051, 12.9013402310153 ], [ 77.586783174615746, 12.901612078576314 ] ] } },
{ "type": "Feature", "properties": { "type": "gap" }, "geometry": { "type": "MultiLineString", "coordinates": [ [ [ 77.586783174615746, 12.901612078576314 ], [ 77.587063111844529, 12.90160930822532 ], [ 77.587295214817175, 12.901376974673758 ] ], [ [ 77.588841689404916, 12.901687814486607 ], [ 77.589928449521793, 12.902732604017446 ] ], [ [ 77.590598824636558, 12.902786628258951 ], [ 77.590990711792955, 12.902394341790359 ], [ 77.590987883194131, 12.902119725172055 ], [ 77.591264991214629, 12.901842333650363 ], [ 77.591547756846253, 12.902114174956939 ], [ 77.59182769357426, 12.902111399400864 ], [ 77.592393227144925, 12.902655080011492 ], [ 77.592673164286339, 12.902652303436261 ], [ 77.592955932225394, 12.902924142740225 ], [ 77.593233038372972, 12.902646749388737 ], [ 77.593505870158225, 12.902644042415972 ] ], [ [ 77.59488363165616, 12.903145959572667 ], [ 77.594918325121256, 12.903179311564363 ], [ 77.594960657846954, 12.90313693439218 ] ], [ [ 77.597724158017641, 12.903777398774205 ], [ 77.597726202518999, 12.903975349581025 ] ] ] } },
{ "type": "Feature", "properties": { "type": "gap" }, "geometry": { "type": "LineString", "coordinates": [ [ 77.597726202518999, 12.903975349581025 ], [ 77.598286077296692, 12.903969784156899 ], [ 77.598299623117498, 12.903956223785999 ] ] } },
{ "type": "Feature", "properties": { "type": "gap" }, "geometry": { "type": "LineString", "coordinates": [ [ 77.604904775127721, 12.903629258379434 ], [ 77.605281645343439, 12.903625501968317 ], [ 77.605558735913078, 12.90334809798885 ], [ 77.605838670887493, 12.903345307175824 ], [ 77.60595643163866, 12.903227412729844 ] ] } },
{ "type": "Feature", "properties": { "type": "gap" }, "geometry": { "type": "LineString", "coordinates": [ [ 77.611452331255506, 12.903847564904218 ], [ 77.612574205896721, 12.904925909067066 ] ] } },
{ "type": "Feature", "properties": { "type": "gap" }, "geometry": { "type": "LineString", "coordinates": [ [ 77.514088828225894, 12.872218693834242 ], [ 77.513975698349341, 12.872109850882788 ], [ 77.513972960436718, 12.871835217075089 ], [ 77.513479511691074, 12.871360464375664 ] ] } },
{ "type": "Feature", "properties": { "type": "gap" }, "geometry": { "type": "LineString", "coordinates": [ [ 77.722507238894849, 12.87084959236492 ], [ 77.722224402438414, 12.870577912917927 ], [ 77.722221438252916, 12.870303324996357 ], [ 77.721938602776603, 12.870031645046099 ], [ 77.722215510087793, 12.869754149133977 ], [ 77.722209582197166, 12.869204973245948 ] ] } },
{ "type": "Feature", "properties": { "type": "gap" }, "geometry": { "type": "LineString", "coordinates": [ [ 77.60523769954581, 12.872316742313314 ], [ 77.605243374312963, 12.872865970553647 ], [ 77.604135114369612, 12.873975560961824 ] ] } },
{ "type": "Feature", "properties": { "type": "gap" }, "geometry": { "type": "MultiLineString", "coordinates": [ [ [ 77.593513334157734, 12.875497347389924 ], [ 77.59352419163973, 12.876552645610825 ], [ 77.593463143275329, 12.876613761447507 ] ], [ [ 77.594521572864892, 12.879014565290692 ], [ 77.59522908685814, 12.879007553399454 ], [ 77.595511825375965, 12.879279394906561 ], [ 77.595523139155389, 12.880377859300067 ], [ 77.595805879760164, 12.880649700110142 ], [ 77.595810513609607, 12.881099516191494 ] ] ] } },
{ "type": "Feature", "properties": { "type": "gap" }, "geometry": { "type": "MultiLineString", "coordinates": [ [ [ 77.597001426149333, 12.882285706049645 ], [ 77.598342076059993, 12.882272401917952 ], [ 77.598624821640328, 12.882544238658587 ], [ 77.599464561660412, 12.882535900810241 ], [ 77.60031280420111, 12.883351405230364 ], [ 77.600404188204152, 12.883350497358508 ] ], [ [ 77.601522143896588, 12.883339388232422 ], [ 77.601712373170557, 12.88333749744891 ], [ 77.601989450506238, 12.88306010038581 ], [ 77.602269363733456, 12.883057317696601 ], [ 77.602546440090705, 12.882779920213908 ], [ 77.603386178268877, 12.882771569643301 ], [ 77.603663252907893, 12.882494171266629 ], [ 77.60448544821169, 12.882485991830373 ] ], [ [ 77.608318094267631, 12.881074621605082 ], [ 77.608932268222716, 12.881068501560025 ] ], [ [ 77.610366771253595, 12.881054201590342 ], [ 77.610441050953085, 12.881053460912669 ] ] ] } },
{ "type": "Feature", "properties": { "type": "gap" }, "geometry": { "type": "MultiLineString", "coordinates": [ [ [ 77.52884252912537, 12.87507158717561 ], [ 77.528839327264194, 12.874752381780048 ] ], [ [ 77.528839086270864, 12.874728355916165 ], [ 77.528838120007833, 12.874632023693122 ] ], [ [ 77.531236808501703, 12.870649682473472 ], [ 77.53187117572547, 12.870014910646384 ] ] ] } },
{ "type": "Feature", "properties": { "type": "gap" }, "geometry": { "type": "LineString", "coordinates": [ [ 77.688391604375056, 12.873948180707131 ], [ 77.688400389276566, 12.874771967347328 ], [ 77.688683202422439, 12.875043689603897 ], [ 77.688406246216474, 12.875321158408809 ], [ 77.688412103427467, 12.875870349444694 ], [ 77.694849455566342, 12.875804184229702 ] ] } },
{ "type": "Feature", "properties": { "type": "gap" }, "geometry": { "type": "LineString", "coordinates": [ [ 77.7412913583739, 12.873674464384324 ], [ 77.741571229235689, 12.87367153493348 ], [ 77.741854086379661, 12.873943188519258 ], [ 77.742130970751958, 12.873665675137246 ], [ 77.742410841406411, 12.873662744791844 ], [ 77.742693699254673, 12.873934397289338 ], [ 77.742702661458367, 12.874758146674033 ], [ 77.742985521033603, 12.875029798524709 ], [ 77.7432624048528, 12.87475228397558 ], [ 77.744102019425767, 12.874743487691322 ], [ 77.744384880174806, 12.875015137727907 ], [ 77.745504366242471, 12.875003403722577 ], [ 77.745787228538248, 12.875275051873837 ], [ 77.746067100116861, 12.875272117264092 ], [ 77.746343980066513, 12.874994600087323 ], [ 77.746626843066394, 12.87526624714994 ], [ 77.746906714437287, 12.875263311645531 ], [ 77.748321039728211, 12.876621538633561 ] ] } },
{ "type": "Feature", "properties": { "type": "gap" }, "geometry": { "type": "LineString", "coordinates": [ [ 77.748321039728211, 12.876621538633561 ], [ 77.748886774099944, 12.877164826390128 ], [ 77.749166647044319, 12.877161888046842 ], [ 77.749997277681487, 12.87632932706051 ] ] } },
{ "type": "Feature", "properties": { "type": "gap" }, "geometry": { "type": "LineString", "coordinates": [ [ 77.710505143243395, 12.873994883468747 ], [ 77.71022526475376, 12.873997779818735 ], [ 77.709942434559395, 12.873726085211658 ], [ 77.709382677846392, 12.873731876292892 ], [ 77.709376775994201, 12.873182694700752 ], [ 77.709093947623344, 12.872910998796963 ], [ 77.708814070007847, 12.872913893400655 ], [ 77.708531242480419, 12.872642196702685 ] ] } },
{ "type": "Feature", "properties": { "type": "gap" }, "geometry": { "type": "LineString", "coordinates": [ [ 77.708531242480419, 12.872642196702685 ], [ 77.708528292705068, 12.872367605692816 ], [ 77.707962640217943, 12.871824210860037 ], [ 77.70794789608685, 12.870451255012787 ] ] } },
{ "type": "Feature", "properties": { "type": "gap" }, "geometry": { "type": "LineString", "coordinates": [ [ 77.462797496039428, 12.877540036174729 ], [ 77.463074749716185, 12.877262758989607 ] ] } },
{ "type": "Feature", "properties": { "type": "gap" }, "geometry": { "type": "LineString", "coordinates": [ [ 77.468958793754837, 12.877756688242894 ], [ 77.46896417421307, 12.87830597449598 ], [ 77.469529429886222, 12.87884998106221 ], [ 77.469532120941849, 12.879124624050382 ], [ 77.468977626448222, 12.879679190018461 ], [ 77.468985698536486, 12.880503119256355 ] ] } },
{ "type": "Feature", "properties": { "type": "gap" }, "geometry": { "type": "MultiLineString", "coordinates": [ [ [ 77.504352128007653, 12.877811018573382 ], [ 77.503890548485217, 12.877366909091231 ] ], [ [ 77.501064166741799, 12.876353374857768 ], [ 77.500580301943756, 12.876357995321538 ], [ 77.500014998510892, 12.875814066980892 ], [ 77.500012274982751, 12.875539430302839 ], [ 77.499996340075072, 12.875524097839316 ] ], [ [ 77.499374846798176, 12.875270851245975 ], [ 77.499169770413872, 12.875272808168182 ], [ 77.499015598221987, 12.875124463370598 ] ], [ [ 77.498610517154177, 12.875003481023622 ], [ 77.497487485840395, 12.875014191989047 ], [ 77.4974780083719, 12.875005072625576 ] ], [ [ 77.494951022729353, 12.87699682166563 ], [ 77.494709953407224, 12.877237971550002 ], [ 77.494718107974279, 12.878061884804543 ], [ 77.495000757740584, 12.878333855454162 ], [ 77.495006195167505, 12.878883130795488 ] ] ] } },
{ "type": "Feature", "properties": { "type": "gap" }, "geometry": { "type": "MultiLineString", "coordinates": [ [ [ 77.495006195167505, 12.878883130795488 ], [ 77.494451767446151, 12.879437740461681 ], [ 77.494171834651809, 12.879440407188902 ], [ 77.494174151848938, 12.879674544858945 ] ], [ [ 77.493852692906387, 12.879992774617238 ], [ 77.493316782147971, 12.879997878585678 ] ] ] } },
{ "type": "Feature", "properties": { "type": "gap" }, "geometry": { "type": "MultiLineString", "coordinates": [ [ [ 77.491281823776163, 12.880667181667262 ], [ 77.490551702378795, 12.881397517457875 ], [ 77.49026905243673, 12.881125541807091 ], [ 77.489709181248088, 12.881130866710068 ], [ 77.489706467781943, 12.880856227977626 ], [ 77.489423819298722, 12.88058425112518 ], [ 77.488417453193136, 12.880593818130532 ] ], [ [ 77.482626012577313, 12.875130949230888 ], [ 77.482563423278094, 12.875070717902737 ] ], [ [ 77.481952701955279, 12.873938924568604 ], [ 77.481797946717819, 12.87378999768455 ] ] ] } },
{ "type": "Feature", "properties": { "type": "gap" }, "geometry": { "type": "LineString", "coordinates": [ [ 77.63075996268374, 12.877005140184 ], [ 77.629651822205105, 12.878114820290591 ] ] } },
{ "type": "Feature", "properties": { "type": "gap" }, "geometry": { "type": "LineString", "coordinates": [ [ 77.550696707583583, 12.876893200895767 ], [ 77.550692105544215, 12.876438406700974 ] ] } },
{ "type": "Feature", "properties": { "type": "gap" }, "geometry": { "type": "MultiLineString", "coordinates": [ [ [ 77.550679132718273, 12.875156279859313 ], [ 77.550672509616021, 12.874501653719348 ], [ 77.550806677251614, 12.87436738182995 ] ], [ [ 77.550360238400373, 12.873113488047789 ], [ 77.549813323027848, 12.872587447219525 ], [ 77.549813170591008, 12.872572372562278 ] ], [ [ 77.549507075891384, 12.869985408255523 ], [ 77.549505645514444, 12.869843909231117 ], [ 77.549729872097402, 12.869619507713621 ] ] ] } },
{ "type": "Feature", "properties": { "type": "gap" }, "geometry": { "type": "LineString", "coordinates": [ [ 77.692342228221662, 12.876928472205083 ], [ 77.693741656983718, 12.876914079737135 ], [ 77.694572506832714, 12.87608165837325 ] ] } },
{ "type": "Feature", "properties": { "type": "gap" }, "geometry": { "type": "MultiLineString", "coordinates": [ [ [ 77.658758327611409, 12.87754625615449 ], [ 77.659019096502675, 12.877543608211289 ] ], [ [ 77.660170789983127, 12.878762877778478 ], [ 77.660175189400817, 12.879179653299833 ], [ 77.660457984220216, 12.879451411008668 ], [ 77.66046088332989, 12.879726012738534 ], [ 77.661035406347338, 12.880278108887344 ] ] ] } },
{ "type": "Feature", "properties": { "type": "gap" }, "geometry": { "type": "MultiLineString", "coordinates": [ [ [ 77.662450542891918, 12.88258180887275 ], [ 77.662454976245371, 12.883001310309242 ], [ 77.662737778159084, 12.883273064162164 ], [ 77.662739832324675, 12.883467407486995 ] ], [ [ 77.663595842715921, 12.885001413402911 ], [ 77.663597802340959, 12.885186726827305 ], [ 77.66388060817421, 12.885458478682411 ], [ 77.663886416715101, 12.886007680349943 ], [ 77.664452031693102, 12.886551182492381 ] ] ] } },
{ "type": "Feature", "properties": { "type": "gap" }, "geometry": { "type": "LineString", "coordinates": [ [ 77.664452031693102, 12.886551182492381 ], [ 77.664734840095008, 12.886822932917921 ], [ 77.664740651133528, 12.88737213414505 ], [ 77.66502346088707, 12.887643884001802 ], [ 77.665029272937446, 12.888193085065058 ], [ 77.664198274349786, 12.889025438899198 ], [ 77.664200694839053, 12.889254208083987 ] ] } },
{ "type": "Feature", "properties": { "type": "gap" }, "geometry": { "type": "MultiLineString", "coordinates": [ [ [ 77.663367749587351, 12.893119964680757 ], [ 77.663402131151074, 12.893153001017321 ], [ 77.663411029486241, 12.893993966095998 ] ], [ [ 77.663413886128708, 12.894263929416475 ], [ 77.663416084987261, 12.894471725531716 ] ] ] } },
{ "type": "Feature", "properties": { "type": "gap" }, "geometry": { "type": "MultiLineString", "coordinates": [ [ [ 77.664663658868051, 12.897898646831592 ], [ 77.664854020111079, 12.898081552961992 ], [ 77.664856928352037, 12.898356153316559 ], [ 77.665661555595108, 12.899129262664715 ] ], [ [ 77.665685908381988, 12.899190920405855 ], [ 77.665428396372974, 12.899448847479887 ], [ 77.665711222955565, 12.899720593570351 ], [ 77.665717042139079, 12.900269793819669 ], [ 77.665996960077436, 12.90026693928864 ], [ 77.666165210071298, 12.900428596296047 ] ], [ [ 77.666303870153655, 12.901069593850497 ], [ 77.666285609056047, 12.901087884407966 ], [ 77.666292572108944, 12.90174482339693 ] ] ] } },
{ "type": "Feature", "properties": { "type": "gap" }, "geometry": { "type": "LineString", "coordinates": [ [ 77.667373056793579, 12.903219913628364 ], [ 77.667428579186577, 12.90327325891875 ], [ 77.667446053759264, 12.904920856829763 ] ] } },
{ "type": "Feature", "properties": { "type": "gap" }, "geometry": { "type": "MultiLineString", "coordinates": [ [ [ 77.667446053759264, 12.904920856829763 ], [ 77.667342878461795, 12.905024198471962 ] ], [ [ 77.666997064943217, 12.906573216026784 ], [ 77.667183606143212, 12.906571311980676 ], [ 77.667749282110535, 12.907114795790845 ], [ 77.667749841368021, 12.90716750657751 ] ], [ [ 77.668688215555449, 12.908288683695664 ], [ 77.669271084802006, 12.908848674202117 ] ], [ [ 77.670102321775929, 12.909647276052572 ], [ 77.670297770999724, 12.909835050485565 ], [ 77.67112230426784, 12.909826620966445 ] ], [ [ 77.671623878615577, 12.910293688377116 ], [ 77.671986091623936, 12.91064167241624 ], [ 77.672545947634489, 12.91063594512085 ], [ 77.672728962347549, 12.910811768990049 ] ], [ [ 77.673246812043814, 12.911876593278325 ], [ 77.673120404927616, 12.912003207750308 ], [ 77.673128743677708, 12.912787233339724 ] ], [ [ 77.674314417139328, 12.915052817989924 ], [ 77.674384891270805, 12.915120520544695 ] ], [ [ 77.676891821470107, 12.916358619752373 ], [ 77.677366146747843, 12.916353756584792 ], [ 77.677380875358992, 12.916367905519023 ] ], [ [ 77.677667072601267, 12.918320534143046 ], [ 77.677683681444279, 12.919878634518248 ] ] ] } },
{ "type": "Feature", "properties": { "type": "gap" }, "geometry": { "type": "MultiLineString", "coordinates": [ [ [ 77.678269544779781, 12.922310074257096 ], [ 77.678273286026794, 12.922660872813541 ], [ 77.67846567328985, 12.922845680142309 ] ], [ [ 77.681727586112714, 12.925163668182277 ], [ 77.681941829544058, 12.925369462058041 ], [ 77.681944973729202, 12.925663801291707 ] ] ] } },
{ "type": "Feature", "properties": { "type": "gap" }, "geometry": { "type": "MultiLineString", "coordinates": [ [ [ 77.679037690482687, 12.931331281313234 ], [ 77.6789269353484, 12.931442217843649 ], [ 77.678927522980743, 12.931497264137258 ] ], [ [ 77.678942000699337, 12.932853379929151 ], [ 77.678942905171695, 12.932938095968758 ] ], [ [ 77.678955803148199, 12.934146099852416 ], [ 77.678956252491801, 12.934188182445373 ], [ 77.679522023219846, 12.934731622528775 ] ] ] } },
{ "type": "Feature", "properties": { "type": "gap" }, "geometry": { "type": "LineString", "coordinates": [ [ 77.497528302421372, 12.879133749631984 ], [ 77.497251091928618, 12.879411056768994 ], [ 77.496411295244812, 12.879419065011609 ], [ 77.496128642803072, 12.879147096408946 ], [ 77.495568778515079, 12.87915243302991 ], [ 77.495286127164562, 12.878880463290146 ], [ 77.495006195167505, 12.878883130795488 ] ] } },
{ "type": "Feature", "properties": { "type": "gap" }, "geometry": { "type": "LineString", "coordinates": [ [ 77.708021633809352, 12.877316032647402 ], [ 77.708298565860972, 12.877038546953219 ], [ 77.70829266480149, 12.87648936500455 ], [ 77.708846526137805, 12.875934393314248 ], [ 77.708840624408651, 12.875385211569444 ], [ 77.708557793531227, 12.875113515503211 ], [ 77.708531242480419, 12.872642196702685 ] ] } },
{ "type": "Feature", "properties": { "type": "gap" }, "geometry": { "type": "MultiLineString", "coordinates": [ [ [ 77.63791965883982, 12.883986923525482 ], [ 77.637832184519453, 12.884074523217302 ], [ 77.6378330408686, 12.884156303068037 ] ], [ [ 77.63784524387664, 12.885321607791628 ], [ 77.637846562877129, 12.885447556559956 ] ] ] } },
{ "type": "Feature", "properties": { "type": "gap" }, "geometry": { "type": "MultiLineString", "coordinates": [ [ [ 77.637846562877129, 12.885447556559956 ], [ 77.63756953056415, 12.885724984494324 ], [ 77.636814650685636, 12.885732591680638 ] ], [ [ 77.636675080074198, 12.88578824979473 ], [ 77.636175736936252, 12.886288300465486 ], [ 77.635954452866542, 12.886075620794141 ] ], [ [ 77.63560285665919, 12.88504565984033 ], [ 77.635601551303196, 12.884920903671356 ], [ 77.635318770567139, 12.884649115154131 ], [ 77.635183615824104, 12.884784460604672 ] ], [ [ 77.632055808546752, 12.885696775051887 ], [ 77.631694312588351, 12.886058770515708 ] ] ] } },
{ "type": "Feature", "properties": { "type": "gap" }, "geometry": { "type": "MultiLineString", "coordinates": [ [ [ 77.625048125330792, 12.879398651055936 ], [ 77.625470456524937, 12.879804609536563 ], [ 77.62562186372611, 12.879803091151519 ] ], [ [ 77.627690286769621, 12.879507701469745 ], [ 77.628546536299112, 12.879499106345142 ], [ 77.629043591891318, 12.879976878808803 ] ] ] } },
{ "type": "Feature", "properties": { "type": "gap" }, "geometry": { "type": "LineString", "coordinates": [ [ 77.55871498891608, 12.879641585902062 ], [ 77.558563070841331, 12.879643070516002 ], [ 77.558269067769928, 12.879937315673578 ] ] } },
{ "type": "Feature", "properties": { "type": "gap" }, "geometry": { "type": "MultiLineString", "coordinates": [ [ [ 77.540653666827183, 12.880367951447246 ], [ 77.540656723264206, 12.88067110349685 ] ], [ [ 77.540127098767471, 12.881448493191415 ], [ 77.54010488063129, 12.881470726355577 ], [ 77.539824955445098, 12.881473442281484 ], [ 77.539687418507938, 12.881611071831431 ] ], [ [ 77.537054473553667, 12.884357996400141 ], [ 77.537056120213038, 12.884521500497277 ], [ 77.53636810390779, 12.885209957946019 ] ], [ [ 77.534051826156684, 12.891998214801628 ], [ 77.53405426934772, 12.892240948077415 ], [ 77.533769545396154, 12.892525842928968 ] ], [ [ 77.532216900231617, 12.89352461788909 ], [ 77.532108510185481, 12.893633071184187 ], [ 77.531828569748683, 12.89363578107567 ], [ 77.531551391119592, 12.89391312028588 ], [ 77.531554153055012, 12.894187749897135 ], [ 77.531276973575899, 12.894465088974696 ], [ 77.531277939945554, 12.894561185635418 ] ] ] } },
{ "type": "Feature", "properties": { "type": "gap" }, "geometry": { "type": "MultiLineString", "coordinates": [ [ [ 77.513120226533701, 12.898604836841209 ], [ 77.513121908040432, 12.898773200553581 ] ], [ [ 77.512921606806998, 12.90145671797058 ], [ 77.51286925548753, 12.901509090904527 ], [ 77.51258930212849, 12.90151178183109 ], [ 77.512481305823172, 12.901619822398491 ] ], [ [ 77.510429567391967, 12.907555647640264 ], [ 77.510409978447811, 12.907575243988402 ], [ 77.51041546228349, 12.908124511610232 ], [ 77.51055438461421, 12.908258146674736 ] ] ] } },
{ "type": "Feature", "properties": { "type": "gap" }, "geometry": { "type": "MultiLineString", "coordinates": [ [ [ 77.508788223321972, 12.910062763782573 ], [ 77.508474912696528, 12.910065772278722 ], [ 77.508197688886639, 12.910343094481821 ], [ 77.508201459340128, 12.910721000032011 ] ], [ [ 77.504973175546155, 12.916897172886712 ], [ 77.504245475501548, 12.917625096834831 ] ], [ [ 77.501480944316526, 12.920295316450142 ], [ 77.501016996351993, 12.920299761557313 ], [ 77.500376683017521, 12.920940246788154 ] ] ] } },
{ "type": "Feature", "properties": { "type": "gap" }, "geometry": { "type": "LineString", "coordinates": [ [ 77.491408872567078, 12.915173023952935 ], [ 77.491446004213145, 12.915172669722448 ], [ 77.491443281432851, 12.914898032066732 ], [ 77.491324948598745, 12.914784190078409 ] ] } },
{ "type": "Feature", "properties": { "type": "gap" }, "geometry": { "type": "MultiLineString", "coordinates": [ [ [ 77.488183210567414, 12.912457133487042 ], [ 77.488059133728868, 12.912458315357894 ], [ 77.487493756234343, 12.911914371160211 ], [ 77.48749311557178, 12.911849630546342 ] ], [ [ 77.487482378413176, 12.910764560312922 ], [ 77.487477450649664, 12.910266539749546 ], [ 77.487754701456097, 12.909989235391752 ], [ 77.487751983836006, 12.909714596853458 ] ] ] } },
{ "type": "Feature", "properties": { "type": "gap" }, "geometry": { "type": "MultiLineString", "coordinates": [ [ [ 77.487751983836006, 12.909714596853458 ], [ 77.487608530693535, 12.909576579935051 ] ], [ [ 77.485493892619317, 12.909186758982266 ], [ 77.485226841103994, 12.909189299306837 ], [ 77.485101724270621, 12.909068921124115 ] ], [ [ 77.484572376734619, 12.90342755714369 ], [ 77.484521284888586, 12.903428042793236 ] ] ] } },
{ "type": "Feature", "properties": { "type": "gap" }, "geometry": { "type": "LineString", "coordinates": [ [ 77.479948941136769, 12.905471295057721 ], [ 77.479586850316849, 12.905122895929658 ], [ 77.479572198251134, 12.903636640964768 ] ] } },
{ "type": "Feature", "properties": { "type": "gap" }, "geometry": { "type": "MultiLineString", "coordinates": [ [ [ 77.477942459900504, 12.897283787569656 ], [ 77.477897917368765, 12.897240926798798 ] ], [ [ 77.477655059454833, 12.897175889311766 ], [ 77.47760068115862, 12.897176404526686 ] ], [ [ 77.478107564964532, 12.893875603826942 ], [ 77.478188971548093, 12.893874832550251 ] ], [ [ 77.480577080231981, 12.891929208574373 ], [ 77.4808539961207, 12.891652241060319 ], [ 77.480852531429363, 12.891503591542449 ] ] ] } },
{ "type": "Feature", "properties": { "type": "gap" }, "geometry": { "type": "MultiLineString", "coordinates": [ [ [ 77.481653526316293, 12.887553239940155 ], [ 77.481653244825083, 12.887524671738957 ], [ 77.481373300317145, 12.887527326427412 ], [ 77.481090650275547, 12.887255340414923 ], [ 77.480810705946951, 12.887257994447417 ], [ 77.48052805675627, 12.886986007655794 ], [ 77.480525441989329, 12.886720502831833 ] ], [ [ 77.474583722482762, 12.879089305706628 ], [ 77.474570989895369, 12.87907705230635 ], [ 77.474060129874033, 12.879081879728975 ] ] ] } },
{ "type": "Feature", "properties": { "type": "gap" }, "geometry": { "type": "LineString", "coordinates": [ [ 77.679487840263278, 12.878982715387568 ], [ 77.679764811436669, 12.878705253367738 ], [ 77.680604483514429, 12.878696657918892 ], [ 77.680881452964684, 12.878419195014784 ], [ 77.681161343150436, 12.878416329033211 ], [ 77.681438311620866, 12.878138865715398 ], [ 77.681718201367346, 12.878135999200257 ], [ 77.682549102014818, 12.877303607470635 ], [ 77.682828990578642, 12.877300739951622 ], [ 77.683382920559779, 12.876745810769652 ], [ 77.683662808312576, 12.876742942482041 ], [ 77.684493697608801, 12.87591054666637 ], [ 77.684773584178856, 12.87590767737516 ], [ 77.685050545689847, 12.875630211511663 ], [ 77.685330431820518, 12.875627341687098 ] ] } },
{ "type": "Feature", "properties": { "type": "gap" }, "geometry": { "type": "LineString", "coordinates": [ [ 77.494660446922083, 12.88127066482463 ], [ 77.493620121299855, 12.880269653555754 ], [ 77.493169534546183, 12.880273944664145 ] ] } },
{ "type": "Feature", "properties": { "type": "gap" }, "geometry": { "type": "MultiLineString", "coordinates": [ [ [ 77.646939494770379, 12.881510871229549 ], [ 77.646822465992514, 12.881512054547548 ] ], [ [ 77.646484377776474, 12.881619343756034 ], [ 77.646486171239303, 12.881790088617976 ], [ 77.646209153512558, 12.882067523151717 ], [ 77.646063285972289, 12.881927335238998 ] ], [ [ 77.645373768086699, 12.88248758573495 ], [ 77.645375213261744, 12.882625220638095 ], [ 77.644932060177226, 12.883069035360336 ] ], [ [ 77.643714899185099, 12.884288003203849 ], [ 77.643701466957936, 12.884301455285838 ] ], [ [ 77.641658227235126, 12.884761479265507 ], [ 77.641476720177096, 12.884587035931384 ], [ 77.641199693398349, 12.884864466771534 ], [ 77.640567087641159, 12.884870850297943 ] ] ] } },
{ "type": "Feature", "properties": { "type": "gap" }, "geometry": { "type": "LineString", "coordinates": [ [ 77.638056429411861, 12.885237389795199 ], [ 77.637846562877129, 12.885447556559956 ] ] } },
{ "type": "Feature", "properties": { "type": "gap" }, "geometry": { "type": "LineString", "coordinates": [ [ 77.729893921355028, 12.88093355176944 ], [ 77.729617014461482, 12.881211056369784 ], [ 77.729625939180409, 12.882034814338382 ], [ 77.729349030972799, 12.882312318936048 ], [ 77.72906914765241, 12.882315237258622 ], [ 77.728792238463612, 12.882592741445864 ], [ 77.728795212732791, 12.88286732760252 ], [ 77.728518302700365, 12.883144831671284 ], [ 77.728801161477548, 12.883416499896569 ], [ 77.728247339862975, 12.883971508089086 ], [ 77.728250313867804, 12.88424609434214 ], [ 77.727973401912621, 12.884523598231672 ], [ 77.727976375750856, 12.88479818453613 ], [ 77.727699462951875, 12.885075688307079 ], [ 77.727702436623474, 12.88535027466293 ], [ 77.727425522980667, 12.885627778315262 ], [ 77.727431470059301, 12.886176951123321 ], [ 77.727154555337137, 12.886454454714809 ] ] } },
{ "type": "Feature", "properties": { "type": "gap" }, "geometry": { "type": "LineString", "coordinates": [ [ 77.727154555337137, 12.886454454714809 ], [ 77.726877640006521, 12.886731958129809 ], [ 77.726880613178039, 12.887006544639807 ], [ 77.726603697003441, 12.887284047936094 ], [ 77.723804799074443, 12.887313199444192 ], [ 77.723527878561583, 12.887590700220363 ], [ 77.722968097405527, 12.887596526470826 ], [ 77.722137329978011, 12.888429026332592 ], [ 77.721857438178219, 12.888431938306701 ], [ 77.721860406285018, 12.888706525932998 ], [ 77.721029631554444, 12.889539023673404 ] ] } },
{ "type": "Feature", "properties": { "type": "gap" }, "geometry": { "type": "LineString", "coordinates": [ [ 77.721029631554444, 12.889539023673404 ], [ 77.72103853416543, 12.890362787032778 ], [ 77.72132139627989, 12.890634463215306 ], [ 77.721044469582495, 12.890911962573593 ], [ 77.721053373222702, 12.891735725836657 ], [ 77.721336237202081, 12.892007401666657 ], [ 77.721339205592386, 12.892281989337663 ], [ 77.721062277480442, 12.892559489041922 ], [ 77.721074150784759, 12.893657839892368 ], [ 77.721357017375311, 12.89392951522883 ] ] } },
{ "type": "Feature", "properties": { "type": "gap" }, "geometry": { "type": "LineString", "coordinates": [ [ 77.721357017375311, 12.89392951522883 ], [ 77.721639884574728, 12.894201190132 ], [ 77.72165176196151, 12.8952995403156 ], [ 77.722217501171826, 12.895842888257787 ], [ 77.722232353180942, 12.897215825137494 ], [ 77.721124624576703, 12.89832582986026 ], [ 77.72084472154333, 12.898328742946932 ], [ 77.720850660331223, 12.898877918243372 ], [ 77.721133533775145, 12.899149592603045 ], [ 77.721145413667159, 12.900247942836813 ], [ 77.72142828921308, 12.900519616481025 ] ] } },
{ "type": "Feature", "properties": { "type": "gap" }, "geometry": { "type": "LineString", "coordinates": [ [ 77.72142828921308, 12.900519616481025 ], [ 77.721151354024911, 12.900797117915141 ], [ 77.721154324306738, 12.901071705444668 ], [ 77.722002956131433, 12.901886724442228 ], [ 77.722005927601685, 12.902161311753762 ], [ 77.721728991744143, 12.902438814003444 ], [ 77.721734934418592, 12.902987988722584 ], [ 77.721181059931467, 12.903542992921212 ], [ 77.721463939956678, 12.903814665719247 ], [ 77.72174384894511, 12.903811750753091 ], [ 77.722309611295742, 12.90435509432244 ], [ 77.722032673923337, 12.90463259726836 ], [ 77.72203564608013, 12.904907184515618 ], [ 77.721481769034924, 12.905462189991288 ], [ 77.721484740788199, 12.905736777347464 ], [ 77.720365095616188, 12.905748436017038 ], [ 77.719534270288719, 12.906580940255424 ], [ 77.718414619538834, 12.906592591322093 ], [ 77.717583784245619, 12.907425091144749 ] ] } },
{ "type": "Feature", "properties": { "type": "gap" }, "geometry": { "type": "MultiLineString", "coordinates": [ [ [ 77.717583784245619, 12.907425091144749 ], [ 77.717306837928774, 12.907702590730777 ], [ 77.717309805659326, 12.907977178996202 ], [ 77.717875571653636, 12.908520532068371 ], [ 77.717598624765117, 12.90879803211973 ], [ 77.717601593074647, 12.909072620295447 ], [ 77.71788447749671, 12.909344296403496 ], [ 77.718399505011732, 12.909338937614924 ] ], [ [ 77.718924001188128, 12.915233852155179 ], [ 77.71963528518539, 12.915916921133181 ], [ 77.719564981493349, 12.915987365021563 ] ] ] } },
{ "type": "Feature", "properties": { "type": "gap" }, "geometry": { "type": "LineString", "coordinates": [ [ 77.723560349031501, 12.92022962551397 ], [ 77.723763519885438, 12.92042472509571 ] ] } },
{ "type": "Feature", "properties": { "type": "gap" }, "geometry": { "type": "LineString", "coordinates": [ [ 77.731441683720277, 12.927402653389217 ], [ 77.731240472682487, 12.927604278523239 ], [ 77.73124346037693, 12.92787886317495 ], [ 77.731486048121695, 12.927876323396982 ] ] } },
{ "type": "Feature", "properties": { "type": "gap" }, "geometry": { "type": "MultiLineString", "coordinates": [ [ [ 77.734106325584861, 12.936113334104885 ], [ 77.733855597212241, 12.936364578332137 ], [ 77.733863194001955, 12.937061592459354 ] ], [ [ 77.733336531187149, 12.940115911646471 ], [ 77.733355566204466, 12.941862127070481 ], [ 77.734487339108099, 12.942948714986427 ] ] ] } },
{ "type": "Feature", "properties": { "type": "gap" }, "geometry": { "type": "MultiLineString", "coordinates": [ [ [ 77.734487339108099, 12.942948714986427 ], [ 77.73477028386236, 12.943220360877664 ], [ 77.735050233631185, 12.943217422886455 ], [ 77.735899072272204, 12.944032356856365 ], [ 77.73592117022794, 12.944032124846281 ] ], [ [ 77.736952836041411, 12.944295905611652 ], [ 77.737861722551202, 12.944286357654571 ], [ 77.738144672018905, 12.944557998819437 ], [ 77.738984523217326, 12.944549172183871 ], [ 77.739267474006255, 12.944820811820222 ], [ 77.739827374932773, 12.944814925168252 ], [ 77.740110326806303, 12.945086563640361 ], [ 77.740390277402426, 12.945083619500105 ], [ 77.740673230123988, 12.945355257172327 ], [ 77.741233131581865, 12.945349367263205 ], [ 77.741799039805628, 12.945892639843336 ] ] ] } },
{ "type": "Feature", "properties": { "type": "gap" }, "geometry": { "type": "MultiLineString", "coordinates": [ [ [ 77.516607400943059, 12.883345621498934 ], [ 77.516339811453221, 12.883613341241617 ] ], [ [ 77.515517851242478, 12.884435696916837 ], [ 77.514667062656045, 12.88528688747013 ], [ 77.514671026465862, 12.885683946771106 ] ] ] } },
{ "type": "Feature", "properties": { "type": "gap" }, "geometry": { "type": "LineString", "coordinates": [ [ 77.665275273824051, 12.885449080092366 ], [ 77.664449126646133, 12.886276581800082 ], [ 77.664452031693102, 12.886551182492381 ] ] } },
{ "type": "Feature", "properties": { "type": "gap" }, "geometry": { "type": "LineString", "coordinates": [ [ 77.743343109106732, 12.882166022347608 ], [ 77.743337129284768, 12.881616856702939 ], [ 77.743614018367111, 12.881339340523962 ], [ 77.743608038351994, 12.880790174969935 ], [ 77.744438700540712, 12.87995762572873 ], [ 77.744718577633193, 12.879954691511406 ], [ 77.744995463439963, 12.879677174512935 ], [ 77.745275340090018, 12.879674239763588 ], [ 77.745829109132799, 12.879119204772882 ], [ 77.745826117211806, 12.878844622464724 ], [ 77.747210528004203, 12.877457032209646 ], [ 77.747204542022345, 12.876907868156524 ], [ 77.747481421887443, 12.87663034969601 ], [ 77.748321039728211, 12.876621538633561 ] ] } },
{ "type": "Feature", "properties": { "type": "gap" }, "geometry": { "type": "LineString", "coordinates": [ [ 77.467922435293218, 12.886281184353995 ], [ 77.468476944342171, 12.885726617821119 ], [ 77.468474253009646, 12.885451974751543 ], [ 77.468191617037959, 12.885179971798767 ], [ 77.468186235293089, 12.884630685511812 ], [ 77.467903600663689, 12.88435868200887 ], [ 77.467890149224147, 12.882985465859019 ], [ 77.467607517036868, 12.882713461612664 ], [ 77.46760482730231, 12.882438818299363 ], [ 77.467039565487283, 12.881894808414213 ], [ 77.466759624127633, 12.88189744634643 ], [ 77.466756935492867, 12.881622802839884 ], [ 77.466191677330229, 12.881078790427827 ] ] } },
{ "type": "Feature", "properties": { "type": "gap" }, "geometry": { "type": "MultiLineString", "coordinates": [ [ [ 77.521953597700417, 12.886040750469556 ], [ 77.521956347433871, 12.886315382287945 ], [ 77.521429156772996, 12.886842846875986 ] ], [ [ 77.520442480003865, 12.888107410561849 ], [ 77.520295976553641, 12.888253988023836 ], [ 77.520309719266123, 12.889627148580962 ], [ 77.520003518098918, 12.889933502680982 ] ], [ [ 77.516743183676112, 12.89295739080554 ], [ 77.516594792176875, 12.892958818510278 ] ] ] } },
{ "type": "Feature", "properties": { "type": "gap" }, "geometry": { "type": "LineString", "coordinates": [ [ 77.718463163112872, 12.885171797467668 ], [ 77.718746016021669, 12.885443478252551 ], [ 77.718748980027129, 12.885718066654132 ], [ 77.719314688415622, 12.886261426784108 ], [ 77.719320618123405, 12.886810603286218 ], [ 77.72016918750677, 12.887625639810798 ], [ 77.720446112494457, 12.887348141847848 ], [ 77.720726003420239, 12.887345231622811 ], [ 77.721008861196893, 12.887616908943476 ], [ 77.721029631554444, 12.889539023673404 ] ] } },
{ "type": "Feature", "properties": { "type": "gap" }, "geometry": { "type": "LineString", "coordinates": [ [ 77.642333722321709, 12.886226193333821 ], [ 77.642205984130911, 12.886227483124406 ] ] } },
{ "type": "Feature", "properties": { "type": "gap" }, "geometry": { "type": "LineString", "coordinates": [ [ 77.679006897575931, 12.886402576321423 ], [ 77.67928387588168, 12.88612511324134 ], [ 77.679566696468342, 12.886396844577362 ], [ 77.67956961801444, 12.886671441865188 ], [ 77.67984951766357, 12.886668575482224 ], [ 77.679852439581509, 12.886943172700546 ], [ 77.680418084541486, 12.887486633077677 ], [ 77.68069506193477, 12.887209168593502 ], [ 77.68153476169411, 12.887200564587413 ], [ 77.681811737363049, 12.886923099218274 ], [ 77.682651435398071, 12.886914491818869 ], [ 77.682934259940581, 12.887186218605903 ], [ 77.684333756495732, 12.887171865160223 ], [ 77.684336683417683, 12.887446461355115 ], [ 77.684616582829975, 12.887443589707059 ], [ 77.686596384211441, 12.889345649454031 ], [ 77.686605174109616, 12.890169436347966 ], [ 77.687444879648027, 12.89016081144401 ], [ 77.68829338056328, 12.890975969549416 ], [ 77.688296312694462, 12.89125056476896 ], [ 77.688019341796434, 12.891528036461157 ], [ 77.688022273758776, 12.891802631731196 ], [ 77.688587945839501, 12.892346068615415 ], [ 77.68859087861405, 12.892620663739613 ], [ 77.688870782793131, 12.892617786409943 ], [ 77.689153620355611, 12.892889503772723 ], [ 77.689433524703503, 12.892886625782335 ], [ 77.689439392418294, 12.89343581561873 ], [ 77.68972223157084, 12.893707532048207 ], [ 77.689731034768599, 12.894531316545503 ], [ 77.690296717134316, 12.89507474769044 ], [ 77.69030552317659, 12.895898531711499 ], [ 77.690588366390003, 12.896170246426855 ], [ 77.690594238168828, 12.896719435602639 ], [ 77.690877082736051, 12.896991149746523 ], [ 77.690885892030423, 12.897814933252796 ], [ 77.691168738324023, 12.898086646755367 ], [ 77.691180486489742, 12.899185024394843 ], [ 77.691463334882314, 12.899456737186247 ], [ 77.691478023479092, 12.900829708742375 ], [ 77.692043725817058, 12.901373132330997 ], [ 77.692046664485119, 12.901647726483377 ] ] } },
{ "type": "Feature", "properties": { "type": "gap" }, "geometry": { "type": "MultiLineString", "coordinates": [ [ [ 77.692046664485119, 12.901647726483377 ], [ 77.691492713772888, 12.90220268013821 ], [ 77.690932885249282, 12.902208444311851 ], [ 77.690655908234035, 12.902485920400364 ], [ 77.69066178313436, 12.903035109281259 ], [ 77.690107826328401, 12.903590061150268 ], [ 77.690119575048541, 12.904688439290718 ], [ 77.689842594783897, 12.904965915185016 ], [ 77.689851773197518, 12.905823996194403 ] ], [ [ 77.688200016150503, 12.908437382607568 ], [ 77.688201251657574, 12.908552931085499 ] ] ] } },
{ "type": "Feature", "properties": { "type": "gap" }, "geometry": { "type": "MultiLineString", "coordinates": [ [ [ 77.688201251657574, 12.908552931085499 ], [ 77.688202706775201, 12.908689016786623 ] ], [ [ 77.687666531907638, 12.909656933280607 ], [ 77.687093303237177, 12.909662830177201 ], [ 77.686262335519629, 12.910495252617167 ] ] ] } },
{ "type": "Feature", "properties": { "type": "gap" }, "geometry": { "type": "MultiLineString", "coordinates": [ [ [ 77.686262335519629, 12.910495252617167 ], [ 77.685984256357997, 12.910498112095603 ] ], [ [ 77.684914252916357, 12.910735544760254 ], [ 77.684865644524109, 12.910784237486181 ], [ 77.684872505410254, 12.911426551896593 ] ] ] } },
{ "type": "Feature", "properties": { "type": "gap" }, "geometry": { "type": "MultiLineString", "coordinates": [ [ [ 77.682110695193515, 12.913284175752374 ], [ 77.681879709144127, 12.913286547794979 ] ], [ [ 77.680975194899403, 12.914119713892743 ], [ 77.679862113898892, 12.91413113830988 ], [ 77.6795851117853, 12.914408607409072 ], [ 77.679623962115471, 12.918051424866938 ] ] ] } },
{ "type": "Feature", "properties": { "type": "gap" }, "geometry": { "type": "MultiLineString", "coordinates": [ [ [ 77.544741157076672, 12.89014654445649 ], [ 77.544395295594413, 12.890492644128345 ], [ 77.544398070771976, 12.890767271065728 ], [ 77.543843750888442, 12.891321969745972 ], [ 77.543846525649428, 12.891596596784193 ], [ 77.543569364553662, 12.891873945899953 ], [ 77.543572139138419, 12.892148572985411 ], [ 77.543294977193128, 12.892425921969419 ], [ 77.543303300611015, 12.893249803348469 ], [ 77.54322507833605, 12.893328078108436 ] ], [ [ 77.542757575131304, 12.894656013747786 ], [ 77.542776717536441, 12.896550773004428 ], [ 77.542935423412786, 12.896703409872204 ] ], [ [ 77.543013044911618, 12.896869097503419 ], [ 77.542895429258763, 12.896986790702567 ] ], [ [ 77.542783603054829, 12.897232243477768 ], [ 77.542785042012923, 12.89737465445759 ], [ 77.542600254623238, 12.897559563050716 ] ] ] } },
{ "type": "Feature", "properties": { "type": "gap" }, "geometry": { "type": "LineString", "coordinates": [ [ 77.535115856586827, 12.900470330667266 ], [ 77.534977068394014, 12.900471676469982 ] ] } },
{ "type": "Feature", "properties": { "type": "gap" }, "geometry": { "type": "LineString", "coordinates": [ [ 77.534977068394014, 12.900471676469982 ], [ 77.534417173499691, 12.900477104916471 ], [ 77.533569034257738, 12.899661358180683 ], [ 77.533289087437254, 12.899664070879298 ], [ 77.53232686809794, 12.898738588017505 ] ] } },
{ "type": "Feature", "properties": { "type": "gap" }, "geometry": { "type": "LineString", "coordinates": [ [ 77.727714331997632, 12.88644862002212 ], [ 77.727154555337137, 12.886454454714809 ] ] } },
{ "type": "Feature", "properties": { "type": "gap" }, "geometry": { "type": "MultiLineString", "coordinates": [ [ [ 77.587624443251045, 12.889394783113545 ], [ 77.587498759037047, 12.889520596361189 ], [ 77.58750722505097, 12.890344449270382 ], [ 77.586820013776901, 12.891032361810394 ] ], [ [ 77.585842419139098, 12.894230479073455 ], [ 77.585590058322381, 12.89448309223366 ], [ 77.585592879304329, 12.894757710188415 ], [ 77.586017785207403, 12.895166234219181 ] ], [ [ 77.586314470622938, 12.89777167771339 ], [ 77.585903847633674, 12.897775738968685 ], [ 77.585607561146148, 12.898072319158052 ] ], [ [ 77.585638178255692, 12.899166618612014 ], [ 77.585640845975348, 12.899426214446208 ], [ 77.585923603487771, 12.899698063557837 ], [ 77.585925367137179, 12.899869658653476 ] ], [ [ 77.586467415284119, 12.901308506028219 ], [ 77.586500413795051, 12.9013402310153 ] ] ] } },
{ "type": "Feature", "properties": { "type": "gap" }, "geometry": { "type": "MultiLineString", "coordinates": [ [ [ 77.486498050283785, 12.89049999654674 ], [ 77.486442119838017, 12.890500528105072 ], [ 77.486357952621589, 12.890584715016983 ] ], [ [ 77.486278307378015, 12.890664378830222 ], [ 77.485887649052131, 12.891055127286959 ], [ 77.485607701524756, 12.891057787217964 ], [ 77.485330464850762, 12.891335086286562 ], [ 77.485333175829538, 12.891609725716688 ], [ 77.484320923328426, 12.891619340489218 ] ] ] } },
{ "type": "Feature", "properties": { "type": "gap" }, "geometry": { "type": "LineString", "coordinates": [ [ 77.630049266068013, 12.889370954768211 ], [ 77.630690846472376, 12.889987603299616 ] ] } },
{ "type": "Feature", "properties": { "type": "gap" }, "geometry": { "type": "MultiLineString", "coordinates": [ [ [ 77.570426097823699, 12.889963535372223 ], [ 77.570431704752096, 12.890512778049304 ], [ 77.570891584876492, 12.89095499059788 ] ], [ [ 77.572372374075641, 12.891344651573062 ], [ 77.572399620243871, 12.891317380790822 ], [ 77.572682355406897, 12.89158924881737 ] ] ] } },
{ "type": "Feature", "properties": { "type": "gap" }, "geometry": { "type": "LineString", "coordinates": [ [ 77.701433989753141, 12.88946748283108 ], [ 77.70144872091781, 12.890840444110626 ], [ 77.701731566885741, 12.891112145596304 ] ] } },
{ "type": "Feature", "properties": { "type": "gap" }, "geometry": { "type": "LineString", "coordinates": [ [ 77.701731566885741, 12.891112145596304 ], [ 77.70145461386052, 12.891389628577569 ], [ 77.701460507075723, 12.891938813018857 ], [ 77.701180606563781, 12.891941703662065 ], [ 77.700626696996807, 12.892496668849793 ], [ 77.700066894278535, 12.892502448299936 ], [ 77.699789937836769, 12.892779930156793 ], [ 77.699230134101143, 12.89278570794202 ], [ 77.698953176305537, 12.893063189150714 ], [ 77.698673273963109, 12.893066077360171 ], [ 77.698119355800287, 12.893621038773301 ], [ 77.697839452644857, 12.893623926213758 ], [ 77.696731607522366, 12.894733845962685 ], [ 77.696451702808972, 12.894736732163629 ] ] } },
{ "type": "Feature", "properties": { "type": "gap" }, "geometry": { "type": "LineString", "coordinates": [ [ 77.696451702808972, 12.894736732163629 ], [ 77.69617473963352, 12.895014211420358 ], [ 77.695614929257772, 12.895019982455553 ], [ 77.694230100520855, 12.896407373713576 ], [ 77.693950193368693, 12.896410257606579 ], [ 77.69395313294639, 12.896684851430402 ], [ 77.693676164762863, 12.896962328968931 ], [ 77.693679104171906, 12.897236922843373 ], [ 77.693402135142676, 12.897514400260597 ], [ 77.693405074383008, 12.897788994185653 ], [ 77.692574162930711, 12.898621425538179 ], [ 77.692582978929323, 12.899445207787988 ], [ 77.692029033495118, 12.900000161472931 ], [ 77.69203197182371, 12.900274755657367 ], [ 77.692314822416492, 12.900546467082787 ], [ 77.692323638927249, 12.901370249388179 ], [ 77.692046664485119, 12.901647726483377 ] ] } },
{ "type": "Feature", "properties": { "type": "gap" }, "geometry": { "type": "LineString", "coordinates": [ [ 77.704235912871525, 12.889713157333549 ], [ 77.703958964380035, 12.889990642143397 ], [ 77.702839372899177, 12.890002211893433 ], [ 77.701731566885741, 12.891112145596304 ] ] } },
{ "type": "Feature", "properties": { "type": "gap" }, "geometry": { "type": "LineString", "coordinates": [ [ 77.694442402064183, 12.890088832723471 ], [ 77.69500808055767, 12.890632253791299 ], [ 77.695013959362754, 12.891181441194089 ], [ 77.694460034826875, 12.891736395693384 ], [ 77.694462973858464, 12.892010989499273 ], [ 77.694745815407217, 12.892282699760097 ], [ 77.695305620101749, 12.892276931786755 ], [ 77.695588462732246, 12.892548640891262 ], [ 77.695594343706517, 12.893097827950418 ], [ 77.695877187690684, 12.893369536483076 ], [ 77.695600224952699, 12.893647014983936 ], [ 77.695603165677753, 12.89392160849108 ], [ 77.695886010779219, 12.89419331681405 ], [ 77.696165915019677, 12.894190431337561 ], [ 77.696448760966547, 12.894462138866196 ], [ 77.696451702808972, 12.894736732163629 ] ] } },
{ "type": "Feature", "properties": { "type": "gap" }, "geometry": { "type": "LineString", "coordinates": [ [ 77.630066476736957, 12.891018604454827 ], [ 77.630349261479026, 12.891290398251355 ], [ 77.630629177477786, 12.891287583490387 ], [ 77.630681142714991, 12.891337528785082 ] ] } },
{ "type": "Feature", "properties": { "type": "gap" }, "geometry": { "type": "MultiLineString", "coordinates": [ [ [ 77.654421794173587, 12.891047237040748 ], [ 77.65466778669375, 12.891283623689818 ] ], [ [ 77.656458291402728, 12.891782613644652 ], [ 77.656666869837736, 12.891573709753771 ], [ 77.657226690452234, 12.891568023527432 ], [ 77.657503702013273, 12.891290577822245 ], [ 77.657965886980463, 12.891285882005034 ] ], [ [ 77.659061999310779, 12.891428900143341 ], [ 77.65918606049172, 12.891548112326339 ], [ 77.659745879899575, 12.891542420723487 ], [ 77.659803754280773, 12.891598032745314 ] ] ] } },
{ "type": "Feature", "properties": { "type": "gap" }, "geometry": { "type": "MultiLineString", "coordinates": [ [ [ 77.554118637224391, 12.894792330320877 ], [ 77.553957598769685, 12.89479390294996 ], [ 77.553403296760408, 12.895348619479124 ], [ 77.553411655197465, 12.896172494166217 ], [ 77.553925736058559, 12.896666875098772 ] ], [ [ 77.553978454721573, 12.896849171205059 ], [ 77.553991041761975, 12.898089400064354 ], [ 77.554273769950058, 12.898361290199228 ] ] ] } },
{ "type": "Feature", "properties": { "type": "gap" }, "geometry": { "type": "MultiLineString", "coordinates": [ [ [ 77.554273769950058, 12.898361290199228 ], [ 77.554556498747573, 12.898633179908469 ], [ 77.554556831663746, 12.898665972413193 ] ], [ [ 77.553398997839906, 12.901456021325007 ], [ 77.552514864638226, 12.902340795419303 ] ] ] } },
{ "type": "Feature", "properties": { "type": "gap" }, "geometry": { "type": "MultiLineString", "coordinates": [ [ [ 77.54990836695309, 12.902865492790307 ], [ 77.549839566594045, 12.902799329308186 ] ], [ [ 77.549422942812001, 12.902528424668089 ], [ 77.549276564775781, 12.902529852299354 ], [ 77.549094615514633, 12.902354875195893 ] ], [ [ 77.548961111921386, 12.902290702825525 ], [ 77.54871667154471, 12.902535312205984 ], [ 77.548653806615903, 12.902535925170582 ] ] ] } },
{ "type": "Feature", "properties": { "type": "gap" }, "geometry": { "type": "MultiLineString", "coordinates": [ [ [ 77.49795124285184, 12.893551842218985 ], [ 77.497951193904612, 12.893546909457719 ] ], [ [ 77.493108789082456, 12.893458385229874 ], [ 77.49235089390217, 12.893465607904462 ], [ 77.492195131314034, 12.893621412882638 ] ] ] } },
{ "type": "Feature", "properties": { "type": "gap" }, "geometry": { "type": "LineString", "coordinates": [ [ 77.485619417558851, 12.892244544410733 ], [ 77.485618546783627, 12.892156344691664 ], [ 77.485335886870999, 12.891884365140506 ], [ 77.485069494530308, 12.891886895872316 ] ] } },
{ "type": "Feature", "properties": { "type": "gap" }, "geometry": { "type": "MultiLineString", "coordinates": [ [ [ 77.607410145552109, 12.892893258271885 ], [ 77.607687223840983, 12.892615854538159 ], [ 77.607967146408058, 12.892613063728467 ], [ 77.608035025984805, 12.892545104153379 ] ], [ [ 77.611896752653365, 12.893672416932427 ], [ 77.611897452697505, 12.893672409941592 ], [ 77.612174525777007, 12.893395002245605 ], [ 77.612735662470214, 12.893389397492603 ] ] ] } },
{ "type": "Feature", "properties": { "type": "gap" }, "geometry": { "type": "LineString", "coordinates": [ [ 77.71573830493152, 12.892065583153771 ], [ 77.716018202196111, 12.892062676916588 ], [ 77.716030053034586, 12.893161032427951 ], [ 77.717161503083631, 12.894247757854137 ], [ 77.717715371972488, 12.893692764146989 ], [ 77.718834966007051, 12.893681127507781 ], [ 77.7191178307109, 12.893952805746222 ], [ 77.71939772928404, 12.893949895476974 ], [ 77.719674660813098, 12.893672396892152 ], [ 77.719957526224519, 12.893944074042395 ], [ 77.721357017375311, 12.89392951522883 ] ] } },
{ "type": "Feature", "properties": { "type": "gap" }, "geometry": { "type": "MultiLineString", "coordinates": [ [ [ 77.598764518727918, 12.896080622960149 ], [ 77.598766525870531, 12.896274998805037 ], [ 77.598813648052399, 12.896320299301985 ] ], [ [ 77.6002740910466, 12.898539929385697 ], [ 77.600471637265315, 12.898729833884046 ], [ 77.600480151983689, 12.899553677712861 ], [ 77.600762922548967, 12.899825507675542 ], [ 77.600770391492802, 12.9005480258067 ] ], [ [ 77.600473147253439, 12.902537687228442 ], [ 77.600851996408323, 12.902901872138658 ] ] ] } },
{ "type": "Feature", "properties": { "type": "gap" }, "geometry": { "type": "LineString", "coordinates": [ [ 77.732540961242236, 12.892714435608319 ], [ 77.732264047585261, 12.892991944805747 ], [ 77.731424363884329, 12.893000715357122 ], [ 77.730316698688867, 12.894110747570448 ], [ 77.73031967737019, 12.894385333135892 ], [ 77.730602552858215, 12.894656996285272 ], [ 77.730605531981681, 12.894931581773562 ], [ 77.730328613827226, 12.895209089793662 ], [ 77.730331592783941, 12.895483675333397 ], [ 77.730051695063864, 12.895486597637218 ], [ 77.729774775691581, 12.895764105304213 ], [ 77.729783711354514, 12.896587862251321 ], [ 77.730066589357861, 12.896859525560956 ], [ 77.730072547557384, 12.897408696685455 ], [ 77.729518704904677, 12.897963712652871 ], [ 77.729524662436873, 12.898512883983086 ], [ 77.729247739725537, 12.898790391817531 ], [ 77.727008524602837, 12.898813758492539 ], [ 77.725623886975228, 12.900201285630683 ], [ 77.725629837080163, 12.90075045865663 ], [ 77.725352907255441, 12.901027963669195 ], [ 77.72423328664695, 12.901039634717563 ], [ 77.723956354719675, 12.901317138614434 ], [ 77.72367347593044, 12.901045468448599 ], [ 77.723667529952493, 12.900496294537177 ], [ 77.723101775694815, 12.899952952622543 ], [ 77.721982157761801, 12.899964613081535 ], [ 77.72142828921308, 12.900519616481025 ] ] } },
{ "type": "Feature", "properties": { "type": "gap" }, "geometry": { "type": "LineString", "coordinates": [ [ 77.565478906578122, 12.898992704643749 ], [ 77.565482551134494, 12.899350150645176 ], [ 77.565202611644935, 12.899352897428212 ], [ 77.564976449012789, 12.89957924683978 ] ] } },
{ "type": "Feature", "properties": { "type": "gap" }, "geometry": { "type": "MultiLineString", "coordinates": [ [ [ 77.557854032180103, 12.897502336629005 ], [ 77.557704245007372, 12.897503801815168 ] ], [ [ 77.554948735497305, 12.898080043852451 ], [ 77.554550922794803, 12.898083930718901 ], [ 77.554273769950058, 12.898361290199228 ] ] ] } },
{ "type": "Feature", "properties": { "type": "gap" }, "geometry": { "type": "MultiLineString", "coordinates": [ [ [ 77.637121889236226, 12.896440287785682 ], [ 77.636839091732114, 12.896168503948031 ], [ 77.63655145881809, 12.896171404163768 ] ], [ [ 77.634355901231558, 12.89754518255069 ], [ 77.634334182363858, 12.897566931218224 ], [ 77.63305358622209, 12.897579830114429 ] ], [ [ 77.630731586434138, 12.897328565770708 ], [ 77.63041239585354, 12.897331776967786 ] ] ] } },
{ "type": "Feature", "properties": { "type": "gap" }, "geometry": { "type": "MultiLineString", "coordinates": [ [ [ 77.660381105417827, 12.898670585492575 ], [ 77.660381166528339, 12.898676365143693 ], [ 77.66066398772125, 12.898948117950185 ], [ 77.660943905345533, 12.89894526911268 ], [ 77.661509550034111, 12.899488772710765 ], [ 77.661786562907423, 12.899211321832315 ], [ 77.66206648056783, 12.899208471736641 ], [ 77.662057764580169, 12.898384668829445 ], [ 77.662518457465836, 12.897923243841449 ] ], [ [ 77.662566741338168, 12.897874883113102 ], [ 77.662611786330729, 12.897829766398397 ], [ 77.662624534590165, 12.897829636575956 ] ], [ [ 77.663988021384142, 12.898365008211719 ], [ 77.664017179925864, 12.89836471110838 ], [ 77.664045508338177, 12.898336337305903 ] ], [ [ 77.664292603035989, 12.89808884634189 ], [ 77.664301336859722, 12.898080098500209 ] ] ] } },
{ "type": "Feature", "properties": { "type": "gap" }, "geometry": { "type": "LineString", "coordinates": [ [ 77.745752825588752, 12.897793726254871 ], [ 77.745779795626603, 12.900264963384181 ], [ 77.745225989634804, 12.900820006873188 ], [ 77.745228986181218, 12.901094588860698 ], [ 77.745511883488291, 12.901366230985225 ], [ 77.745526869128142, 12.902739140470734 ], [ 77.74469615174992, 12.903571706309405 ], [ 77.744699148379368, 12.903846288361818 ], [ 77.74414533327645, 12.904401331490376 ], [ 77.744148329504213, 12.904675913652737 ], [ 77.743040691043959, 12.90578599802909 ], [ 77.742480878597149, 12.905791874131017 ], [ 77.741927054214941, 12.906346914324612 ], [ 77.741933042832841, 12.906896079586346 ], [ 77.742215945165526, 12.907167724581093 ], [ 77.74193903172737, 12.907445244822329 ], [ 77.741945020898541, 12.907994410032547 ], [ 77.741114275513155, 12.908826970047201 ], [ 77.741117269495561, 12.909101552817031 ], [ 77.740837359165539, 12.909104489699397 ], [ 77.74028352464147, 12.909659528474636 ], [ 77.740295498157607, 12.910757860212591 ], [ 77.740018579038249, 12.911035379567966 ], [ 77.740030552717315, 12.912133711435255 ], [ 77.739476710763356, 12.912688750081273 ], [ 77.739479703884328, 12.912963333148163 ] ] } },
{ "type": "Feature", "properties": { "type": "gap" }, "geometry": { "type": "MultiLineString", "coordinates": [ [ [ 77.739479703884328, 12.912963333148163 ], [ 77.739762612322863, 12.913234979853627 ], [ 77.739765605886959, 12.913509562843108 ], [ 77.740331425341566, 12.914052854808192 ], [ 77.74005450339294, 12.914330374860688 ], [ 77.740057497538416, 12.914604957759881 ], [ 77.739777580834442, 12.914607894736646 ], [ 77.739786072244186, 12.915386658031009 ] ], [ [ 77.739434583514893, 12.916617130209547 ], [ 77.739241695551897, 12.916810432302853 ], [ 77.73925367137663, 12.917908764403338 ], [ 77.739316293052028, 12.917968891803193 ] ] ] } },
{ "type": "Feature", "properties": { "type": "gap" }, "geometry": { "type": "MultiLineString", "coordinates": [ [ [ 77.739008560862004, 12.920108251736703 ], [ 77.73899770333135, 12.920108365664506 ], [ 77.738998151332993, 12.920149447622393 ] ], [ [ 77.738735163852127, 12.920649049209644 ], [ 77.73872376846289, 12.920660468901191 ], [ 77.738724042306032, 12.920685581864728 ] ], [ [ 77.738683708143313, 12.920978198284349 ], [ 77.73844983258131, 12.921212572070793 ], [ 77.738680261049495, 12.921433819364875 ] ], [ [ 77.738729604750944, 12.921758865595203 ], [ 77.73817589568651, 12.921764675173275 ], [ 77.737622031980507, 12.922319714597378 ], [ 77.737625025384204, 12.922594297890274 ], [ 77.73734809237969, 12.922871817395089 ], [ 77.737381021781445, 12.925892233829874 ] ] ] } },
{ "type": "Feature", "properties": { "type": "gap" }, "geometry": { "type": "MultiLineString", "coordinates": [ [ [ 77.737381021781445, 12.925892233829874 ], [ 77.737368877728457, 12.925904403497848 ] ], [ [ 77.736834237841251, 12.927097516262283 ], [ 77.736836129525116, 12.927271023734837 ], [ 77.736559191383037, 12.927548543521121 ], [ 77.73635362694823, 12.927550699649943 ] ] ] } },
{ "type": "Feature", "properties": { "type": "gap" }, "geometry": { "type": "LineString", "coordinates": [ [ 77.710768166696809, 12.898433415065501 ], [ 77.711051030896172, 12.898705102625843 ], [ 77.711610842298541, 12.898699296942194 ], [ 77.712176573469421, 12.899242669313342 ], [ 77.712179533593044, 12.899517258928736 ], [ 77.711902587036548, 12.899794752382057 ], [ 77.711911467109218, 12.900618521362073 ], [ 77.713042943276619, 12.901705260953118 ], [ 77.713322851883817, 12.901702355466133 ], [ 77.713325813841635, 12.901976944768185 ], [ 77.713048866651405, 12.902254439678595 ], [ 77.713614609883081, 12.90279780659432 ], [ 77.713629423248619, 12.904170752592371 ], [ 77.713909334460993, 12.90416784593241 ] ] } },
{ "type": "Feature", "properties": { "type": "gap" }, "geometry": { "type": "LineString", "coordinates": [ [ 77.713909334460993, 12.90416784593241 ], [ 77.714469156680366, 12.904162031715668 ], [ 77.715600660753964, 12.905248754587578 ], [ 77.715880572705885, 12.905245845579191 ], [ 77.716163450484132, 12.905517524851026 ], [ 77.71617234857959, 12.906341290550047 ], [ 77.717020988930656, 12.90715632513181 ], [ 77.717580816347365, 12.907150502930469 ], [ 77.717583784245619, 12.907425091144749 ] ] } },
{ "type": "Feature", "properties": { "type": "gap" }, "geometry": { "type": "MultiLineString", "coordinates": [ [ [ 77.670184063485422, 12.899125688953077 ], [ 77.669630059441246, 12.899680604695728 ], [ 77.669635086074834, 12.900154311641041 ] ], [ [ 77.668813426747946, 12.901868227348753 ], [ 77.66882526922862, 12.902984371491604 ], [ 77.66827125481862, 12.903539286454725 ], [ 77.668277081370064, 12.904088485394196 ], [ 77.667446053759264, 12.904920856829763 ] ] ] } },
{ "type": "Feature", "properties": { "type": "gap" }, "geometry": { "type": "MultiLineString", "coordinates": [ [ [ 77.648577574299892, 12.899837869454004 ], [ 77.648583373876207, 12.899843442547775 ] ], [ [ 77.648533208678202, 12.899997229516217 ], [ 77.648527437695236, 12.900003009022635 ] ], [ [ 77.64827928398519, 12.900251528918702 ], [ 77.648082076773306, 12.900449026685346 ], [ 77.648084967271984, 12.900723630742677 ], [ 77.647744870068493, 12.900727075703676 ] ], [ [ 77.645122508580783, 12.904800391642553 ], [ 77.645049130964267, 12.904873874776728 ], [ 77.644209347252968, 12.904882373208375 ], [ 77.643932306211269, 12.905159810310758 ], [ 77.64309252078526, 12.905168305340863 ], [ 77.64253843464418, 12.905723177582257 ], [ 77.642672893012715, 12.905852386852333 ] ], [ [ 77.641174621913919, 12.909308865271035 ], [ 77.640899237392574, 12.909584633919588 ], [ 77.640906590629172, 12.910284585453873 ] ], [ [ 77.639734841726678, 12.911860619286468 ], [ 77.639248464729022, 12.912347665623219 ], [ 77.638187349760642, 12.912358385618845 ] ], [ [ 77.63678596299782, 12.912647172039245 ], [ 77.636731905982103, 12.912647717759967 ], [ 77.636699738168318, 12.912616805506266 ] ], [ [ 77.634848244030778, 12.912313993578222 ], [ 77.634769457246634, 12.912392885849517 ], [ 77.634772335978198, 12.912667492618322 ], [ 77.633664090938439, 12.913777213958541 ] ] ] } },
{ "type": "Feature", "properties": { "type": "gap" }, "geometry": { "type": "LineString", "coordinates": [ [ 77.58110534874379, 12.900636809041144 ], [ 77.581450265325898, 12.900291564828049 ] ] } },
{ "type": "Feature", "properties": { "type": "gap" }, "geometry": { "type": "MultiLineString", "coordinates": [ [ [ 77.634208056230094, 12.903242958384213 ], [ 77.634114639381053, 12.903336501942048 ], [ 77.634115009540338, 12.903371846834322 ] ], [ [ 77.633873291455302, 12.903855663574221 ], [ 77.63384046209066, 12.903888537342214 ], [ 77.633843337847566, 12.904163144495184 ], [ 77.633289229103823, 12.904718000655382 ], [ 77.633292104450419, 12.904992607913252 ] ] ] } },
{ "type": "Feature", "properties": { "type": "gap" }, "geometry": { "type": "MultiLineString", "coordinates": [ [ [ 77.678607816810711, 12.901511162076378 ], [ 77.679173498840285, 12.902054618704137 ], [ 77.679536888795084, 12.902050893676051 ] ], [ [ 77.681465665356782, 12.90253378846875 ], [ 77.681962247086915, 12.90203634718373 ] ], [ [ 77.682005600730363, 12.902025574101588 ], [ 77.682484991155448, 12.902020654680953 ] ], [ [ 77.682571029586271, 12.902057185260068 ], [ 77.682815341178141, 12.9022918904643 ], [ 77.68349255063724, 12.902284938568579 ] ], [ [ 77.684030577885338, 12.902372208746026 ], [ 77.684217852147484, 12.902552117037933 ], [ 77.684219087651456, 12.90266789155103 ] ], [ [ 77.68646612114955, 12.907429692753672 ], [ 77.686509981663349, 12.907471826157574 ], [ 77.686703201463715, 12.907469839360495 ] ], [ [ 77.688105379561463, 12.908460835924526 ], [ 77.688201251657574, 12.908552931085499 ] ] ] } },
{ "type": "Feature", "properties": { "type": "gap" }, "geometry": { "type": "LineString", "coordinates": [ [ 77.664929032418385, 12.902446639951851 ], [ 77.665177571055366, 12.902197703534958 ], [ 77.665457491260923, 12.902194849162306 ], [ 77.665734501303234, 12.901917394414047 ], [ 77.666289779435459, 12.901911730828038 ] ] } },
{ "type": "Feature", "properties": { "type": "gap" }, "geometry": { "type": "LineString", "coordinates": [ [ 77.467460395318753, 12.901666977043796 ], [ 77.467233332633526, 12.901669120137791 ], [ 77.467230639213881, 12.901394477143269 ], [ 77.466947983173682, 12.901122476142541 ], [ 77.466388057621415, 12.901127759245455 ] ] } },
{ "type": "Feature", "properties": { "type": "gap" }, "geometry": { "type": "MultiLineString", "coordinates": [ [ [ 77.466388057621415, 12.901127759245455 ], [ 77.465828131820288, 12.90113304115197 ], [ 77.465545477360394, 12.900861038300835 ], [ 77.465265514609172, 12.900863678448266 ], [ 77.464982861001658, 12.900591674818402 ], [ 77.464702898430915, 12.900594314309583 ], [ 77.464420245675782, 12.900322309901048 ], [ 77.463580358318595, 12.900330225508659 ], [ 77.463297706901201, 12.900058219607267 ], [ 77.463142833178097, 12.90005967874032 ] ], [ [ 77.46047804087948, 12.898035137594892 ], [ 77.460471226257411, 12.897338137417551 ], [ 77.459340651067876, 12.896250092745865 ] ] ] } },
{ "type": "Feature", "properties": { "type": "gap" }, "geometry": { "type": "LineString", "coordinates": [ [ 77.459340651067876, 12.896250092745865 ], [ 77.45849272607542, 12.89543405481986 ], [ 77.456812975897591, 12.895449839405881 ], [ 77.455682423598788, 12.894361774378451 ], [ 77.456236978979931, 12.893807226041206 ], [ 77.45623429924747, 12.893532580602221 ], [ 77.456511575781278, 12.893255306200883 ], [ 77.45622893996844, 12.892983289705354 ], [ 77.456223580937205, 12.892433998783288 ], [ 77.455375679354177, 12.891617946386289 ], [ 77.456207505330497, 12.890786125865887 ], [ 77.456199468363508, 12.889962189322148 ], [ 77.455634206630251, 12.889418153656971 ], [ 77.45507430231747, 12.889423407857135 ], [ 77.454509043991379, 12.888879369082076 ], [ 77.454229092227408, 12.888881995020624 ], [ 77.45281595828483, 12.887521888937187 ], [ 77.452805260042936, 12.886423303788696 ], [ 77.451392148653568, 12.88506318590815 ], [ 77.451386803567019, 12.884513892655573 ], [ 77.451104183848528, 12.884241867689779 ], [ 77.450824236518784, 12.884244489061009 ], [ 77.450541617651837, 12.883972463318306 ], [ 77.450261670502897, 12.883975084034402 ] ] } },
{ "type": "Feature", "properties": { "type": "gap" }, "geometry": { "type": "LineString", "coordinates": [ [ 77.466685824220974, 12.902940873449289 ], [ 77.466670713176342, 12.901399760960604 ], [ 77.466388057621415, 12.901127759245455 ] ] } },
{ "type": "Feature", "properties": { "type": "gap" }, "geometry": { "type": "MultiLineString", "coordinates": [ [ [ 77.497877258114471, 12.904948724448627 ], [ 77.497784409031553, 12.904949611840561 ], [ 77.497507175827366, 12.905226923913695 ], [ 77.497227215029113, 12.905229599155858 ], [ 77.496949980847106, 12.905506910800815 ], [ 77.49695270758933, 12.90578154749646 ], [ 77.496675472555467, 12.906058859006045 ], [ 77.496678199118691, 12.906333495747853 ], [ 77.495278387453766, 12.906346865655324 ], [ 77.494723911392853, 12.906901485811641 ], [ 77.493884021430944, 12.90690950272309 ], [ 77.4936067813818, 12.907186811797866 ], [ 77.493609504842041, 12.907461449160936 ], [ 77.492138022208792, 12.908933283786308 ] ], [ [ 77.491828395319786, 12.909126422103448 ], [ 77.491386117567572, 12.909130639835725 ], [ 77.491108872270203, 12.909407947164883 ], [ 77.491111593488242, 12.909682585005774 ], [ 77.490834347338549, 12.909959892199053 ], [ 77.490274412288869, 12.909965230018614 ], [ 77.489991724609155, 12.90969326041021 ], [ 77.489051756081523, 12.909702217169849 ] ], [ [ 77.48793143125863, 12.909712888090667 ], [ 77.487751983836006, 12.909714596853458 ] ] ] } },
{ "type": "Feature", "properties": { "type": "gap" }, "geometry": { "type": "MultiLineString", "coordinates": [ [ [ 77.521059902338777, 12.905851949592142 ], [ 77.520828840394017, 12.905629696812223 ] ], [ [ 77.519082629887379, 12.905569169088519 ], [ 77.518142053268249, 12.905578233812621 ] ], [ [ 77.516541289449123, 12.904737240376035 ], [ 77.516538866067094, 12.904495040454837 ], [ 77.516258910179161, 12.904497735921273 ], [ 77.516134487497169, 12.904622212205219 ] ], [ [ 77.514784919679641, 12.904711815510588 ], [ 77.514579173518754, 12.904513902438055 ], [ 77.514301962644893, 12.904791228865719 ], [ 77.51430277555562, 12.904872544545837 ] ], [ [ 77.51320149133393, 12.906738883546348 ], [ 77.513206836463311, 12.907273698944543 ], [ 77.513014281328878, 12.907466331004793 ] ], [ [ 77.511820500387515, 12.9086348686647 ], [ 77.511820754708694, 12.908660325856275 ], [ 77.5117845799371, 12.908660673621002 ] ] ] } },
{ "type": "Feature", "properties": { "type": "gap" }, "geometry": { "type": "LineString", "coordinates": [ [ 77.455520400772315, 12.906448802826894 ], [ 77.456074978261697, 12.905894250435715 ], [ 77.456072296107806, 12.905619605216218 ], [ 77.45634958369449, 12.905342328787457 ], [ 77.456346901359552, 12.905067683613213 ], [ 77.456624188093258, 12.904790407046233 ] ] } },
{ "type": "Feature", "properties": { "type": "gap" }, "geometry": { "type": "LineString", "coordinates": [ [ 77.456624188093258, 12.904790407046233 ], [ 77.456621505577303, 12.904515761917242 ], [ 77.456338854726539, 12.904243748052636 ], [ 77.456058886267812, 12.904246379024141 ], [ 77.455493586882, 12.903702349317228 ], [ 77.455480182259905, 12.902329122325959 ], [ 77.456034752459445, 12.901774571481182 ], [ 77.456314718173871, 12.901771941030423 ], [ 77.456301311146788, 12.900398714686315 ], [ 77.456855875744594, 12.899844163115846 ], [ 77.45713583913907, 12.89984153217288 ], [ 77.457127793294731, 12.899017596773801 ], [ 77.457959632333015, 12.898185767736706 ], [ 77.458239593650589, 12.898183135944869 ], [ 77.459348702366867, 12.897074026944248 ], [ 77.459340651067876, 12.896250092745865 ] ] } },
{ "type": "Feature", "properties": { "type": "gap" }, "geometry": { "type": "MultiLineString", "coordinates": [ [ [ 77.585702948469674, 12.905467805462516 ], [ 77.585700124944168, 12.905193187755863 ], [ 77.585417360271265, 12.904921339629624 ], [ 77.585137418993398, 12.904924108917321 ], [ 77.584854655169821, 12.90465226000387 ], [ 77.584851832754509, 12.904377642095442 ], [ 77.585411714156095, 12.90437210406269 ], [ 77.585688831494451, 12.904094716865597 ], [ 77.585680574001444, 12.903291477620566 ] ], [ [ 77.58594909476804, 12.902178008486375 ], [ 77.585949008567837, 12.902169623285857 ], [ 77.586503237321708, 12.901614848628306 ], [ 77.586783174615746, 12.901612078576314 ] ] ] } },
{ "type": "Feature", "properties": { "type": "gap" }, "geometry": { "type": "LineString", "coordinates": [ [ 77.458045506755539, 12.906974404115539 ], [ 77.458040137743779, 12.906425114531043 ], [ 77.45775748310929, 12.906153102901243 ] ] } },
{ "type": "Feature", "properties": { "type": "gap" }, "geometry": { "type": "LineString", "coordinates": [ [ 77.45775748310929, 12.906153102901243 ], [ 77.456626870671187, 12.905065052168917 ], [ 77.456624188093258, 12.904790407046233 ] ] } },
{ "type": "Feature", "properties": { "type": "gap" }, "geometry": { "type": "LineString", "coordinates": [ [ 77.607354246206825, 12.905074016319418 ], [ 77.606972642281619, 12.904707206355527 ], [ 77.606961377056621, 12.903620392322933 ] ] } },
{ "type": "Feature", "properties": { "type": "gap" }, "geometry": { "type": "LineString", "coordinates": [ [ 77.711419738571465, 12.906939891734959 ], [ 77.712259482787616, 12.906931176116936 ], [ 77.713367288436714, 12.905821194322488 ], [ 77.713358399894304, 12.904997426666842 ], [ 77.71363534907394, 12.904719930946627 ], [ 77.71363238612706, 12.904445341772707 ], [ 77.713909334460993, 12.90416784593241 ] ] } },
{ "type": "Feature", "properties": { "type": "gap" }, "geometry": { "type": "LineString", "coordinates": [ [ 77.734655420583124, 12.906972351251722 ], [ 77.734938316788032, 12.907244005696985 ], [ 77.735218226434824, 12.907241075545334 ], [ 77.735227188144663, 12.908064828013996 ], [ 77.735787009059919, 12.908058966427168 ], [ 77.736069907702998, 12.908330619135299 ], [ 77.736072896060946, 12.908605203078931 ], [ 77.736638695923446, 12.909148507050423 ], [ 77.73664168509805, 12.909423090845856 ], [ 77.736924586317571, 12.909694742109153 ], [ 77.736927575935056, 12.909969325827257 ], [ 77.737493380950767, 12.910512626908806 ], [ 77.737770302963938, 12.910235109780697 ], [ 77.738330127513592, 12.910229241779881 ], [ 77.738333118793335, 12.910503825162742 ], [ 77.738616022923054, 12.910775473961174 ], [ 77.738622006437595, 12.911324640565708 ], [ 77.738904911924891, 12.91159628878775 ], [ 77.738913888836649, 12.912420038433442 ], [ 77.739479703884328, 12.912963333148163 ] ] } },
{ "type": "Feature", "properties": { "type": "gap" }, "geometry": { "type": "LineString", "coordinates": [ [ 77.567314403446431, 12.90655012105298 ], [ 77.566669559192817, 12.905930086115831 ], [ 77.566843044328465, 12.905756458239464 ] ] } },
{ "type": "Feature", "properties": { "type": "gap" }, "geometry": { "type": "LineString", "coordinates": [ [ 77.555477802201978, 12.906645537826268 ], [ 77.555477228441276, 12.906589078446537 ], [ 77.554911748596638, 12.906045304616221 ], [ 77.554907096819875, 12.905587427688243 ] ] } },
{ "type": "Feature", "properties": { "type": "gap" }, "geometry": { "type": "MultiLineString", "coordinates": [ [ [ 77.543187156277639, 12.909455517524814 ], [ 77.542907200658348, 12.909458242545831 ], [ 77.542624467567876, 12.909186340342124 ], [ 77.542621690224991, 12.908911713410284 ], [ 77.542341735087405, 12.908914437713058 ], [ 77.542338958113646, 12.908639810714982 ], [ 77.539511670546432, 12.905920760372084 ], [ 77.539506124172263, 12.905371505032948 ], [ 77.538940675453134, 12.904827689597534 ], [ 77.538935130810998, 12.9042784339684 ], [ 77.53808696451911, 12.903462707230428 ], [ 77.53808419340082, 12.903188079207933 ], [ 77.536614358563654, 12.901774436946225 ] ], [ [ 77.535418555199868, 12.901168263063049 ], [ 77.535262550669628, 12.901018219158688 ], [ 77.535259783175462, 12.900743590481614 ], [ 77.534977068394014, 12.900471676469982 ] ] ] } },
{ "type": "Feature", "properties": { "type": "gap" }, "geometry": { "type": "MultiLineString", "coordinates": [ [ [ 77.695162173367052, 12.911015890109681 ], [ 77.694948798410863, 12.911229652060271 ], [ 77.694668874940078, 12.911232539977934 ], [ 77.694391894953185, 12.911510021010463 ], [ 77.693103491481011, 12.911523308257665 ] ], [ [ 77.686982566990139, 12.910915333954515 ], [ 77.686542260111807, 12.910492373863406 ], [ 77.686262335519629, 12.910495252617167 ] ] ] } },
{ "type": "Feature", "properties": { "type": "gap" }, "geometry": { "type": "LineString", "coordinates": [ [ 77.602273401490834, 12.910521529991939 ], [ 77.601990615281707, 12.910249704469086 ], [ 77.601710671765758, 12.910252492627796 ], [ 77.601707829682496, 12.909977878518086 ], [ 77.601984930570907, 12.909700476365865 ], [ 77.601979246122667, 12.909151248237148 ], [ 77.601696462005819, 12.908879422015515 ], [ 77.601690778561277, 12.908330193725991 ], [ 77.601967878013852, 12.908052791903231 ], [ 77.601402313354441, 12.907509138490642 ], [ 77.601383596148111, 12.905699873243485 ] ] } },
{ "type": "Feature", "properties": { "type": "gap" }, "geometry": { "type": "MultiLineString", "coordinates": [ [ [ 77.493437267381793, 12.914290417815858 ], [ 77.493397640048244, 12.914330054174295 ], [ 77.493074757782637, 12.914333136476296 ] ], [ [ 77.492533570271405, 12.9143622308478 ], [ 77.492280476002875, 12.914615380641218 ], [ 77.492000503636604, 12.914618052195109 ], [ 77.491717808247699, 12.914346085839934 ], [ 77.491437836060868, 12.914348756736331 ], [ 77.49126964964411, 12.914516978689635 ] ] ] } },
{ "type": "Feature", "properties": { "type": "gap" }, "geometry": { "type": "LineString", "coordinates": [ [ 77.683307720572188, 12.911624123862792 ], [ 77.683474812106837, 12.911622407277067 ], [ 77.6834861521872, 12.912684523624732 ] ] } },
{ "type": "Feature", "properties": { "type": "gap" }, "geometry": { "type": "MultiLineString", "coordinates": [ [ [ 77.650443013058819, 12.911959676654861 ], [ 77.649611894060953, 12.912792007410603 ], [ 77.64961768418685, 12.913341214319527 ], [ 77.649438420671132, 12.913520738028282 ] ], [ [ 77.643570964051719, 12.91523405510511 ], [ 77.643284974530829, 12.915520444684057 ] ], [ [ 77.643081864930124, 12.915604511956442 ], [ 77.642737434797141, 12.915607997941125 ] ], [ [ 77.641622842184859, 12.915519907882361 ], [ 77.641522599094685, 12.915620289693763 ], [ 77.641525485945678, 12.915894894894535 ], [ 77.641248431657104, 12.916172331861823 ], [ 77.640968490384239, 12.916175163335433 ], [ 77.639994531073455, 12.917150459488212 ] ] ] } },
{ "type": "Feature", "properties": { "type": "gap" }, "geometry": { "type": "MultiLineString", "coordinates": [ [ [ 77.66248595078018, 12.912386457015357 ], [ 77.662768792233095, 12.912658203835516 ], [ 77.662792069024007, 12.914855007794198 ], [ 77.662515043718798, 12.91513246259084 ], [ 77.662517953382078, 12.915407063113166 ], [ 77.662800798928956, 12.915678809173031 ], [ 77.662809529438476, 12.916502610494225 ], [ 77.663375224596024, 12.917046100905827 ], [ 77.663381046760662, 12.91759530147807 ], [ 77.663663895999278, 12.917867045898845 ], [ 77.663669719177292, 12.918416246307181 ], [ 77.664235420974421, 12.918959733578495 ], [ 77.664241245910588, 12.919508933684595 ], [ 77.664524098469272, 12.919780676535048 ], [ 77.665083978247139, 12.919774961250981 ], [ 77.666498252574584, 12.921133665411862 ], [ 77.666501167988315, 12.921408264914616 ], [ 77.666224141814041, 12.921685724139113 ], [ 77.666229972367475, 12.922234923238182 ], [ 77.666789856831599, 12.922229203231252 ], [ 77.667638433936148, 12.923044418633477 ], [ 77.66791837678106, 12.923041557094109 ], [ 77.667921294191927, 12.923316156237878 ], [ 77.667644268214673, 12.923593617040279 ], [ 77.667647185454896, 12.923868216234068 ], [ 77.667087297731698, 12.923873938791447 ], [ 77.666810270160909, 12.924151398996795 ], [ 77.666250381423453, 12.924157119883022 ], [ 77.665942380021519, 12.92446560000602 ] ], [ [ 77.664615086025961, 12.928354986266816 ], [ 77.664631922070214, 12.929940871314718 ], [ 77.664914789022419, 12.930212611174401 ] ] ] } },
{ "type": "Feature", "properties": { "type": "gap" }, "geometry": { "type": "LineString", "coordinates": [ [ 77.664914789022419, 12.930212611174401 ], [ 77.666046262939744, 12.931299566297245 ] ] } },
{ "type": "Feature", "properties": { "type": "gap" }, "geometry": { "type": "MultiLineString", "coordinates": [ [ [ 77.531193253915845, 12.913966492366802 ], [ 77.53113026142988, 12.914029517842863 ] ], [ [ 77.529690952669, 12.915192173590111 ], [ 77.529527294862106, 12.915355914586868 ], [ 77.529171360708261, 12.915359361944288 ] ], [ [ 77.516796886889068, 12.922266838734048 ], [ 77.516717611470966, 12.922346145052972 ], [ 77.51635958254451, 12.922349596850626 ] ], [ [ 77.51456938224446, 12.923815753180202 ], [ 77.515057008870059, 12.924284764018589 ], [ 77.515059759506883, 12.924559396499097 ], [ 77.514782531356175, 12.924836727028756 ], [ 77.514785281814497, 12.925111359555828 ], [ 77.514230823196542, 12.925666020158474 ], [ 77.513670863217769, 12.925671414527411 ], [ 77.513061309854379, 12.925085129348295 ] ], [ [ 77.51201008827897, 12.924074024492674 ], [ 77.511976319110147, 12.924041543791027 ] ] ] } },
{ "type": "Feature", "properties": { "type": "gap" }, "geometry": { "type": "LineString", "coordinates": [ [ 77.502458447742143, 12.921384594031345 ], [ 77.501988942374311, 12.921389094492582 ] ] } },
{ "type": "Feature", "properties": { "type": "gap" }, "geometry": { "type": "LineString", "coordinates": [ [ 77.618541496018167, 12.913379998094751 ], [ 77.617710247117827, 12.914212248399128 ], [ 77.617713107640199, 12.914486858902988 ] ] } },
{ "type": "Feature", "properties": { "type": "gap" }, "geometry": { "type": "MultiLineString", "coordinates": [ [ [ 77.575432269495465, 12.91408330094913 ], [ 77.57589054493944, 12.913624625792677 ] ], [ [ 77.574840005576135, 12.91093035704969 ], [ 77.574838602554848, 12.910793382717538 ], [ 77.574555839835412, 12.910521521896678 ], [ 77.574781394645882, 12.910295770145607 ] ], [ [ 77.574604640028298, 12.909480776796427 ], [ 77.574261829595784, 12.90915118025038 ], [ 77.574260375002154, 12.909009118769102 ] ], [ [ 77.574347958786802, 12.907122935447903 ], [ 77.574242147868205, 12.907228839308019 ], [ 77.573393877405749, 12.906413250793197 ], [ 77.573113931805779, 12.906416007523086 ], [ 77.572548421693114, 12.905872278993447 ], [ 77.571708585943725, 12.90588054523003 ], [ 77.571425832522067, 12.905608679246107 ], [ 77.57138636745924, 12.905648178236502 ] ], [ [ 77.569548610845459, 12.904803197580554 ], [ 77.569457797848685, 12.904804090441392 ], [ 77.569136784012755, 12.904495429904127 ] ] ] } },
{ "type": "Feature", "properties": { "type": "gap" }, "geometry": { "type": "LineString", "coordinates": [ [ 77.488923523429932, 12.914922057717485 ], [ 77.489203496792655, 12.914919389398369 ], [ 77.489768885290715, 12.91546332787108 ], [ 77.490342363845826, 12.915457859872111 ] ] } },
{ "type": "Feature", "properties": { "type": "gap" }, "geometry": { "type": "MultiLineString", "coordinates": [ [ [ 77.552618107521482, 12.915955190947825 ], [ 77.552558433260771, 12.915955774258158 ] ], [ [ 77.551680812596544, 12.917323578820202 ], [ 77.551389477088335, 12.917615110767191 ], [ 77.551392265945736, 12.917889735635915 ], [ 77.551675018322399, 12.918161624577213 ], [ 77.551397843853664, 12.918438985354298 ], [ 77.550557952187063, 12.918447191501196 ], [ 77.550297926416761, 12.918707389614433 ] ], [ [ 77.550233392081935, 12.918725014216768 ], [ 77.550000811611923, 12.91872728591869 ], [ 77.549988168925765, 12.918739936936413 ] ] ] } },
{ "type": "Feature", "properties": { "type": "gap" }, "geometry": { "type": "MultiLineString", "coordinates": [ [ [ 77.547767660853893, 12.919571308063251 ], [ 77.547486698980322, 12.919301134701895 ], [ 77.547255712430356, 12.919303388496315 ] ], [ [ 77.547186601556305, 12.919324010951184 ], [ 77.546652370038146, 12.919858580508702 ], [ 77.546243497126753, 12.919862568698008 ] ] ] } },
{ "type": "Feature", "properties": { "type": "gap" }, "geometry": { "type": "MultiLineString", "coordinates": [ [ [ 77.537666591538184, 12.924065901652074 ], [ 77.537367485792984, 12.924068809795877 ] ], [ [ 77.533703731290913, 12.926711662843047 ], [ 77.532433000984994, 12.927983034326923 ] ] ] } },
{ "type": "Feature", "properties": { "type": "gap" }, "geometry": { "type": "LineString", "coordinates": [ [ 77.520382237441481, 12.931994700241386 ], [ 77.520176560047076, 12.932200458319729 ], [ 77.519084151204879, 12.932211010799401 ] ] } },
{ "type": "Feature", "properties": { "type": "gap" }, "geometry": { "type": "LineString", "coordinates": [ [ 77.461781953326934, 12.916827324476031 ], [ 77.461216610441525, 12.916283314968036 ] ] } },
{ "type": "Feature", "properties": { "type": "gap" }, "geometry": { "type": "LineString", "coordinates": [ [ 77.461216610441525, 12.916283314968036 ], [ 77.459803263911738, 12.914923283817862 ], [ 77.45952328429874, 12.914925920639313 ], [ 77.45924599224206, 12.915203201529456 ], [ 77.458406051928904, 12.915211109472665 ], [ 77.457840719287489, 12.914667090615833 ], [ 77.456720799947249, 12.91467762748923 ], [ 77.456710061329787, 12.913579047843767 ], [ 77.456427398366372, 12.913307036097033 ], [ 77.456422030163893, 12.912757746108076 ], [ 77.456699323704143, 12.912480468097343 ], [ 77.456696639452687, 12.91220582314496 ], [ 77.456973932139448, 12.91192854499586 ], [ 77.456971247706832, 12.911653900088741 ], [ 77.457248539540117, 12.911376621801301 ], [ 77.457243170374582, 12.910827332071287 ], [ 77.457797751237933, 12.910272775133112 ], [ 77.45775748310929, 12.906153102901243 ] ] } },
{ "type": "Feature", "properties": { "type": "gap" }, "geometry": { "type": "LineString", "coordinates": [ [ 77.623345283423674, 12.917619765645924 ], [ 77.623346392593746, 12.917725988796438 ], [ 77.623629207364971, 12.917997784995007 ] ] } },
{ "type": "Feature", "properties": { "type": "gap" }, "geometry": { "type": "MultiLineString", "coordinates": [ [ [ 77.708167267409891, 12.916859977396083 ], [ 77.708303313997106, 12.916723671906977 ] ], [ [ 77.708541949066259, 12.916676330108254 ], [ 77.708727120549511, 12.916854169866705 ], [ 77.709286973415843, 12.916848361140318 ], [ 77.710135638592973, 12.917663414932191 ], [ 77.710975419509907, 12.917654696330411 ], [ 77.711065531470467, 12.917741238303742 ] ], [ [ 77.711520468974456, 12.918178150859864 ], [ 77.711541200765211, 12.918198061179499 ], [ 77.711544164694118, 12.918472650543169 ], [ 77.71243265535756, 12.91846342081546 ] ], [ [ 77.71275020989674, 12.91854393171524 ], [ 77.712801803532699, 12.918593480428818 ] ], [ [ 77.713440780477598, 12.919207128605169 ], [ 77.713795449852029, 12.919547736794868 ], [ 77.71379841656379, 12.919822325615263 ], [ 77.714081312240992, 12.920094004062149 ], [ 77.714084987921822, 12.920434160950313 ] ], [ [ 77.715111647359336, 12.920907147415948 ], [ 77.715489861942302, 12.920903212989334 ], [ 77.715772760533724, 12.92117488897509 ], [ 77.716052690171765, 12.921171976256879 ], [ 77.716329649940988, 12.920894475026598 ], [ 77.716326680209235, 12.920619886807444 ], [ 77.716043781891884, 12.9203482114075 ], [ 77.716320740951303, 12.920070710349835 ], [ 77.716317771425139, 12.919796122111386 ], [ 77.717157555145718, 12.919787382222399 ], [ 77.717434512237446, 12.919509880338511 ], [ 77.717433827321116, 12.919446570727231 ] ], [ [ 77.718166718283712, 12.918129163333312 ], [ 77.719314961632122, 12.918117205822012 ] ] ] } },
{ "type": "Feature", "properties": { "type": "gap" }, "geometry": { "type": "MultiLineString", "coordinates": [ [ [ 77.567761948164872, 12.91976086019654 ], [ 77.566801366608146, 12.918837304795177 ], [ 77.565961483762379, 12.918845560710668 ], [ 77.565862988938292, 12.918750861145972 ] ], [ [ 77.562633537399151, 12.919152897264361 ], [ 77.562580391876011, 12.919153418918786 ] ] ] } },
{ "type": "Feature", "properties": { "type": "gap" }, "geometry": { "type": "MultiLineString", "coordinates": [ [ [ 77.559071296694242, 12.922208995218973 ], [ 77.558875385941477, 12.922210915890155 ] ], [ [ 77.55758914117277, 12.921532404879519 ], [ 77.557587788663355, 12.921399583033326 ], [ 77.557449237824002, 12.921266364052245 ] ], [ [ 77.556332982129717, 12.92168652561144 ], [ 77.556190754144694, 12.921687918455229 ], [ 77.555960412001085, 12.921466438380534 ] ] ] } },
{ "type": "Feature", "properties": { "type": "gap" }, "geometry": { "type": "LineString", "coordinates": [ [ 77.553506093368838, 12.921282024078266 ], [ 77.553386342996646, 12.921166878327648 ] ] } },
{ "type": "Feature", "properties": { "type": "gap" }, "geometry": { "type": "MultiLineString", "coordinates": [ [ [ 77.610443797248593, 12.925443390239987 ], [ 77.610548681389204, 12.925544193982782 ], [ 77.611948473563231, 12.925530186601316 ], [ 77.612167841372226, 12.925310571327445 ] ], [ [ 77.616774872331447, 12.922363078673566 ], [ 77.616875848091368, 12.922261984447745 ] ], [ [ 77.619950305710063, 12.920506475531131 ], [ 77.620015664842427, 12.920505819545019 ], [ 77.620294627109075, 12.920226521362949 ] ] ] } },
{ "type": "Feature", "properties": { "type": "gap" }, "geometry": { "type": "LineString", "coordinates": [ [ 77.498790840506814, 12.921694389690131 ], [ 77.498684901805902, 12.92159248116435 ] ] } },
{ "type": "Feature", "properties": { "type": "gap" }, "geometry": { "type": "LineString", "coordinates": [ [ 77.74551987826527, 12.920234173189257 ], [ 77.745438916495985, 12.920315311981044 ], [ 77.745158994701214, 12.920318255999693 ], [ 77.743744387565215, 12.91896006191703 ], [ 77.742904625303112, 12.91896888671851 ], [ 77.742621706413829, 12.918697245505419 ], [ 77.742341785757247, 12.918700186143514 ], [ 77.742058867713922, 12.918428544131684 ], [ 77.740659264572969, 12.918443241014048 ], [ 77.740382339224652, 12.918720762230761 ], [ 77.740242796608285, 12.918722227002757 ] ] } },
{ "type": "Feature", "properties": { "type": "gap" }, "geometry": { "type": "MultiLineString", "coordinates": [ [ [ 77.584746986104278, 12.921406712722904 ], [ 77.586409776858204, 12.919742370786359 ], [ 77.586969691770932, 12.919736822939045 ], [ 77.587523948989798, 12.919182039867678 ], [ 77.587803905607245, 12.919179265017902 ], [ 77.58780107668359, 12.918904648056143 ], [ 77.588028647864121, 12.918676859393535 ] ], [ [ 77.589181471520661, 12.917009750101952 ], [ 77.589178216019377, 12.916693836136307 ], [ 77.589732462033211, 12.916139050451349 ], [ 77.589729631691824, 12.915864433846366 ], [ 77.590006753543562, 12.915587040782938 ], [ 77.590286705606019, 12.915584264031532 ], [ 77.590283874785072, 12.915309647535819 ], [ 77.59035445850806, 12.915238994405124 ] ], [ [ 77.590562522908286, 12.915030725107224 ], [ 77.590656363981893, 12.914936791474249 ] ], [ [ 77.593270452163907, 12.907033019007091 ], [ 77.592995571175905, 12.90676876856673 ], [ 77.592992739397147, 12.906494152477652 ], [ 77.593269848657187, 12.906216758414917 ], [ 77.593829730407705, 12.906211201583009 ], [ 77.593888948937192, 12.906268129825506 ] ], [ [ 77.595821139365981, 12.904772619596507 ], [ 77.596560622390456, 12.904032355237089 ] ], [ [ 77.596755870798489, 12.903984992304988 ], [ 77.597726202518999, 12.903975349581025 ] ] ] } },
{ "type": "Feature", "properties": { "type": "gap" }, "geometry": { "type": "MultiLineString", "coordinates": [ [ [ 77.65222506884038, 12.921647977530629 ], [ 77.65222697343026, 12.921828328793366 ], [ 77.651893388534759, 12.922162397397164 ] ], [ [ 77.648196920114955, 12.92697416564118 ], [ 77.648082814356954, 12.927088431922694 ], [ 77.648365663149434, 12.927360193908468 ], [ 77.648378252164008, 12.927360066122942 ] ], [ [ 77.649792769459921, 12.928187710614909 ], [ 77.650339822695557, 12.928713309830673 ] ] ] } },
{ "type": "Feature", "properties": { "type": "gap" }, "geometry": { "type": "LineString", "coordinates": [ [ 77.55983870851405, 12.922476120652069 ], [ 77.55958605678299, 12.922233197281988 ] ] } },
{ "type": "Feature", "properties": { "type": "gap" }, "geometry": { "type": "LineString", "coordinates": [ [ 77.683597185798931, 12.924543923477056 ], [ 77.683271924752205, 12.924869733957289 ] ] } },
{ "type": "Feature", "properties": { "type": "gap" }, "geometry": { "type": "LineString", "coordinates": [ [ 77.702597038179263, 12.924332486319539 ], [ 77.702389473550809, 12.924334635868313 ] ] } },
{ "type": "Feature", "properties": { "type": "gap" }, "geometry": { "type": "MultiLineString", "coordinates": [ [ [ 77.705812127500053, 12.929000756188618 ], [ 77.705887356960844, 12.929073003547908 ] ], [ [ 77.707206880249643, 12.931648672400069 ], [ 77.707210390578282, 12.931974052239047 ] ] ] } },
{ "type": "Feature", "properties": { "type": "gap" }, "geometry": { "type": "MultiLineString", "coordinates": [ [ [ 77.707210390578282, 12.931974052239047 ], [ 77.707776204055179, 12.932517419953976 ], [ 77.708316471552465, 12.932511810102737 ] ], [ [ 77.708336726793874, 12.932570394231567 ], [ 77.708339056086047, 12.932786196145736 ], [ 77.708419148430934, 12.932863110449693 ] ], [ [ 77.708107481761346, 12.93727002132 ], [ 77.708115431492232, 12.938006309257704 ], [ 77.708681262841026, 12.938549671702175 ], [ 77.708684228471313, 12.938824261291909 ], [ 77.708967145436418, 12.939095941793196 ], [ 77.708970111509032, 12.939370531306253 ], [ 77.709250063012746, 12.939367621860645 ], [ 77.709532981200283, 12.939639301494235 ], [ 77.710092884477064, 12.939633480976408 ], [ 77.710375803750296, 12.939905159448859 ] ] ] } },
{ "type": "Feature", "properties": { "type": "gap" }, "geometry": { "type": "MultiLineString", "coordinates": [ [ [ 77.565583125579266, 12.930109898421961 ], [ 77.565236622981644, 12.930113305960397 ], [ 77.564921650880692, 12.93042851360584 ] ], [ [ 77.56328562521955, 12.930996187919616 ], [ 77.563288024068115, 12.931231058476515 ], [ 77.562728073068399, 12.931236560367971 ] ] ] } },
{ "type": "Feature", "properties": { "type": "gap" }, "geometry": { "type": "MultiLineString", "coordinates": [ [ [ 77.562728073068399, 12.931236560367971 ], [ 77.562578606815151, 12.931092859686883 ] ], [ [ 77.561302684668192, 12.930681928074806 ], [ 77.56103981150865, 12.930429191300325 ], [ 77.560895519843626, 12.930430607849878 ] ], [ [ 77.55484377141687, 12.925820875925286 ], [ 77.554552859314214, 12.925823723940939 ], [ 77.55427009417609, 12.925551840458105 ], [ 77.554265788691325, 12.92512860558592 ] ] ] } },
{ "type": "Feature", "properties": { "type": "gap" }, "geometry": { "type": "MultiLineString", "coordinates": [ [ [ 77.641038934458919, 12.929018874769378 ], [ 77.641103229546815, 12.929080652510793 ] ], [ [ 77.641105808777326, 12.929080017186774 ], [ 77.64138128787215, 12.928804166750012 ], [ 77.641396086700468, 12.928804016914736 ] ] ] } },
{ "type": "Feature", "properties": { "type": "gap" }, "geometry": { "type": "MultiLineString", "coordinates": [ [ [ 77.73944308283788, 12.925698427288939 ], [ 77.739337533108127, 12.925597086219929 ], [ 77.739057603993402, 12.925600024879646 ], [ 77.739045861736443, 12.9255887507969 ] ], [ [ 77.737967313625091, 12.925336853174086 ], [ 77.737934892374895, 12.925337193366664 ], [ 77.737381021781445, 12.925892233829874 ] ] ] } },
{ "type": "Feature", "properties": { "type": "gap" }, "geometry": { "type": "MultiLineString", "coordinates": [ [ [ 77.503643581247488, 12.930986369702667 ], [ 77.503640841679825, 12.930711734944225 ], [ 77.503358114618052, 12.930439787129629 ], [ 77.503635362734059, 12.930162465408326 ], [ 77.503632623355955, 12.929887830630866 ], [ 77.504047157951106, 12.92988385209061 ] ], [ [ 77.505206032365308, 12.929146115870795 ], [ 77.505823032018213, 12.928528940346119 ] ] ] } },
{ "type": "Feature", "properties": { "type": "gap" }, "geometry": { "type": "LineString", "coordinates": [ [ 77.660155603984904, 12.930261188342749 ], [ 77.664914789022419, 12.930212611174401 ] ] } },
{ "type": "Feature", "properties": { "type": "gap" }, "geometry": { "type": "MultiLineString", "coordinates": [ [ [ 77.589891065439943, 12.931517570158745 ], [ 77.5904453358892, 12.930962777619557 ], [ 77.59072530498392, 12.930959997151614 ], [ 77.591279572247302, 12.930405203398957 ], [ 77.59211947691378, 12.93039685876502 ], [ 77.592402281559387, 12.930668692338807 ], [ 77.592682249890814, 12.93066590983403 ], [ 77.592959380991559, 12.930388511433904 ], [ 77.593239348886627, 12.930385728390824 ], [ 77.593522154492504, 12.930657560521544 ], [ 77.59379928448044, 12.930380161405612 ], [ 77.594872554295961, 12.930369487396575 ] ], [ [ 77.596424251280965, 12.930728152562901 ], [ 77.597170259927225, 12.931445192997428 ], [ 77.598010164134806, 12.931436828749121 ], [ 77.598564413067209, 12.930882022371506 ], [ 77.599124347393484, 12.93087644375349 ] ] ] } },
{ "type": "Feature", "properties": { "type": "gap" }, "geometry": { "type": "LineString", "coordinates": [ [ 77.599124347393484, 12.93087644375349 ], [ 77.599678592397538, 12.930321635687438 ] ] } },
{ "type": "Feature", "properties": { "type": "gap" }, "geometry": { "type": "MultiLineString", "coordinates": [ [ [ 77.599678592397538, 12.930321635687438 ], [ 77.599955713983093, 12.93004423137902 ], [ 77.60023567993457, 12.930041440905148 ], [ 77.600789920530644, 12.929486631260831 ], [ 77.600507110170255, 12.929214808241912 ], [ 77.60050426508478, 12.92894019426592 ], [ 77.600781384357845, 12.928662789516634 ], [ 77.601341312746825, 12.928657207083901 ], [ 77.601618430666861, 12.928379801674406 ], [ 77.601612738511818, 12.92783057416791 ], [ 77.601329929658448, 12.92755875182579 ], [ 77.601324238508099, 12.927009524158445 ], [ 77.601601354989498, 12.926732119078338 ], [ 77.601625906145912, 12.926731874287574 ] ], [ [ 77.602744055767886, 12.926698073495333 ], [ 77.602998316551776, 12.926443544918328 ], [ 77.602995469374051, 12.926168931430098 ], [ 77.60327258290998, 12.925891525085042 ], [ 77.60308382540228, 12.925710100895767 ] ] ] } },
{ "type": "Feature", "properties": { "type": "gap" }, "geometry": { "type": "MultiLineString", "coordinates": [ [ [ 77.60221252382739, 12.931669580598292 ], [ 77.601646895381066, 12.931125938823939 ], [ 77.60108696162483, 12.931131522958946 ], [ 77.601072133505426, 12.931117271110045 ] ], [ [ 77.600074097948507, 12.930592336261064 ], [ 77.599961403522713, 12.930593459518578 ], [ 77.599678592397538, 12.930321635687438 ] ] ] } },
{ "type": "Feature", "properties": { "type": "gap" }, "geometry": { "type": "LineString", "coordinates": [ [ 77.704660653022174, 12.93142765275212 ], [ 77.704684975298875, 12.931451010789225 ], [ 77.706644579544758, 12.9314306827898 ], [ 77.707210390578282, 12.931974052239047 ] ] } },
{ "type": "Feature", "properties": { "type": "gap" }, "geometry": { "type": "LineString", "coordinates": [ [ 77.646729384649603, 12.931496294891891 ], [ 77.646723592419306, 12.930947087455628 ] ] } },
{ "type": "Feature", "properties": { "type": "gap" }, "geometry": { "type": "LineString", "coordinates": [ [ 77.648710062881193, 12.930067864541762 ], [ 77.649505760231179, 12.929271046990506 ], [ 77.649788613194204, 12.929542806615991 ], [ 77.650068567355163, 12.929539962805862 ], [ 77.650351421167571, 12.92981172163846 ], [ 77.651751192161825, 12.929797496283358 ] ] } },
{ "type": "Feature", "properties": { "type": "gap" }, "geometry": { "type": "MultiLineString", "coordinates": [ [ [ 77.684525914738273, 12.931384651457513 ], [ 77.684410390657888, 12.931273689625934 ] ], [ [ 77.684080005045885, 12.931276235250452 ], [ 77.684048456666375, 12.93130783656509 ] ], [ [ 77.683464423167663, 12.931120948821972 ], [ 77.68340318479666, 12.931121578837747 ], [ 77.683402869019105, 12.931092047017959 ] ], [ [ 77.681881253655945, 12.930703296963911 ], [ 77.681788583027469, 12.930796121588498 ] ] ] } },
{ "type": "Feature", "properties": { "type": "gap" }, "geometry": { "type": "LineString", "coordinates": [ [ 77.599131494643032, 12.931566559876616 ], [ 77.599124347393484, 12.93087644375349 ] ] } },
{ "type": "Feature", "properties": { "type": "gap" }, "geometry": { "type": "MultiLineString", "coordinates": [ [ [ 77.626586674874886, 12.93307309665359 ], [ 77.626869513084515, 12.933344885056352 ], [ 77.627146601513417, 12.933067456986597 ], [ 77.627230243606604, 12.933066614427455 ] ], [ [ 77.627635723813469, 12.933537467770561 ], [ 77.627995119410969, 12.93388281873554 ], [ 77.628000872033894, 12.934432034368433 ], [ 77.627723783524317, 12.934709463429206 ], [ 77.627725352155167, 12.93485923217491 ] ], [ [ 77.628020177932314, 12.936275025912408 ], [ 77.628021008303165, 12.936354288882052 ], [ 77.628532315121149, 12.936845604852365 ] ] ] } },
{ "type": "Feature", "properties": { "type": "gap" }, "geometry": { "type": "MultiLineString", "coordinates": [ [ [ 77.630244520744824, 12.935782596053231 ], [ 77.631094877944506, 12.935774017036341 ], [ 77.631371962947725, 12.935496584899514 ], [ 77.631931892830409, 12.935490933926358 ], [ 77.632208976478438, 12.935213501131779 ], [ 77.632488940948136, 12.935210674957778 ], [ 77.632766023613001, 12.934933241743293 ], [ 77.633045987644266, 12.934930415031783 ], [ 77.633600150396532, 12.934375547581009 ], [ 77.63381739572452, 12.934373353539366 ] ], [ [ 77.634713278878081, 12.933723913973266 ], [ 77.63471135204631, 12.933540416839618 ], [ 77.634908548286944, 12.933538424566985 ] ], [ [ 77.635537864191974, 12.93225863969209 ], [ 77.635528164662787, 12.931335080993804 ], [ 77.635245321644007, 12.931063303324196 ], [ 77.635258265701694, 12.931050342494316 ] ], [ [ 77.63642909191293, 12.930227435633887 ], [ 77.636916419808514, 12.930222509851546 ], [ 77.636960678298991, 12.930178193333578 ] ] ] } },
{ "type": "Feature", "properties": { "type": "gap" }, "geometry": { "type": "MultiLineString", "coordinates": [ [ [ 77.574795139754983, 12.933864200596274 ], [ 77.574517981671008, 12.934141584123395 ], [ 77.574235187959516, 12.933869728278312 ], [ 77.573955211964346, 12.933872491669653 ], [ 77.573952394859248, 12.933597872005791 ], [ 77.573672419104724, 12.933600635036711 ], [ 77.573591453177031, 12.933522800054009 ] ], [ [ 77.572042580035543, 12.932305719912696 ], [ 77.571978489357917, 12.932244106390536 ], [ 77.57197567478147, 12.931969486264165 ], [ 77.57141009822945, 12.931425766588124 ], [ 77.571407284458786, 12.931151146321483 ], [ 77.571124497469839, 12.930879285775637 ], [ 77.571123820532463, 12.930813207928605 ] ] ] } },
{ "type": "Feature", "properties": { "type": "gap" }, "geometry": { "type": "LineString", "coordinates": [ [ 77.661529563926848, 12.933268104486265 ], [ 77.672785575945696, 12.933152989596859 ] ] } },
{ "type": "Feature", "properties": { "type": "gap" }, "geometry": { "type": "MultiLineString", "coordinates": [ [ [ 77.637233894290858, 12.933789555333982 ], [ 77.637231007996007, 12.933514949554365 ], [ 77.637510969435539, 12.933512118357401 ], [ 77.638065117891756, 12.932957243858663 ], [ 77.638345078520544, 12.932954411886831 ], [ 77.638622151459998, 12.932676974127162 ], [ 77.63861926390382, 12.932402368632626 ], [ 77.638899223788442, 12.932399536185699 ], [ 77.639453366612315, 12.931844659757475 ], [ 77.639733325686151, 12.93184182653583 ], [ 77.640010395809512, 12.931564387811616 ], [ 77.64000461824169, 12.931015177386636 ], [ 77.640049437909923, 12.930970297958572 ] ], [ [ 77.640730108024286, 12.930896770908364 ], [ 77.64084449211434, 12.931006675584364 ], [ 77.641416600391921, 12.931000882748675 ] ], [ [ 77.645376213992336, 12.930686122241994 ], [ 77.645431235208534, 12.930685564239251 ] ] ] } },
{ "type": "Feature", "properties": { "type": "gap" }, "geometry": { "type": "MultiLineString", "coordinates": [ [ [ 77.550602961343614, 12.935324569436377 ], [ 77.55045095529799, 12.935476669845221 ], [ 77.550170972278281, 12.935479408053911 ], [ 77.549888198050141, 12.935207521140416 ], [ 77.549328232300255, 12.935212995938432 ], [ 77.549072411478605, 12.934967022732208 ] ], [ [ 77.548955488178834, 12.934941987300252 ], [ 77.548765476435946, 12.934943844468158 ], [ 77.548695008578903, 12.934876088896839 ] ], [ [ 77.54824620181715, 12.934674266692339 ], [ 77.548202721601257, 12.934674691552004 ], [ 77.547925527859647, 12.934952052437215 ], [ 77.547244348605361, 12.934958706928285 ] ], [ [ 77.539017853079343, 12.93427339390462 ], [ 77.538957703315063, 12.934215554659502 ], [ 77.538952273354496, 12.9336789287039 ] ], [ [ 77.538941975523343, 12.933656520843755 ], [ 77.537821101313796, 12.932578690641527 ], [ 77.537818103986723, 12.932282305528668 ] ] ] } },
{ "type": "Feature", "properties": { "type": "gap" }, "geometry": { "type": "MultiLineString", "coordinates": [ [ [ 77.716591682502212, 12.934510200824603 ], [ 77.716478223908297, 12.934623877779574 ], [ 77.71647980609535, 12.934769999060473 ] ], [ [ 77.715868486200065, 12.936345052747443 ], [ 77.715659197727263, 12.936554741782306 ], [ 77.715662316516969, 12.936842815197952 ] ], [ [ 77.715681666126983, 12.938629925834393 ], [ 77.71568298196857, 12.938751445903973 ], [ 77.715351550556576, 12.938754898369487 ] ], [ [ 77.71564999826019, 12.939806705235407 ], [ 77.715977800124364, 12.940121468938278 ], [ 77.715983748166536, 12.940670644711933 ], [ 77.716266673916564, 12.940942315264962 ], [ 77.716272622981293, 12.941491490872016 ], [ 77.716228566133793, 12.941535631662381 ] ] ] } },
{ "type": "Feature", "properties": { "type": "gap" }, "geometry": { "type": "LineString", "coordinates": [ [ 77.565298387310946, 12.936154980199042 ], [ 77.564732811204095, 12.935611245235085 ], [ 77.564721581958466, 12.934512758704772 ], [ 77.564156011259698, 12.933969021498408 ], [ 77.564144786012321, 12.932870534331975 ], [ 77.563296438991827, 12.932054924519031 ], [ 77.563293633952568, 12.931780302511225 ], [ 77.562728073068399, 12.931236560367971 ] ] } },
{ "type": "Feature", "properties": { "type": "gap" }, "geometry": { "type": "LineString", "coordinates": [ [ 77.473741348973761, 12.937039646076823 ], [ 77.472893223264734, 12.936223690577012 ], [ 77.472053221342421, 12.936231655093833 ], [ 77.47149863102652, 12.936786246021127 ], [ 77.470938627960408, 12.936791553232476 ], [ 77.470661331148847, 12.937068847927936 ], [ 77.470101327096984, 12.937074153455988 ] ] } },
{ "type": "Feature", "properties": { "type": "gap" }, "geometry": { "type": "LineString", "coordinates": [ [ 77.470101327096984, 12.937074153455988 ], [ 77.469818621079824, 12.936802164055768 ] ] } },
{ "type": "Feature", "properties": { "type": "gap" }, "geometry": { "type": "LineString", "coordinates": [ [ 77.469818621079824, 12.936802164055768 ], [ 77.469253210880126, 12.936258183987396 ], [ 77.468973209490983, 12.936260835227095 ], [ 77.468690505551876, 12.935988844200873 ], [ 77.468685100763494, 12.935439560249925 ], [ 77.468402398172003, 12.935167568672155 ], [ 77.468396994368931, 12.934618284566941 ], [ 77.468116994627323, 12.934620934557914 ], [ 77.467834293626765, 12.934348942070596 ], [ 77.467831592492402, 12.934074299885879 ], [ 77.468108890307093, 12.933797008178203 ], [ 77.468103487738418, 12.933247723893444 ], [ 77.467820788577825, 12.932975731083783 ], [ 77.467793783151279, 12.930229308635898 ], [ 77.465532241304004, 12.928053345796643 ], [ 77.465529544046575, 12.927778703001605 ], [ 77.464681477040799, 12.926962709776229 ], [ 77.464673388951454, 12.926138780773641 ], [ 77.464390702274784, 12.925866781994335 ], [ 77.464110711441307, 12.925869425928839 ], [ 77.46382802561898, 12.925597426369658 ], [ 77.46382533075446, 12.925322783169356 ], [ 77.463545340407606, 12.925325426388387 ], [ 77.463534562793214, 12.924226853291811 ], [ 77.462403833939206, 12.92313884811665 ], [ 77.462123845725273, 12.923141489373204 ], [ 77.461841165282266, 12.922869486666812 ], [ 77.459881247748598, 12.922887964569755 ], [ 77.459603949004631, 12.923165247198765 ], [ 77.459043971272663, 12.923170523419598 ], [ 77.458761293506399, 12.922898516779668 ], [ 77.458750538898101, 12.921799939512924 ] ] } },
{ "type": "Feature", "properties": { "type": "gap" }, "geometry": { "type": "LineString", "coordinates": [ [ 77.458750538898101, 12.921799939512924 ], [ 77.460968910833913, 12.919581681025834 ], [ 77.460947389026217, 12.917384529493999 ], [ 77.461224680824301, 12.917107246741649 ], [ 77.461216610441525, 12.916283314968036 ] ] } },
{ "type": "Feature", "properties": { "type": "gap" }, "geometry": { "type": "MultiLineString", "coordinates": [ [ [ 77.616539452805185, 12.93619511938274 ], [ 77.616816557382563, 12.93591769956535 ], [ 77.616813692930478, 12.935643089313135 ], [ 77.617093661348733, 12.935640279565057 ], [ 77.617370764703679, 12.935362859381874 ], [ 77.617160881430834, 12.935161163123917 ] ], [ [ 77.619536260958853, 12.934997166127653 ], [ 77.619890474149926, 12.935337556015746 ], [ 77.619893341897594, 12.935612165595892 ], [ 77.620176177708345, 12.935883962062183 ], [ 77.620179045893849, 12.936158571567821 ], [ 77.621310396736249, 12.937245752863967 ], [ 77.621316136279844, 12.937794971311023 ], [ 77.621881816855975, 12.938338559108278 ], [ 77.622469841024653, 12.938332644790403 ] ], [ [ 77.623929742489466, 12.939340542516208 ], [ 77.623853098873909, 12.939417277020436 ], [ 77.624135943242933, 12.939689067470104 ], [ 77.624297409581985, 12.939687442025816 ] ], [ [ 77.625789196511079, 12.939421270702894 ], [ 77.626089989973082, 12.939120115628194 ] ] ] } },
{ "type": "Feature", "properties": { "type": "gap" }, "geometry": { "type": "LineString", "coordinates": [ [ 77.626089989973082, 12.939120115628194 ], [ 77.626087114640782, 12.938845507490528 ], [ 77.626641302691368, 12.938290650376976 ], [ 77.626638426946556, 12.938016042343849 ], [ 77.626915519815483, 12.937738613568802 ], [ 77.628230800032227, 12.937725357852427 ] ] } },
{ "type": "Feature", "properties": { "type": "gap" }, "geometry": { "type": "MultiLineString", "coordinates": [ [ [ 77.721014525075589, 12.939849818471515 ], [ 77.721016902397324, 12.940068914689023 ], [ 77.72129983166532, 12.94034057883381 ], [ 77.72130281152765, 12.940615165500752 ], [ 77.721111133248428, 12.940807216826299 ] ], [ [ 77.720864806881266, 12.941331594134823 ], [ 77.720779659613001, 12.941416906722131 ] ], [ [ 77.720763470415434, 12.942515698288679 ], [ 77.720763767967796, 12.942543117899936 ], [ 77.721046700367651, 12.942814781773819 ], [ 77.721326652898512, 12.942811858604275 ], [ 77.721609586146783, 12.943083521679702 ], [ 77.722729396531335, 12.943071824546987 ], [ 77.72301233133895, 12.943343485731919 ], [ 77.725811854859018, 12.943314218269153 ], [ 77.726094792647459, 12.943585875379 ], [ 77.726654697000029, 12.943580017559832 ], [ 77.726937635873668, 12.943851673506733 ], [ 77.727217588183635, 12.94384874378323 ], [ 77.727494553012775, 12.943571228582011 ], [ 77.727491565669624, 12.943296643397732 ], [ 77.72917127400234, 12.943279057731086 ], [ 77.729448235735973, 12.943001540996251 ], [ 77.731506107188224, 12.942979979649696 ] ], [ [ 77.732635647069657, 12.942968137992379 ], [ 77.734487339108099, 12.942948714986427 ] ] ] } },
{ "type": "Feature", "properties": { "type": "gap" }, "geometry": { "type": "MultiLineString", "coordinates": [ [ [ 77.693883638361072, 12.93810839528955 ], [ 77.693837881810481, 12.938154231360281 ], [ 77.694403688941819, 12.938697630871626 ], [ 77.694406638986379, 12.938972223706648 ], [ 77.694129634287421, 12.939249710027976 ], [ 77.693849679407919, 12.939252603220906 ], [ 77.69357267372412, 12.939530089126563 ], [ 77.693574442538122, 12.939694772606625 ] ], [ [ 77.69335309007711, 12.940860242408791 ], [ 77.693307464212808, 12.940905947066724 ], [ 77.693310413578672, 12.94118054010411 ], [ 77.692756396777696, 12.941735511588625 ], [ 77.692196480769255, 12.941741295818208 ], [ 77.691919470704434, 12.942018780818415 ], [ 77.691926699527514, 12.942692077899908 ] ], [ [ 77.692720221557181, 12.943658250582827 ], [ 77.692777040913498, 12.943657663468281 ], [ 77.693558785642324, 12.944408430584724 ] ] ] } },
{ "type": "Feature", "properties": { "type": "gap" }, "geometry": { "type": "MultiLineString", "coordinates": [ [ [ 77.513262182050866, 12.940781605765286 ], [ 77.513342405684213, 12.940701356825066 ] ], [ [ 77.513535543119474, 12.940116806407033 ], [ 77.513533921558789, 12.939955008669505 ], [ 77.51360840756351, 12.939880498853332 ] ] ] } },
{ "type": "Feature", "properties": { "type": "gap" }, "geometry": { "type": "MultiLineString", "coordinates": [ [ [ 77.496868976610358, 12.93471146052195 ], [ 77.496959372549512, 12.934621046258631 ], [ 77.496916487102325, 12.93457979466292 ] ], [ [ 77.494576805234232, 12.93124117200043 ], [ 77.493931284979993, 12.930620219128734 ] ], [ [ 77.489712850739622, 12.924930093101139 ], [ 77.489581452848327, 12.924803687184387 ], [ 77.489578730005732, 12.924529049339442 ], [ 77.489296023545307, 12.924257082100622 ], [ 77.489651159363504, 12.923901885289053 ] ], [ [ 77.48988450343073, 12.92260348586734 ], [ 77.489839653652041, 12.922603913687466 ], [ 77.48983693100665, 12.922329275850544 ], [ 77.489549198537148, 12.922052470706115 ] ] ] } },
{ "type": "Feature", "properties": { "type": "gap" }, "geometry": { "type": "LineString", "coordinates": [ [ 77.641508499696101, 12.94088677875216 ], [ 77.641785575471616, 12.940609336761062 ], [ 77.641765326921373, 12.938687104253551 ], [ 77.642042400412407, 12.938409662471408 ], [ 77.642036615234417, 12.937860453237544 ], [ 77.642313687636218, 12.9375830113853 ], [ 77.642302117124558, 12.93648459306405 ], [ 77.642019261300646, 12.936212825382244 ], [ 77.642010585233848, 12.935389011368125 ], [ 77.642287655485319, 12.935111570018378 ], [ 77.642276087374128, 12.934013151466564 ], [ 77.642553156058995, 12.9337357101585 ], [ 77.642270303718604, 12.933463942152233 ], [ 77.642261628735397, 12.932640128132716 ], [ 77.642541588059288, 12.932637291727584 ], [ 77.643095721685256, 12.932082409013368 ], [ 77.643092829374424, 12.93180780450133 ], [ 77.643369895032151, 12.931530362927726 ], [ 77.643649852867298, 12.931527525572896 ], [ 77.644203981605557, 12.930972641406319 ], [ 77.646723592419306, 12.930947087455628 ] ] } },
{ "type": "Feature", "properties": { "type": "gap" }, "geometry": { "type": "MultiLineString", "coordinates": [ [ [ 77.580476571613133, 12.941772784807929 ], [ 77.580479397700671, 12.94204740288415 ], [ 77.58073670515553, 12.94229473486085 ] ], [ [ 77.581615651231331, 12.943621283276114 ], [ 77.581619124990283, 12.943958637296346 ], [ 77.581935160589978, 12.944262414523701 ] ], [ [ 77.584794656204295, 12.947010938491747 ], [ 77.585578572298019, 12.947764414131743 ], [ 77.585581405325684, 12.948039030972266 ], [ 77.585027091705214, 12.948593821676862 ], [ 77.58446711157265, 12.948599377519045 ], [ 77.584469943572202, 12.948873994584011 ], [ 77.583915625537614, 12.94942878370173 ], [ 77.583921288769403, 12.949978018030492 ], [ 77.584486936939555, 12.950521696839754 ], [ 77.584764096483411, 12.950244301676729 ], [ 77.585053359854655, 12.950241431231392 ] ], [ [ 77.585841208724716, 12.951823353177272 ], [ 77.585901068075827, 12.951880886366737 ], [ 77.585906736766532, 12.952430119728032 ], [ 77.586189565572752, 12.952701956213588 ], [ 77.586192400387375, 12.952976572817347 ], [ 77.586475230177101, 12.953248408807122 ], [ 77.586480900744959, 12.953797641860847 ], [ 77.586763731889661, 12.954069477287483 ], [ 77.586769403461517, 12.954618710181009 ], [ 77.587052235961266, 12.954890545044462 ], [ 77.587055072216586, 12.955165161414314 ], [ 77.586500749789252, 12.955719957347688 ], [ 77.586512093536768, 12.956818423199636 ], [ 77.586232094647201, 12.956821204599335 ], [ 77.585677767100648, 12.957375999750948 ], [ 77.585539060039409, 12.957377377260427 ] ], [ [ 77.584565662655791, 12.957934125798863 ], [ 77.58456343615785, 12.95793635414595 ], [ 77.584283435586613, 12.957939133686908 ], [ 77.584006268555555, 12.958216529897127 ], [ 77.584014769763158, 12.959040380767654 ] ] ] } },
{ "type": "Feature", "properties": { "type": "gap" }, "geometry": { "type": "MultiLineString", "coordinates": [ [ [ 77.584014769763158, 12.959040380767654 ], [ 77.584309467251032, 12.959323618342507 ] ], [ [ 77.587308771026059, 12.958518167912178 ], [ 77.587369112905392, 12.958457774687858 ], [ 77.587401975599178, 12.958489358775449 ] ] ] } },
{ "type": "Feature", "properties": { "type": "gap" }, "geometry": { "type": "MultiLineString", "coordinates": [ [ [ 77.592103655652949, 12.955950899669553 ], [ 77.592103531327695, 12.955938886418497 ], [ 77.592115779991289, 12.955938764482474 ] ], [ [ 77.593955997865507, 12.955645795303612 ], [ 77.595460640551465, 12.955630801800579 ], [ 77.596292087604994, 12.954798584656892 ] ] ] } },
{ "type": "Feature", "properties": { "type": "gap" }, "geometry": { "type": "LineString", "coordinates": [ [ 77.596292087604994, 12.954798584656892 ], [ 77.59713207058266, 12.954790208407026 ], [ 77.597112770951682, 12.952928629981855 ] ] } },
{ "type": "Feature", "properties": { "type": "gap" }, "geometry": { "type": "LineString", "coordinates": [ [ 77.614263749939795, 12.948851357615691 ], [ 77.616951261128477, 12.948824374206318 ], [ 77.617234112152232, 12.949096171382674 ], [ 77.61751122725336, 12.948818748491783 ] ] } },
{ "type": "Feature", "properties": { "type": "gap" }, "geometry": { "type": "LineString", "coordinates": [ [ 77.61751122725336, 12.948818748491783 ], [ 77.618619681539116, 12.947709055096615 ] ] } },
{ "type": "Feature", "properties": { "type": "gap" }, "geometry": { "type": "MultiLineString", "coordinates": [ [ [ 77.618619681539116, 12.947709055096615 ], [ 77.618896793580959, 12.947431631290021 ], [ 77.618893924213609, 12.947157021738104 ], [ 77.619294053874, 12.946756440241499 ] ], [ [ 77.619492128525707, 12.946558141305292 ], [ 77.62004780855051, 12.946001829901725 ] ] ] } },
{ "type": "Feature", "properties": { "type": "gap" }, "geometry": { "type": "LineString", "coordinates": [ [ 77.622969354543443, 12.944369648705464 ], [ 77.623344870058574, 12.944365868734776 ], [ 77.623621972899514, 12.944088441541485 ], [ 77.623617800609139, 12.943689748710119 ] ] } },
{ "type": "Feature", "properties": { "type": "gap" }, "geometry": { "type": "LineString", "coordinates": [ [ 77.626658319381988, 12.939915463208294 ], [ 77.626652806333496, 12.939389082445505 ], [ 77.626369960181449, 12.939117295183012 ], [ 77.626089989973082, 12.939120115628194 ] ] } },
{ "type": "Feature", "properties": { "type": "gap" }, "geometry": { "type": "MultiLineString", "coordinates": [ [ [ 77.554486700099687, 12.944199764807792 ], [ 77.554460217961065, 12.944226263611171 ], [ 77.554461226238516, 12.944325221018021 ] ], [ [ 77.554423296442721, 12.944501276599135 ], [ 77.553903031641639, 12.944506375745947 ], [ 77.553625836613122, 12.944783743362542 ], [ 77.553345843905234, 12.944786486914778 ], [ 77.553351438104812, 12.945335734664891 ], [ 77.553074241611199, 12.945613101963016 ], [ 77.553076619081679, 12.945846538466407 ] ] ] } },
{ "type": "Feature", "properties": { "type": "gap" }, "geometry": { "type": "MultiLineString", "coordinates": [ [ [ 77.544973315691266, 12.951734708651019 ], [ 77.544564065631121, 12.951738707039935 ] ], [ [ 77.540285311905322, 12.953415609038871 ], [ 77.540272407251834, 12.953428520073146 ] ] ] } },
{ "type": "Feature", "properties": { "type": "gap" }, "geometry": { "type": "MultiLineString", "coordinates": [ [ [ 77.536757199125915, 12.94604711458055 ], [ 77.536644856962994, 12.946048208236423 ] ], [ [ 77.535363151631898, 12.945988675788984 ], [ 77.535119714451483, 12.945754597992863 ] ], [ [ 77.533384360566458, 12.945255962855947 ], [ 77.532638687625706, 12.945263211032046 ] ], [ [ 77.52986789490329, 12.945806392774292 ], [ 77.529834541355413, 12.945839760735137 ], [ 77.529082481763709, 12.945847061030214 ] ] ] } },
{ "type": "Feature", "properties": { "type": "gap" }, "geometry": { "type": "MultiLineString", "coordinates": [ [ [ 77.528146769502001, 12.94508496876548 ], [ 77.528145210329171, 12.944930357842038 ] ], [ [ 77.528404685577343, 12.942892562949842 ], [ 77.52840130991639, 12.94255779811791 ], [ 77.528525295505958, 12.942433759243377 ] ] ] } },
{ "type": "Feature", "properties": { "type": "gap" }, "geometry": { "type": "MultiLineString", "coordinates": [ [ [ 77.603456929656403, 12.943657408391989 ], [ 77.603457801688549, 12.94374138496944 ], [ 77.603740634128428, 12.944013200789893 ], [ 77.60374409325685, 12.944346265075348 ] ], [ [ 77.603628544379234, 12.944680340086908 ], [ 77.603192078743888, 12.945117247139651 ], [ 77.603200634072678, 12.945941086263236 ], [ 77.602595635946543, 12.946546691770704 ] ], [ [ 77.601828833314428, 12.948663470594934 ], [ 77.601829225031139, 12.948701201459693 ], [ 77.601838815938734, 12.948701105672873 ] ], [ [ 77.602673420350897, 12.949240627106816 ], [ 77.602674887844657, 12.949242037407958 ], [ 77.602755881989566, 12.949241228193108 ] ], [ [ 77.602955446071277, 12.949294258109409 ], [ 77.602960579452031, 12.949788465964897 ], [ 77.603140585559657, 12.949961455569188 ] ] ] } },
{ "type": "Feature", "properties": { "type": "gap" }, "geometry": { "type": "MultiLineString", "coordinates": [ [ [ 77.59029494004983, 12.94351374397297 ], [ 77.590295809470746, 12.943597896080114 ], [ 77.590861451632449, 12.944141561378876 ], [ 77.590864289622971, 12.944416177143911 ], [ 77.591060037016206, 12.944604317934209 ] ], [ [ 77.591149215896365, 12.944891560793797 ], [ 77.591149950419791, 12.9449626247744 ], [ 77.591171213184694, 12.944962413346946 ] ], [ [ 77.593232718742954, 12.94576583690994 ], [ 77.593678332984922, 12.945761401735419 ], [ 77.594243986857947, 12.946305057288461 ], [ 77.594244876817356, 12.946391046820885 ] ], [ [ 77.594561521844696, 12.947929446083322 ], [ 77.594541028146907, 12.947949958925827 ], [ 77.594543871030325, 12.948224573807437 ], [ 77.59482385847005, 12.948221785293068 ], [ 77.595389520952054, 12.94876543674126 ], [ 77.59546499258532, 12.948764684842139 ] ] ] } },
{ "type": "Feature", "properties": { "type": "gap" }, "geometry": { "type": "LineString", "coordinates": [ [ 77.702607568559714, 12.943315179207319 ], [ 77.702855559566999, 12.943553326218034 ], [ 77.703294239635824, 12.943548775961652 ] ] } },
{ "type": "Feature", "properties": { "type": "gap" }, "geometry": { "type": "MultiLineString", "coordinates": [ [ [ 77.660578270352204, 12.943713758617294 ], [ 77.660425021940142, 12.943566544854642 ] ], [ [ 77.660291822236815, 12.943105879708249 ], [ 77.660289561486351, 12.942892815473522 ] ] ] } },
{ "type": "Feature", "properties": { "type": "gap" }, "geometry": { "type": "MultiLineString", "coordinates": [ [ [ 77.660289561486351, 12.942892815473522 ], [ 77.660843666313895, 12.942337898594605 ], [ 77.660840752206596, 12.94206329826164 ], [ 77.66230968331196, 12.942048297497958 ] ], [ [ 77.665089824855329, 12.940646737763162 ], [ 77.665585562819501, 12.940641668621289 ], [ 77.665862606545431, 12.940364206216804 ], [ 77.666982456380538, 12.940352750820312 ], [ 77.66809061920334, 12.939242895603412 ], [ 77.668650540733196, 12.939237164210034 ], [ 77.668927579164645, 12.938959699480451 ], [ 77.673143789487725, 12.938916499845671 ] ] ] } },
{ "type": "Feature", "properties": { "type": "gap" }, "geometry": { "type": "LineString", "coordinates": [ [ 77.674942930448495, 12.938485496371694 ], [ 77.67618894516167, 12.937237494258719 ], [ 77.676468901865263, 12.937234620458376 ], [ 77.67674592818382, 12.936957149493013 ] ] } },
{ "type": "Feature", "properties": { "type": "gap" }, "geometry": { "type": "MultiLineString", "coordinates": [ [ [ 77.571836493458804, 12.945703248374986 ], [ 77.571839310975079, 12.945977868243279 ], [ 77.572404927297342, 12.946521580100431 ], [ 77.571850581689375, 12.94707634765269 ], [ 77.572133391028004, 12.947348203527222 ], [ 77.572139027516414, 12.947897443059725 ], [ 77.571861853442343, 12.948174826960072 ], [ 77.571864671542897, 12.948449446770976 ], [ 77.572147482735957, 12.948721302310654 ], [ 77.572153119873633, 12.949270541779388 ], [ 77.571321592199496, 12.950102693737538 ], [ 77.571604405135901, 12.950374549596924 ], [ 77.571607223449789, 12.950649169417391 ], [ 77.571890037369215, 12.950921024782081 ], [ 77.572170032844923, 12.950918260032493 ], [ 77.572735663002277, 12.951461968756981 ], [ 77.572749762640626, 12.952835066455988 ], [ 77.572195406684656, 12.953389836981572 ], [ 77.571915408454274, 12.953392602276509 ], [ 77.571638229186945, 12.953669987021483 ], [ 77.571078231789372, 12.953675516231227 ], [ 77.570801051167749, 12.953952900311346 ], [ 77.570521052000586, 12.953955664226118 ], [ 77.570238235206233, 12.953683807793867 ], [ 77.569678237159721, 12.953689334000968 ], [ 77.56856950357971, 12.954798864413505 ], [ 77.567729501571705, 12.954807148594993 ], [ 77.567478210102848, 12.955058617226321 ] ], [ [ 77.566179315142406, 12.954273132307765 ], [ 77.566043869540849, 12.95427446697331 ], [ 77.566038421016628, 12.954279919281044 ] ] ] } },
{ "type": "Feature", "properties": { "type": "gap" }, "geometry": { "type": "MultiLineString", "coordinates": [ [ [ 77.563238235021871, 12.953752215869901 ], [ 77.563235431144392, 12.95347817749068 ], [ 77.562669812200184, 12.952934445173133 ], [ 77.561829812541092, 12.952942709168239 ], [ 77.561547004711571, 12.952670841286551 ], [ 77.561488969114734, 12.952671412071913 ] ], [ [ 77.559051190019218, 12.951631160330251 ], [ 77.559008434403964, 12.951590057513021 ] ] ] } },
{ "type": "Feature", "properties": { "type": "gap" }, "geometry": { "type": "LineString", "coordinates": [ [ 77.555174849049394, 12.952111351860648 ], [ 77.555101392204094, 12.952184853829181 ], [ 77.554980061593696, 12.952186044063675 ] ] } },
{ "type": "Feature", "properties": { "type": "gap" }, "geometry": { "type": "LineString", "coordinates": [ [ 77.540197245200332, 12.9460136021429 ], [ 77.539920030823211, 12.946290958263475 ], [ 77.539925596295816, 12.946840211709535 ], [ 77.539645598296573, 12.946842940976934 ], [ 77.539368382453759, 12.947120296777355 ], [ 77.539373947087128, 12.947669550424568 ], [ 77.539653946068412, 12.94766682127781 ], [ 77.539936728010403, 12.947938718525306 ], [ 77.539659511570179, 12.948216074779916 ], [ 77.538613514745052, 12.948226268986323 ] ] } },
{ "type": "Feature", "properties": { "type": "gap" }, "geometry": { "type": "LineString", "coordinates": [ [ 77.673751313954838, 12.944952074000403 ], [ 77.674028350674163, 12.94467460381888 ], [ 77.674022492574338, 12.944125409168388 ], [ 77.673739598978273, 12.943853684447477 ], [ 77.673736670402832, 12.943579087043192 ], [ 77.673453777791522, 12.943307361820565 ], [ 77.673450849656774, 12.943032764340451 ], [ 77.673727885081377, 12.942755294791786 ], [ 77.673722028537796, 12.9422060999254 ], [ 77.673999062874458, 12.941928630309489 ], [ 77.673972709624579, 12.939457253601917 ], [ 77.674111906384468, 12.939317837012357 ] ] } },
{ "type": "Feature", "properties": { "type": "gap" }, "geometry": { "type": "MultiLineString", "coordinates": [ [ [ 77.652753681844146, 12.945166684037314 ], [ 77.65303655903935, 12.945438435684078 ], [ 77.65310519466216, 12.945437736848227 ] ], [ [ 77.655280531380853, 12.945415578589744 ], [ 77.65590262512805, 12.945409238525412 ] ], [ [ 77.65650545265062, 12.946324568399499 ], [ 77.656687820480741, 12.946499757531047 ], [ 77.657413189102371, 12.946492360298219 ] ] ] } },
{ "type": "Feature", "properties": { "type": "gap" }, "geometry": { "type": "MultiLineString", "coordinates": [ [ [ 77.660025662466253, 12.944410048880947 ], [ 77.660021290399399, 12.94399800207403 ] ], [ [ 77.660173667468285, 12.943008878935213 ], [ 77.660289561486351, 12.942892815473522 ] ] ] } },
{ "type": "Feature", "properties": { "type": "gap" }, "geometry": { "type": "MultiLineString", "coordinates": [ [ [ 77.61495699699104, 12.94554872973564 ], [ 77.614962726434328, 12.946097950635975 ], [ 77.61510574791204, 12.946235387194035 ] ], [ [ 77.615908468837077, 12.947006757426664 ], [ 77.616376960677769, 12.94745694828192 ], [ 77.616620237854647, 12.94745450511622 ] ], [ [ 77.618186892537054, 12.947713404725693 ], [ 77.618619681539116, 12.947709055096615 ] ] ] } },
{ "type": "Feature", "properties": { "type": "gap" }, "geometry": { "type": "MultiLineString", "coordinates": [ [ [ 77.477129812415626, 12.912572502831518 ], [ 77.477140223453588, 12.912562090701023 ], [ 77.477134810336523, 12.912012809287404 ], [ 77.477448617521034, 12.911698968211596 ] ], [ [ 77.478204012670489, 12.906859866743879 ], [ 77.478200204650506, 12.9064734502718 ] ], [ [ 77.478451425286863, 12.903553775808732 ], [ 77.478442636304024, 12.902661752810971 ], [ 77.478796939111632, 12.902307399501234 ] ] ] } },
{ "type": "Feature", "properties": { "type": "gap" }, "geometry": { "type": "LineString", "coordinates": [ [ 77.510539211823911, 12.948498310759657 ], [ 77.511099224077981, 12.948492913763413 ], [ 77.511376478234709, 12.948215582057623 ], [ 77.511815753049206, 12.948211347416413 ] ] } },
{ "type": "Feature", "properties": { "type": "gap" }, "geometry": { "type": "LineString", "coordinates": [ [ 77.702614088979942, 12.94712591060806 ], [ 77.702608167141634, 12.946576729004295 ], [ 77.702325245539669, 12.946305042034645 ], [ 77.702693544632012, 12.945936085117825 ] ] } },
{ "type": "Feature", "properties": { "type": "gap" }, "geometry": { "type": "MultiLineString", "coordinates": [ [ [ 77.531272656288678, 12.949600811417879 ], [ 77.53127059096623, 12.949396336296392 ], [ 77.530990588228846, 12.949399056796326 ], [ 77.530425036745797, 12.948855239502599 ], [ 77.530251473365084, 12.948856925246098 ] ], [ [ 77.52958776838453, 12.947473647873359 ], [ 77.529848399803228, 12.947212905115736 ], [ 77.530128400348005, 12.947210186293438 ], [ 77.530122856165335, 12.946660928679481 ], [ 77.529840084542954, 12.946389018506446 ], [ 77.529837312917252, 12.94611438962397 ], [ 77.529170506060652, 12.946120862608664 ] ] ] } },
{ "type": "Feature", "properties": { "type": "gap" }, "geometry": { "type": "LineString", "coordinates": [ [ 77.460713292726624, 12.950621694026172 ], [ 77.46069980909563, 12.949248477357868 ], [ 77.459851669140576, 12.948432479856734 ] ] } },
{ "type": "Feature", "properties": { "type": "gap" }, "geometry": { "type": "LineString", "coordinates": [ [ 77.459851669140576, 12.948432479856734 ], [ 77.459003534695043, 12.947616478553284 ] ] } },
{ "type": "Feature", "properties": { "type": "gap" }, "geometry": { "type": "LineString", "coordinates": [ [ 77.459003534695043, 12.947616478553284 ], [ 77.459280856229029, 12.947339192055725 ], [ 77.459560872031673, 12.947336548996301 ], [ 77.460392831856566, 12.946504687633041 ], [ 77.460382049778801, 12.945406113699525 ], [ 77.459533926017855, 12.944590112423734 ], [ 77.459528537560132, 12.944040825033317 ], [ 77.458397717390682, 12.942952816905109 ], [ 77.458117706235754, 12.942955457836973 ], [ 77.457840387132549, 12.943232742539971 ], [ 77.457560375547573, 12.943235382929521 ], [ 77.456994969861682, 12.942691374312082 ], [ 77.456968061933765, 12.939944931451702 ], [ 77.455271881633635, 12.938312891615729 ], [ 77.455263817085637, 12.937488957478942 ], [ 77.45498112361318, 12.937216949169953 ], [ 77.454975748293251, 12.936667659585495 ], [ 77.453562293781943, 12.93530761106992 ], [ 77.453559608053482, 12.935032965947507 ], [ 77.453276919353456, 12.934760954914605 ], [ 77.453258123561767, 12.932838438431943 ], [ 77.455753943055512, 12.930342921738587 ], [ 77.455751255996745, 12.930068276965105 ], [ 77.456028565973781, 12.929790996431727 ], [ 77.456020504438513, 12.928967062228002 ], [ 77.456860492237595, 12.928959153689362 ], [ 77.457415106690917, 12.92840459090945 ], [ 77.457409729836286, 12.927855301962238 ], [ 77.456561684009202, 12.927039277615743 ], [ 77.456542874689674, 12.925116764753319 ], [ 77.45765208898537, 12.924007642287854 ], [ 77.457641338271415, 12.922909064195544 ], [ 77.458750538898101, 12.921799939512924 ] ] } },
{ "type": "Feature", "properties": { "type": "gap" }, "geometry": { "type": "LineString", "coordinates": [ [ 77.697029617184882, 12.948556894524215 ], [ 77.69784451675369, 12.947740575983639 ] ] } },
{ "type": "Feature", "properties": { "type": "gap" }, "geometry": { "type": "MultiLineString", "coordinates": [ [ [ 77.471724529905728, 12.950333367609854 ], [ 77.471631285280509, 12.950243665465715 ], [ 77.471627738498057, 12.949884051690358 ] ], [ [ 77.471623524018611, 12.949456724964392 ], [ 77.471615033853951, 12.948595819003478 ], [ 77.471049589059476, 12.948051848784454 ], [ 77.471038758970565, 12.946953283833182 ], [ 77.47075603896522, 12.946681297830981 ], [ 77.470753331967344, 12.946406656512787 ], [ 77.470470612942449, 12.946134670023103 ], [ 77.470462493428187, 12.94531074583691 ], [ 77.470179776120389, 12.945038758730707 ], [ 77.470144602832221, 12.941468419093306 ], [ 77.46986189092415, 12.941196430725416 ], [ 77.469856481320818, 12.940647147480297 ], [ 77.470133782402016, 12.940369852835843 ], [ 77.470122962969413, 12.93927128647713 ], [ 77.470400262464906, 12.93899399185019 ], [ 77.470384033725708, 12.937346142433528 ], [ 77.470101327096984, 12.937074153455988 ] ] ] } },
{ "type": "Feature", "properties": { "type": "gap" }, "geometry": { "type": "LineString", "coordinates": [ [ 77.563490142940452, 12.951003827676537 ], [ 77.562650150291219, 12.951012093105874 ], [ 77.562644533185178, 12.950462849600713 ], [ 77.562361727968181, 12.95019098220016 ], [ 77.562358919882911, 12.949916360371274 ], [ 77.56179892677892, 12.949921868073162 ], [ 77.561521737297113, 12.950199243483789 ], [ 77.56152454452895, 12.950473865487373 ], [ 77.561244547203231, 12.950476618708546 ], [ 77.560412973249043, 12.951308743267393 ], [ 77.560375096483355, 12.95130911558871 ] ] } },
{ "type": "Feature", "properties": { "type": "gap" }, "geometry": { "type": "LineString", "coordinates": [ [ 77.514287839236175, 12.951208748290464 ], [ 77.514206839787747, 12.95120953012461 ], [ 77.513924076065251, 12.950937600506178 ], [ 77.513915810653629, 12.950113703984815 ], [ 77.513350287262412, 12.949569843079352 ], [ 77.512790273574524, 12.949575245352353 ], [ 77.512361868916983, 12.949163246324872 ] ] } },
{ "type": "Feature", "properties": { "type": "gap" }, "geometry": { "type": "LineString", "coordinates": [ [ 77.455411755763194, 12.952594407611935 ], [ 77.455691778250809, 12.952591767656266 ], [ 77.455689086476866, 12.952317123337016 ], [ 77.455966416578178, 12.952039838871155 ], [ 77.455963724622066, 12.951765194597121 ], [ 77.456241053866847, 12.951487909991878 ], [ 77.456230285685834, 12.950389333038631 ], [ 77.459003534695043, 12.947616478553284 ] ] } },
{ "type": "Feature", "properties": { "type": "gap" }, "geometry": { "type": "LineString", "coordinates": [ [ 77.640591923824218, 12.952156063140714 ], [ 77.641067191484893, 12.952151244084376 ], [ 77.641632945039134, 12.952694773952736 ], [ 77.642472890372701, 12.952686252906211 ] ] } },
{ "type": "Feature", "properties": { "type": "gap" }, "geometry": { "type": "LineString", "coordinates": [ [ 77.642472890372701, 12.952686252906211 ], [ 77.642749975315184, 12.95240880780106 ], [ 77.642744182111343, 12.951859599469895 ], [ 77.643390369806738, 12.951212567896452 ] ] } },
{ "type": "Feature", "properties": { "type": "gap" }, "geometry": { "type": "MultiLineString", "coordinates": [ [ [ 77.64497664611261, 12.951014316986488 ], [ 77.645258207201849, 12.951284811865412 ], [ 77.646658103769397, 12.951270590667425 ], [ 77.64693518192442, 12.950993142273953 ], [ 77.646932281033116, 12.950718539014071 ], [ 77.647772216135778, 12.950710002167421 ], [ 77.648337315242003, 12.950144141386527 ] ], [ [ 77.648471490369644, 12.949479075244394 ], [ 77.648317661433808, 12.94933129459934 ], [ 77.648037684796478, 12.949334140803343 ], [ 77.647754806684119, 12.949062383595985 ], [ 77.648308955574208, 12.948507485620553 ], [ 77.648720181472285, 12.948503304870506 ] ], [ [ 77.64994264785436, 12.947941608411837 ], [ 77.649995840897589, 12.947941067346395 ] ], [ [ 77.650694384421882, 12.94808098011312 ], [ 77.650794950618746, 12.948177591134097 ] ] ] } },
{ "type": "Feature", "properties": { "type": "gap" }, "geometry": { "type": "MultiLineString", "coordinates": [ [ [ 77.655463505062883, 12.946682661923148 ], [ 77.655791706477572, 12.946997945702241 ] ], [ [ 77.656041792389459, 12.947055605910039 ], [ 77.657813529792605, 12.947037538040401 ], [ 77.658090589448662, 12.946760080984063 ], [ 77.658370560922194, 12.946757224540665 ], [ 77.658453496806032, 12.946674169360573 ] ] ] } },
{ "type": "Feature", "properties": { "type": "gap" }, "geometry": { "type": "LineString", "coordinates": [ [ 77.606626120185524, 12.952223579634921 ], [ 77.606620406199752, 12.951674355325776 ], [ 77.606337560951062, 12.951402545017212 ], [ 77.606057572530759, 12.951405346572633 ], [ 77.606054716314404, 12.951130734279275 ], [ 77.606331847972115, 12.950853320546891 ], [ 77.606330230015331, 12.950697771620396 ] ] } },
{ "type": "Feature", "properties": { "type": "gap" }, "geometry": { "type": "LineString", "coordinates": [ [ 77.577789706317517, 12.95278523117863 ], [ 77.577792531949655, 12.95305984960723 ], [ 77.578072528508869, 12.953057078067712 ], [ 77.57835535131241, 12.953328924528693 ], [ 77.578635348047541, 12.953326152327943 ], [ 77.578918171704288, 12.953597997999807 ], [ 77.578920998756089, 12.953872616166286 ], [ 77.579203823396242, 12.954144461342858 ], [ 77.579480993125273, 12.953867070020495 ], [ 77.580046643981845, 12.954410758501313 ], [ 77.580055129592097, 12.955234612194911 ], [ 77.580895124858571, 12.955226288010815 ], [ 77.581177953042044, 12.955498130324111 ], [ 77.581183613020755, 12.956047365588779 ], [ 77.580629273549604, 12.956602151792875 ], [ 77.580349273596624, 12.956604926824873 ], [ 77.580072102571194, 12.956882319409718 ], [ 77.580077760751976, 12.957431555096907 ], [ 77.580360591182952, 12.957703397956104 ], [ 77.580083419193286, 12.957980790758555 ], [ 77.580089077895153, 12.958530026394659 ], [ 77.579811904810867, 12.958807419120726 ], [ 77.579817563291058, 12.959356654840073 ], [ 77.580100396080496, 12.959628497590229 ], [ 77.580940406044618, 12.959620170488025 ], [ 77.581223240169919, 12.959892011726225 ], [ 77.582063250270878, 12.959883680836791 ] ] } },
{ "type": "Feature", "properties": { "type": "gap" }, "geometry": { "type": "LineString", "coordinates": [ [ 77.582063250270878, 12.959883680836791 ], [ 77.582617591813076, 12.959328890930911 ], [ 77.582614759477948, 12.959054273682542 ], [ 77.582891929089257, 12.958776878506418 ], [ 77.583731934341699, 12.958768542940065 ], [ 77.584014769763158, 12.959040380767654 ] ] } },
{ "type": "Feature", "properties": { "type": "gap" }, "geometry": { "type": "MultiLineString", "coordinates": [ [ [ 77.740462341823687, 12.951673589964297 ], [ 77.74175763660385, 12.950375604427217 ] ], [ [ 77.742579866220495, 12.949551657796874 ], [ 77.745170478007864, 12.946955590646835 ], [ 77.745730380919383, 12.946949690364901 ] ] ] } },
{ "type": "Feature", "properties": { "type": "gap" }, "geometry": { "type": "LineString", "coordinates": [ [ 77.642195804818186, 12.952963697829281 ], [ 77.642472890372701, 12.952686252906211 ] ] } },
{ "type": "Feature", "properties": { "type": "gap" }, "geometry": { "type": "LineString", "coordinates": [ [ 77.657827379706205, 12.951431485967742 ], [ 77.657580152260891, 12.951434008682526 ], [ 77.657229599400466, 12.951785058742832 ] ] } },
{ "type": "Feature", "properties": { "type": "gap" }, "geometry": { "type": "MultiLineString", "coordinates": [ [ [ 77.655658937233909, 12.950403880111788 ], [ 77.655481015931088, 12.950232964866519 ] ], [ [ 77.651458731851648, 12.947999829316826 ], [ 77.651450461735877, 12.947991884495343 ] ] ] } },
{ "type": "Feature", "properties": { "type": "gap" }, "geometry": { "type": "MultiLineString", "coordinates": [ [ [ 77.593486453690872, 12.954277256020525 ], [ 77.593778696691288, 12.954274345363588 ] ], [ [ 77.59511640077595, 12.954484329391816 ], [ 77.595169264316382, 12.954535134180299 ], [ 77.596009247162158, 12.954526761717089 ], [ 77.596292087604994, 12.954798584656892 ] ] ] } },
{ "type": "Feature", "properties": { "type": "gap" }, "geometry": { "type": "LineString", "coordinates": [ [ 77.554563097933922, 12.954319183860301 ], [ 77.554560992424555, 12.95411271100973 ], [ 77.554838194553994, 12.953835340843767 ], [ 77.5548353938932, 12.953560717470218 ], [ 77.554552591360576, 12.953288840708533 ], [ 77.554551101773015, 12.953142754817327 ] ] } },
{ "type": "Feature", "properties": { "type": "gap" }, "geometry": { "type": "MultiLineString", "coordinates": [ [ [ 77.676009321069586, 12.953791852040927 ], [ 77.676915998266793, 12.95288375705878 ], [ 77.677475946196139, 12.952878000770317 ], [ 77.678307060691353, 12.952045575516308 ], [ 77.678304125195936, 12.951770979313375 ], [ 77.678864070001552, 12.951765220528239 ], [ 77.679141105957257, 12.951487744665437 ], [ 77.679138169679192, 12.951213148638946 ], [ 77.680538027112135, 12.951198745554747 ], [ 77.680820936509534, 12.951470459685309 ], [ 77.683060706789718, 12.951447396239088 ], [ 77.683343618705052, 12.951719107030504 ], [ 77.683903561074459, 12.951713337441239 ], [ 77.68418059030472, 12.951435857313429 ], [ 77.684711456365932, 12.9514303857559 ] ], [ [ 77.685572967905017, 12.950724014325838 ], [ 77.685571613433083, 12.950597643165034 ], [ 77.68578190471321, 12.950387006348258 ] ], [ [ 77.687825922055325, 12.950299765750552 ], [ 77.688184949611355, 12.950296060695164 ] ] ] } },
{ "type": "Feature", "properties": { "type": "gap" }, "geometry": { "type": "LineString", "coordinates": [ [ 77.694075867342306, 12.946665095504429 ], [ 77.695049193769123, 12.946655029163439 ], [ 77.695306712443255, 12.94639706561448 ] ] } },
{ "type": "Feature", "properties": { "type": "gap" }, "geometry": { "type": "LineString", "coordinates": [ [ 77.564103542211342, 12.956216122179304 ], [ 77.564097919585166, 12.955666879520336 ], [ 77.564377922079942, 12.95566412214942 ], [ 77.564591492395564, 12.955450406832123 ] ] } },
{ "type": "Feature", "properties": { "type": "gap" }, "geometry": { "type": "LineString", "coordinates": [ [ 77.471979047823822, 12.957107031572178 ], [ 77.471696313450636, 12.956835049034401 ], [ 77.47169360322593, 12.956560408125226 ], [ 77.471128137054635, 12.956016441650839 ], [ 77.470848114006529, 12.956019098881708 ] ] } },
{ "type": "Feature", "properties": { "type": "gap" }, "geometry": { "type": "LineString", "coordinates": [ [ 77.470848114006529, 12.956019098881708 ], [ 77.470565382083578, 12.955747114651086 ], [ 77.470546422142945, 12.953824626346179 ], [ 77.470263693412761, 12.953552641240615 ], [ 77.470228494993847, 12.94998230415476 ], [ 77.469945771666801, 12.949710317787188 ], [ 77.469934944978206, 12.948611752056566 ], [ 77.469652223737128, 12.948339765007921 ], [ 77.469635987785267, 12.946691915834908 ], [ 77.469353269366678, 12.94641992797624 ], [ 77.469318103958528, 12.942849586480904 ], [ 77.469035390939936, 12.942577597360801 ], [ 77.46902727844649, 12.941753672054926 ], [ 77.468744567144455, 12.941481682318569 ], [ 77.46902187042916, 12.941204388486033 ], [ 77.46901105514236, 12.940105821272317 ], [ 77.469288356841105, 12.93982852745712 ], [ 77.469848367383392, 12.939823222565154 ], [ 77.469818621079824, 12.936802164055768 ] ] } },
{ "type": "Feature", "properties": { "type": "gap" }, "geometry": { "type": "LineString", "coordinates": [ [ 77.469464244663968, 12.957680228760022 ], [ 77.469741561593878, 12.957402931384422 ], [ 77.470021586422931, 12.957400275064225 ], [ 77.470298902371582, 12.957122977255985 ], [ 77.470296193615908, 12.956848336062043 ], [ 77.470850823187618, 12.956293739978234 ], [ 77.470848114006529, 12.956019098881708 ] ] } },
{ "type": "Feature", "properties": { "type": "gap" }, "geometry": { "type": "MultiLineString", "coordinates": [ [ [ 77.484012322321675, 12.95263272764114 ], [ 77.48369371274471, 12.95232625541429 ], [ 77.48397100623734, 12.952048946683835 ], [ 77.483957393690304, 12.950675754379624 ], [ 77.483897742029669, 12.950618374584646 ] ], [ [ 77.483103629921203, 12.945774180096542 ], [ 77.482785645779288, 12.945468295680136 ], [ 77.482783997102416, 12.945301823513505 ] ], [ [ 77.482492925849357, 12.944187273933018 ], [ 77.48248660110643, 12.943548490922533 ], [ 77.482721773626992, 12.943313302412108 ] ] ] } },
{ "type": "Feature", "properties": { "type": "gap" }, "geometry": { "type": "MultiLineString", "coordinates": [ [ [ 77.627674097379298, 12.956680898097815 ], [ 77.627114118270057, 12.956686549009316 ], [ 77.627102596695835, 12.955588118801804 ], [ 77.626819728344557, 12.955316335929808 ], [ 77.626813968700176, 12.954767120651029 ], [ 77.625682504395982, 12.95367998431283 ], [ 77.625679626162722, 12.953405376390739 ], [ 77.625956733935837, 12.953127945462217 ], [ 77.625950977188623, 12.952578729709725 ], [ 77.62622808387016, 12.952301298709237 ], [ 77.626216570212236, 12.951202867349227 ], [ 77.626770779821541, 12.950648005243474 ], [ 77.626765022431584, 12.950098789746921 ], [ 77.626482161766873, 12.949827005147142 ], [ 77.625922197429603, 12.949832650562991 ], [ 77.625090880904565, 12.950664940803756 ], [ 77.623820513589806, 12.950677740563256 ] ], [ [ 77.621092800002558, 12.950357322111374 ], [ 77.620952496308149, 12.950222506661266 ] ], [ [ 77.620314989201788, 12.949166969557403 ], [ 77.620280798556422, 12.94589660862872 ] ] ] } },
{ "type": "Feature", "properties": { "type": "gap" }, "geometry": { "type": "MultiLineString", "coordinates": [ [ [ 77.496564622311041, 12.956928226892995 ], [ 77.49634364092249, 12.957149239524531 ], [ 77.496063621986451, 12.957151924085144 ], [ 77.495786339740462, 12.957429244202753 ], [ 77.495220828722807, 12.956885339983131 ], [ 77.495217692301225, 12.956570511356132 ] ], [ [ 77.49386704517471, 12.955799660038874 ], [ 77.493529778157452, 12.955802889878578 ], [ 77.492681525034484, 12.954987023120735 ], [ 77.491573486235296, 12.954997626952228 ] ], [ [ 77.491209331524374, 12.955072535023286 ], [ 77.490814215491895, 12.955467691859416 ] ] ] } },
{ "type": "Feature", "properties": { "type": "gap" }, "geometry": { "type": "LineString", "coordinates": [ [ 77.54593111968434, 12.959140966955959 ], [ 77.545651109257577, 12.959143705224914 ], [ 77.545368307293444, 12.958871817898258 ], [ 77.545091088211279, 12.95914918086158 ], [ 77.544808286731168, 12.958877292814158 ], [ 77.544586252738512, 12.958879463146525 ] ] } },
{ "type": "Feature", "properties": { "type": "gap" }, "geometry": { "type": "LineString", "coordinates": [ [ 77.540785169355033, 12.953423518118688 ], [ 77.540272407251834, 12.953428520073146 ] ] } },
{ "type": "Feature", "properties": { "type": "gap" }, "geometry": { "type": "LineString", "coordinates": [ [ 77.690240215422165, 12.953994162406483 ], [ 77.690086497907046, 12.95384654092916 ], [ 77.689806525800407, 12.95384943298312 ], [ 77.689794732148314, 12.952751058681878 ], [ 77.689829526742102, 12.952716205978458 ] ] } },
{ "type": "Feature", "properties": { "type": "gap" }, "geometry": { "type": "LineString", "coordinates": [ [ 77.690684466881535, 12.957380328685804 ], [ 77.690678890160456, 12.956861282626953 ], [ 77.689989432580063, 12.956199177821153 ] ] } },
{ "type": "Feature", "properties": { "type": "gap" }, "geometry": { "type": "MultiLineString", "coordinates": [ [ [ 77.725395129728156, 12.95648422399265 ], [ 77.72539042947102, 12.956052304349452 ] ], [ [ 77.726783649739076, 12.951223011645149 ], [ 77.727292288209483, 12.950713372738692 ], [ 77.727289299382477, 12.950438787657887 ], [ 77.727009339733513, 12.950441718923047 ], [ 77.72672639186932, 12.95017006467244 ], [ 77.726722550104768, 12.94981702991779 ] ], [ [ 77.726151315513121, 12.948782712968063 ], [ 77.72614257503858, 12.947979242588552 ], [ 77.725859631257336, 12.947707586609228 ], [ 77.725856644716501, 12.947433001136345 ], [ 77.725573701921462, 12.947161344651528 ], [ 77.726127641149375, 12.946606315512929 ], [ 77.727129213034729, 12.946595833639442 ] ], [ [ 77.72826135832365, 12.946583980626462 ], [ 77.731505444665402, 12.946549989381822 ] ], [ [ 77.735291847200969, 12.946510264735876 ], [ 77.74516446307338, 12.946406428560511 ] ] ] } },
{ "type": "Feature", "properties": { "type": "gap" }, "geometry": { "type": "LineString", "coordinates": [ [ 77.457202368673634, 12.963838963147332 ], [ 77.457199672825112, 12.963564319377017 ], [ 77.45775434876397, 12.963009743601074 ], [ 77.45803438239578, 12.963007099042033 ], [ 77.459421059674483, 12.961620655045037 ], [ 77.459418361870945, 12.961346011687448 ], [ 77.459695695243795, 12.961068722366621 ], [ 77.45969299725806, 12.960794079054319 ], [ 77.459970329773782, 12.960516789594161 ] ] } },
{ "type": "Feature", "properties": { "type": "gap" }, "geometry": { "type": "LineString", "coordinates": [ [ 77.459970329773782, 12.960516789594161 ], [ 77.459959537474816, 12.959418216488132 ], [ 77.460236868400713, 12.959140927043565 ], [ 77.460228774095967, 12.958316997302452 ], [ 77.459946048498637, 12.95804499996312 ], [ 77.45993256107522, 12.95667178327982 ], [ 77.459649837932631, 12.956399785196318 ], [ 77.459647141002677, 12.956125141776377 ], [ 77.459924469366484, 12.955847853193859 ], [ 77.459851669140576, 12.948432479856734 ] ] } },
{ "type": "Feature", "properties": { "type": "gap" }, "geometry": { "type": "LineString", "coordinates": [ [ 77.721972232472922, 12.961908801312731 ], [ 77.722095400084356, 12.962027049442089 ], [ 77.722098385985291, 12.962301635471276 ], [ 77.722378360031513, 12.962298706849641 ], [ 77.722655347495703, 12.962021192026748 ], [ 77.722652361051132, 12.961746606119357 ], [ 77.722929347665513, 12.961469091175635 ] ] } },
{ "type": "Feature", "properties": { "type": "gap" }, "geometry": { "type": "LineString", "coordinates": [ [ 77.722929347665513, 12.961469091175635 ], [ 77.723161402959505, 12.961236592645445 ] ] } },
{ "type": "Feature", "properties": { "type": "gap" }, "geometry": { "type": "LineString", "coordinates": [ [ 77.541772776611253, 12.963301399795469 ], [ 77.541492760626156, 12.963304134456335 ], [ 77.540927153457673, 12.962760350553495 ], [ 77.540918791430201, 12.961936472021213 ], [ 77.540353188935768, 12.961392686014564 ], [ 77.540351684900202, 12.961244453630226 ] ] } },
{ "type": "Feature", "properties": { "type": "gap" }, "geometry": { "type": "LineString", "coordinates": [ [ 77.546007510502918, 12.963021573294359 ], [ 77.545970215632877, 12.962985718740407 ], [ 77.545909714258315, 12.962986310591379 ] ] } },
{ "type": "Feature", "properties": { "type": "gap" }, "geometry": { "type": "MultiLineString", "coordinates": [ [ [ 77.65821800436423, 12.959391781010359 ], [ 77.658224619650355, 12.959391713456061 ], [ 77.658223552988147, 12.959291239073295 ] ], [ [ 77.657302951168973, 12.956331980793399 ], [ 77.657069713384928, 12.95610793758239 ], [ 77.657066800204731, 12.955833336693459 ], [ 77.657295233685431, 12.955604581957669 ] ], [ [ 77.657592712791995, 12.952618126000383 ], [ 77.657591803539503, 12.952532412109816 ], [ 77.657555513488063, 12.952532782425472 ] ] ] } },
{ "type": "Feature", "properties": { "type": "gap" }, "geometry": { "type": "MultiLineString", "coordinates": [ [ [ 77.526010138287617, 12.961199854713417 ], [ 77.525786826641379, 12.960985131160172 ], [ 77.525885086009055, 12.960886836235076 ] ], [ [ 77.523896342918647, 12.944480952117678 ], [ 77.523801430640546, 12.944389680037089 ] ], [ [ 77.52234684750502, 12.941087052961207 ], [ 77.522224815306942, 12.940969697438037 ], [ 77.521384829233483, 12.94097782369229 ], [ 77.521102072880424, 12.940705900989698 ], [ 77.520822077637504, 12.940708608781707 ], [ 77.520816556704133, 12.940159346935877 ], [ 77.520533801943813, 12.939887423317293 ], [ 77.52017562295471, 12.939890886173261 ] ], [ [ 77.519033963705752, 12.939627262423828 ], [ 77.518571081578102, 12.939631734701162 ], [ 77.518005578022027, 12.939087881026817 ], [ 77.517996222256272, 12.938155924360956 ] ], [ [ 77.517874311917595, 12.937601738067679 ], [ 77.517709044349019, 12.937442795403452 ], [ 77.517705941180139, 12.93713361011454 ] ], [ [ 77.51852434701766, 12.934976882311194 ], [ 77.518521050829634, 12.934648506873398 ] ] ] } },
{ "type": "Feature", "properties": { "type": "gap" }, "geometry": { "type": "MultiLineString", "coordinates": [ [ [ 77.508226058954179, 12.965549494132659 ], [ 77.508469691496799, 12.965547145617718 ], [ 77.508866127792004, 12.965150623785005 ] ], [ [ 77.511036742883149, 12.961592572450073 ], [ 77.511228619339505, 12.96140064897585 ], [ 77.511222830830206, 12.960823518877607 ] ] ] } },
{ "type": "Feature", "properties": { "type": "gap" }, "geometry": { "type": "LineString", "coordinates": [ [ 77.493073654546222, 12.966244433761812 ], [ 77.493068183200037, 12.965695161271503 ], [ 77.493345476441704, 12.965417841998525 ], [ 77.493330579373037, 12.963922319425411 ] ] } },
{ "type": "Feature", "properties": { "type": "gap" }, "geometry": { "type": "MultiLineString", "coordinates": [ [ [ 77.670085882477508, 12.965076741425618 ], [ 77.670920674037333, 12.965878498550458 ] ], [ [ 77.675521717920319, 12.967453306515484 ], [ 77.676511625232038, 12.967443124075301 ], [ 77.676854748953886, 12.967772649719098 ] ], [ [ 77.677654091316285, 12.967964137704143 ], [ 77.677914515097527, 12.967703313354797 ], [ 77.678324611102795, 12.967699091605805 ] ], [ [ 77.682376436113742, 12.965985770226697 ], [ 77.68237669143457, 12.966009590666427 ], [ 77.682589216061629, 12.966213685325663 ] ], [ [ 77.683444503087046, 12.966050262279552 ], [ 77.683496640662568, 12.965998041943877 ], [ 77.684336601872246, 12.965989377247196 ], [ 77.684613643123996, 12.965711893928916 ], [ 77.684843430957173, 12.9657095228615 ] ], [ [ 77.685965054527514, 12.965697946469161 ], [ 77.686082821682561, 12.965696730701881 ] ], [ [ 77.686730418591168, 12.965690044293856 ], [ 77.688004293917274, 12.965676886888797 ] ] ] } },
{ "type": "Feature", "properties": { "type": "gap" }, "geometry": { "type": "LineString", "coordinates": [ [ 77.601726108007384, 12.965730012112745 ], [ 77.601166097020496, 12.965735611090885 ], [ 77.600600378816992, 12.965191982485857 ], [ 77.600597525438531, 12.96491736928572 ], [ 77.600874676557822, 12.964639957586513 ], [ 77.60059181887857, 12.964368142866254 ], [ 77.600588965697071, 12.964093529646926 ], [ 77.600868969516469, 12.964090731276791 ], [ 77.601146119541653, 12.963813319502991 ], [ 77.601426122923357, 12.963810520593169 ], [ 77.601406146518215, 12.961888229120744 ], [ 77.599991880440726, 12.960529151459479 ], [ 77.599986177206787, 12.959979924590261 ], [ 77.59970332657268, 12.959708107634727 ], [ 77.59969762434504, 12.959158880604637 ], [ 77.599974771526576, 12.958881470775072 ], [ 77.599691922379918, 12.958609653548965 ], [ 77.599689071495817, 12.958335040011534 ], [ 77.598849078348636, 12.958343426756722 ], [ 77.59856623090802, 12.958071607948998 ], [ 77.598286233301678, 12.958074402568458 ], [ 77.598009084610993, 12.958351810798755 ], [ 77.596889092042602, 12.958362985316544 ], [ 77.596877701410165, 12.957264528654395 ], [ 77.5965948571409, 12.956992707045567 ], [ 77.596592010018426, 12.95671809279648 ], [ 77.596869159124211, 12.956440686090659 ], [ 77.596866311826673, 12.956166071889962 ], [ 77.597146307617678, 12.956163279200497 ], [ 77.597423455498841, 12.955885872126014 ], [ 77.597703450852578, 12.955883078897148 ], [ 77.597680668009914, 12.953686166478789 ], [ 77.597397827850969, 12.953414345075851 ], [ 77.597390552606299, 12.952712627970612 ] ] } },
{ "type": "Feature", "properties": { "type": "gap" }, "geometry": { "type": "MultiLineString", "coordinates": [ [ [ 77.574576574260533, 12.967098653199145 ], [ 77.575130948406184, 12.966543873412087 ], [ 77.575128122649389, 12.966269254689355 ], [ 77.575959678547108, 12.96543708377957 ], [ 77.576239689343026, 12.965434311610728 ], [ 77.577071238610984, 12.964602138311497 ], [ 77.578751295333731, 12.964585494670633 ], [ 77.579028474968624, 12.964308101761237 ], [ 77.57930848382307, 12.964305326529521 ], [ 77.579591322816228, 12.964577168793191 ], [ 77.579871331846803, 12.96457439289968 ], [ 77.580148509995681, 12.964296999031312 ], [ 77.581548552313706, 12.964283113857423 ], [ 77.581825727992126, 12.964005718605236 ], [ 77.581822895467624, 12.963731101282962 ], [ 77.580982872306024, 12.963739433825452 ], [ 77.580700033221277, 12.963467593166708 ], [ 77.580977209290737, 12.963190198796841 ], [ 77.580976087742599, 12.963081420965588 ] ], [ [ 77.581537288453021, 12.96128143683184 ], [ 77.581517400782118, 12.96126232236227 ], [ 77.581508906278572, 12.960438470002163 ], [ 77.582063250270878, 12.959883680836791 ] ] ] } },
{ "type": "Feature", "properties": { "type": "gap" }, "geometry": { "type": "MultiLineString", "coordinates": [ [ [ 77.555815558232808, 12.967283627471554 ], [ 77.555535540868789, 12.967286378061287 ], [ 77.555258327632728, 12.967563751344985 ], [ 77.554698291969117, 12.967569251141823 ], [ 77.554490532562326, 12.967777129056278 ] ], [ [ 77.55303128929225, 12.968870281224167 ], [ 77.553031866050617, 12.968926807557946 ] ], [ [ 77.55303376827726, 12.969113237109317 ], [ 77.553034995227904, 12.969233484039611 ], [ 77.552958975576871, 12.96930954578866 ] ] ] } },
{ "type": "Feature", "properties": { "type": "gap" }, "geometry": { "type": "LineString", "coordinates": [ [ 77.548823496413434, 12.968176175146143 ], [ 77.548592588334671, 12.967954195674748 ] ] } },
{ "type": "Feature", "properties": { "type": "gap" }, "geometry": { "type": "LineString", "coordinates": [ [ 77.566461803149309, 12.967728123472899 ], [ 77.565613309799502, 12.966912546683595 ], [ 77.56393322005998, 12.966929108476267 ], [ 77.563101612637752, 12.967761249233588 ], [ 77.563112864639237, 12.968859734369463 ], [ 77.563395695565987, 12.969131596508802 ], [ 77.56340132269753, 12.969680838904894 ], [ 77.562846912041834, 12.970235599715256 ], [ 77.562849725221056, 12.970510221011734 ], [ 77.56256970579436, 12.970512979841017 ], [ 77.561738083373228, 12.971345119100368 ], [ 77.56145806276804, 12.971347876908007 ], [ 77.561175230564245, 12.971076012775438 ], [ 77.560335169086372, 12.971084283311072 ], [ 77.560057958772077, 12.971361661435727 ], [ 77.560060769144357, 12.971636283310167 ], [ 77.559783557974953, 12.971913661302304 ], [ 77.559503536303993, 12.971916417125671 ], [ 77.55922632415016, 12.972193794690918 ], [ 77.559229133796578, 12.972468416727136 ], [ 77.558951920787564, 12.972745794159792 ], [ 77.557831829261318, 12.972756812763766 ], [ 77.557266168045714, 12.972213075351462 ], [ 77.556711736701629, 12.972767826556003 ], [ 77.556717350798337, 12.973317071681345 ], [ 77.556157302904595, 12.973322577013985 ], [ 77.556100032250981, 12.973267525682159 ] ] } },
{ "type": "Feature", "properties": { "type": "gap" }, "geometry": { "type": "LineString", "coordinates": [ [ 77.463699925711211, 12.969545561779093 ], [ 77.463139846156935, 12.969550865406159 ], [ 77.463131735571551, 12.968726938127359 ], [ 77.46284899352348, 12.968454946818692 ], [ 77.462846290488216, 12.968180304315375 ], [ 77.462280808969169, 12.967636320299993 ], [ 77.462000771058371, 12.967638970354081 ], [ 77.461718031462979, 12.96736697735307 ], [ 77.46115795594369, 12.967372275841759 ] ] } },
{ "type": "Feature", "properties": { "type": "gap" }, "geometry": { "type": "LineString", "coordinates": [ [ 77.46115795594369, 12.967372275841759 ], [ 77.460027005648655, 12.966284296738237 ], [ 77.46058167910391, 12.965729715076421 ], [ 77.460861715179632, 12.96572706693169 ], [ 77.460859014911946, 12.965452423958952 ], [ 77.460576279243696, 12.965180429008646 ], [ 77.460853614562978, 12.964903137994469 ], [ 77.460570879632016, 12.964631142915529 ], [ 77.460551982948289, 12.962708641390078 ], [ 77.45998652008565, 12.962164649063212 ], [ 77.459981123066569, 12.961615362598863 ], [ 77.460258455946658, 12.96133807274123 ], [ 77.459975726295937, 12.961066076109175 ], [ 77.459970329773782, 12.960516789594161 ] ] } },
{ "type": "Feature", "properties": { "type": "gap" }, "geometry": { "type": "LineString", "coordinates": [ [ 77.626115148397233, 12.96823136861256 ], [ 77.626392268754842, 12.967953934450891 ], [ 77.627512277733999, 12.967942624881012 ], [ 77.627795163704533, 12.968214403886412 ], [ 77.628635170462587, 12.968205917465777 ], [ 77.628918057766214, 12.968477694952941 ], [ 77.629758064647106, 12.968469204739769 ], [ 77.630040953283753, 12.968740980708542 ], [ 77.630880960287158, 12.968732486702693 ], [ 77.631163850256755, 12.96900426115292 ], [ 77.631443852698382, 12.969001428853939 ], [ 77.631720966692711, 12.968723989991723 ], [ 77.632000968695024, 12.968721157153592 ], [ 77.632283859624636, 12.968992930153547 ], [ 77.632563861800477, 12.968990096652266 ], [ 77.632919569441015, 12.968633968719693 ] ] } },
{ "type": "Feature", "properties": { "type": "gap" }, "geometry": { "type": "MultiLineString", "coordinates": [ [ [ 77.634495246574403, 12.967888914770278 ], [ 77.634499188704268, 12.967884967918977 ] ], [ [ 77.634511991681563, 12.967841617545098 ], [ 77.634506527495773, 12.967322619777015 ], [ 77.634731916075197, 12.967096960654025 ] ], [ [ 77.639381263022358, 12.961331901398852 ], [ 77.641422467256319, 12.959288118989184 ] ] ] } },
{ "type": "Feature", "properties": { "type": "gap" }, "geometry": { "type": "MultiLineString", "coordinates": [ [ [ 77.641422467256319, 12.959288118989184 ], [ 77.641139581465936, 12.95901635555534 ], [ 77.641136685066641, 12.958741751173466 ], [ 77.641714741033439, 12.958162957748165 ] ], [ [ 77.643084725942344, 12.957596420516184 ], [ 77.64307052077011, 12.956250423342246 ], [ 77.643624694774772, 12.955695530545995 ], [ 77.643613335517259, 12.954619264061201 ] ], [ [ 77.64416229522071, 12.953570785532435 ], [ 77.644161474335348, 12.95349301420382 ], [ 77.644438557759216, 12.953215567503644 ], [ 77.644424065068904, 12.951842548592072 ], [ 77.643791270500614, 12.951234621301596 ] ] ] } },
{ "type": "Feature", "properties": { "type": "gap" }, "geometry": { "type": "MultiLineString", "coordinates": [ [ [ 77.533841318924573, 12.968597181673243 ], [ 77.533705110978431, 12.968598508276942 ], [ 77.533422306834623, 12.9683266077054 ], [ 77.533416746070941, 12.967777352383704 ], [ 77.533133943281143, 12.967505451253654 ], [ 77.533127798576629, 12.966898407670195 ] ], [ [ 77.533111600272989, 12.965298007431842 ], [ 77.533108926345037, 12.965033801396281 ], [ 77.532826127502119, 12.964761899245437 ], [ 77.532823348532744, 12.964487271385622 ], [ 77.533100588517627, 12.964209917995866 ], [ 77.533095030285821, 12.963660662363756 ], [ 77.533570508103082, 12.96318498753944 ] ], [ [ 77.538113483411067, 12.954756254276912 ], [ 77.538877946566345, 12.953991425682862 ], [ 77.538540654504487, 12.953667124622362 ] ] ] } },
{ "type": "Feature", "properties": { "type": "gap" }, "geometry": { "type": "LineString", "coordinates": [ [ 77.740662087444207, 12.967324455362133 ], [ 77.74102405378656, 12.967320641783097 ] ] } },
{ "type": "Feature", "properties": { "type": "gap" }, "geometry": { "type": "MultiLineString", "coordinates": [ [ [ 77.743783201275278, 12.965094653979836 ], [ 77.743969266855174, 12.965092691784394 ], [ 77.744246228037852, 12.964815158155254 ], [ 77.744240734196069, 12.964314119300047 ] ], [ [ 77.745395657745007, 12.960212972945307 ], [ 77.745314919577694, 12.960135472965147 ], [ 77.745312624138322, 12.959926134620385 ] ], [ [ 77.745082088488445, 12.959368597567673 ], [ 77.745025921976037, 12.959314683357249 ], [ 77.745025446771905, 12.959271338814782 ] ], [ [ 77.745012498953287, 12.958090275635694 ], [ 77.744998831646697, 12.956843455800321 ], [ 77.745213272141498, 12.956628566094885 ] ], [ [ 77.745265711755678, 12.956556254281098 ], [ 77.74523751691774, 12.956529189678939 ] ], [ [ 77.745009088663295, 12.954057211237693 ], [ 77.745522637668557, 12.953542582124205 ], [ 77.74551962819794, 12.953268001303996 ], [ 77.745796576946319, 12.952990468763627 ], [ 77.74579055773971, 12.952441307220244 ], [ 77.746024909436386, 12.952206460603616 ] ], [ [ 77.746849139056891, 12.951380485823831 ], [ 77.746998989444904, 12.951230317402441 ] ] ] } },
{ "type": "Feature", "properties": { "type": "gap" }, "geometry": { "type": "MultiLineString", "coordinates": [ [ [ 77.694248814754786, 12.968442098613082 ], [ 77.694162712137057, 12.968359420010763 ], [ 77.69391808560664, 12.96836195344102 ] ], [ [ 77.693246488050164, 12.968294888351798 ], [ 77.693234581006763, 12.968283454718108 ] ], [ [ 77.6903583314336, 12.967695574686802 ], [ 77.690234025530913, 12.967576207835572 ], [ 77.689674050631979, 12.967581997979767 ], [ 77.689668196175177, 12.967576376108923 ] ] ] } },
{ "type": "Feature", "properties": { "type": "gap" }, "geometry": { "type": "LineString", "coordinates": [ [ 77.455592225334556, 12.970995566457974 ], [ 77.455589529712668, 12.970720922505075 ], [ 77.455866876557948, 12.970443634829225 ], [ 77.456146918901069, 12.970440990811836 ], [ 77.456429657661999, 12.970712990279297 ], [ 77.457549827392612, 12.970702409767407 ], [ 77.458659200770455, 12.969593251115667 ], [ 77.458939241573077, 12.969590604264411 ], [ 77.458936542581753, 12.969315960974646 ], [ 77.459768564336215, 12.968484089404466 ], [ 77.46116876035363, 12.968470847285333 ] ] } },
{ "type": "Feature", "properties": { "type": "gap" }, "geometry": { "type": "LineString", "coordinates": [ [ 77.46116876035363, 12.968470847285333 ], [ 77.46115795594369, 12.967372275841759 ] ] } },
{ "type": "Feature", "properties": { "type": "gap" }, "geometry": { "type": "LineString", "coordinates": [ [ 77.595060071544069, 12.971014793112118 ], [ 77.595054374355968, 12.970465564526048 ], [ 77.593640078315545, 12.969106455744065 ], [ 77.593917242347715, 12.968829049207136 ], [ 77.593914395470989, 12.968554434621618 ], [ 77.5941915586492, 12.968277027954628 ], [ 77.594188711597013, 12.968002413417429 ], [ 77.593905855233785, 12.967730590826676 ], [ 77.593903008619051, 12.96745597621557 ], [ 77.593054444322547, 12.966640505665708 ], [ 77.593045908218429, 12.965816661186533 ], [ 77.593323070102912, 12.965539255785005 ], [ 77.593320224624904, 12.965264641000523 ], [ 77.593037372703549, 12.964992816649804 ], [ 77.59247735948955, 12.964998396628582 ], [ 77.591345959859069, 12.963911092042419 ], [ 77.591343116918367, 12.963636476792054 ], [ 77.591060268914333, 12.963364649505561 ] ] } },
{ "type": "Feature", "properties": { "type": "gap" }, "geometry": { "type": "LineString", "coordinates": [ [ 77.591060268914333, 12.963364649505561 ], [ 77.591054583972735, 12.962815418850765 ], [ 77.591331745809811, 12.962538015726652 ], [ 77.592171758046504, 12.962529650562525 ], [ 77.593003236536148, 12.961697437927356 ], [ 77.592997548091446, 12.961148208050766 ], [ 77.592714701987973, 12.960876382326237 ], [ 77.592711858235546, 12.960601767310871 ], [ 77.592429013116345, 12.960329941089904 ], [ 77.592149011618673, 12.960332729590281 ], [ 77.591300480658646, 12.959517247269394 ], [ 77.591294796936182, 12.958968016557703 ], [ 77.591014796708023, 12.958970803551239 ], [ 77.590731955263777, 12.958698974756885 ], [ 77.590730755822406, 12.95858303913209 ] ] } },
{ "type": "Feature", "properties": { "type": "gap" }, "geometry": { "type": "MultiLineString", "coordinates": [ [ [ 77.480201033044295, 12.965559950454415 ], [ 77.480184053948747, 12.965543618887446 ], [ 77.480183670479164, 12.965504920427627 ] ], [ [ 77.480097813437453, 12.963347121435827 ], [ 77.48016228436606, 12.963346507060569 ], [ 77.480156842596642, 12.962797229040413 ], [ 77.48043415014358, 12.962519921474044 ], [ 77.48042971455807, 12.96207222651244 ] ], [ [ 77.481805624420133, 12.959614528824069 ], [ 77.481804346105633, 12.959485548455811 ], [ 77.4820816485135, 12.959208240062475 ], [ 77.482078926392447, 12.958933601369649 ], [ 77.482910829209075, 12.958101675207038 ], [ 77.482900565614173, 12.957066388079681 ] ] ] } },
{ "type": "Feature", "properties": { "type": "gap" }, "geometry": { "type": "MultiLineString", "coordinates": [ [ [ 77.708471705421516, 12.970957030884177 ], [ 77.707339870379073, 12.969870334498671 ], [ 77.707333927411128, 12.969321156003744 ], [ 77.707057550584622, 12.969055798021472 ] ], [ [ 77.706500089219276, 12.967380813299112 ], [ 77.706750192298514, 12.96713026844062 ], [ 77.706735341871791, 12.96575732119471 ], [ 77.706853337575396, 12.965639116454703 ] ], [ [ 77.707809666588631, 12.961530547787994 ], [ 77.707801797981972, 12.96080306109064 ], [ 77.708078803505359, 12.960525558903178 ], [ 77.707991927943169, 12.96044214340238 ] ], [ [ 77.707756793498916, 12.96021637335927 ], [ 77.707566698296631, 12.960033848321336 ] ], [ [ 77.713815457458225, 12.947833330136538 ], [ 77.714101380859233, 12.9478303514896 ], [ 77.714378366605771, 12.947552846566122 ], [ 77.714372418806107, 12.947003670347168 ], [ 77.71464940346641, 12.946726165360129 ], [ 77.714646429432051, 12.946451577298484 ], [ 77.714923413243511, 12.946174072190425 ], [ 77.714919194899892, 12.945784619242414 ] ], [ [ 77.715635371106544, 12.944905634211876 ], [ 77.715748411247461, 12.944792380112824 ], [ 77.715740480321827, 12.944060299314538 ] ] ] } },
{ "type": "Feature", "properties": { "type": "gap" }, "geometry": { "type": "LineString", "coordinates": [ [ 77.650958936534039, 12.971824234150752 ], [ 77.650795866151356, 12.971825896275224 ], [ 77.650230045044665, 12.971282399246403 ], [ 77.649950044311979, 12.971285252245076 ], [ 77.649672952173987, 12.971562707160089 ], [ 77.649392951000991, 12.97156555961995 ], [ 77.649110041712504, 12.971293809437412 ] ] } },
{ "type": "Feature", "properties": { "type": "gap" }, "geometry": { "type": "MultiLineString", "coordinates": [ [ [ 77.649110041712504, 12.971293809437412 ], [ 77.64910713373078, 12.971019207089206 ], [ 77.648824225428626, 12.970747456405981 ], [ 77.648821317887155, 12.970472853982521 ], [ 77.648439198527342, 12.9701058028284 ] ], [ [ 77.642546698245695, 12.964769377507332 ], [ 77.642320402651649, 12.964771675545546 ], [ 77.642037508683629, 12.964499914572587 ], [ 77.642022358312985, 12.963064572825106 ] ], [ [ 77.642020702515424, 12.960134650280716 ], [ 77.641425364095156, 12.95956272329601 ], [ 77.641422467256319, 12.959288118989184 ] ] ] } },
{ "type": "Feature", "properties": { "type": "gap" }, "geometry": { "type": "MultiLineString", "coordinates": [ [ [ 77.646488391566166, 12.972808793808403 ], [ 77.646604557421966, 12.972692479233018 ], [ 77.646713693251513, 12.972691368549922 ] ], [ [ 77.648756755012357, 12.971925070125465 ], [ 77.649112949761118, 12.971568411779197 ], [ 77.649110041712504, 12.971293809437412 ] ] ] } },
{ "type": "Feature", "properties": { "type": "gap" }, "geometry": { "type": "MultiLineString", "coordinates": [ [ [ 77.719697998587947, 12.973311438498117 ], [ 77.719677280209964, 12.971406020166924 ] ], [ [ 77.719674444172583, 12.970281684414015 ], [ 77.719896184574907, 12.970059530967516 ] ], [ [ 77.720499160854914, 12.967512386375246 ], [ 77.721306232495351, 12.966703798200646 ], [ 77.721303246413811, 12.96642921208241 ], [ 77.721580238940604, 12.966151697339594 ], [ 77.721577252690167, 12.965877111272553 ], [ 77.721854244366824, 12.965599596408735 ], [ 77.722694177529661, 12.965590808235316 ], [ 77.722673267606467, 12.963668707335511 ], [ 77.722950255883077, 12.963391191988013 ], [ 77.722929347665513, 12.961469091175635 ] ] ] } },
{ "type": "Feature", "properties": { "type": "gap" }, "geometry": { "type": "LineString", "coordinates": [ [ 77.698515462453898, 12.973897689823561 ], [ 77.698421755117565, 12.973807714712585 ], [ 77.698141762626804, 12.973810620110807 ], [ 77.69814472505567, 12.974085211359364 ], [ 77.697903856161119, 12.97432648528944 ] ] } },
{ "type": "Feature", "properties": { "type": "gap" }, "geometry": { "type": "LineString", "coordinates": [ [ 77.692336419285851, 12.975573637882919 ], [ 77.692279641567296, 12.975519119422833 ], [ 77.691439653882185, 12.975527816015438 ], [ 77.691430787849058, 12.974704037776371 ], [ 77.6911478378358, 12.974432343026375 ], [ 77.691144883001826, 12.974157750197284 ], [ 77.690584893801443, 12.974163545187057 ], [ 77.690301945252884, 12.97389184920528 ], [ 77.689861188036332, 12.973896408918449 ] ] } },
{ "type": "Feature", "properties": { "type": "gap" }, "geometry": { "type": "MultiLineString", "coordinates": [ [ [ 77.68832353486853, 12.972265298824702 ], [ 77.688324273802692, 12.972264558700827 ], [ 77.688321322576982, 12.971989965186541 ], [ 77.688834095645674, 12.971476364831027 ] ], [ [ 77.688618444383991, 12.970372962517361 ], [ 77.688583607534895, 12.970339509912773 ], [ 77.688578182258198, 12.969834687380423 ] ], [ [ 77.688418603333005, 12.969365781949449 ], [ 77.688291814053002, 12.969244029689307 ], [ 77.688285519191737, 12.968658175316518 ] ] ] } },
{ "type": "Feature", "properties": { "type": "gap" }, "geometry": { "type": "MultiLineString", "coordinates": [ [ [ 77.602668971322998, 12.97560766642709 ], [ 77.603223286520873, 12.975052835211679 ], [ 77.603220428018773, 12.974778222793697 ], [ 77.603497584456917, 12.974500806964183 ], [ 77.603552072396582, 12.974500261416097 ] ], [ [ 77.604807508763415, 12.97402207016799 ], [ 77.604891937488347, 12.973937561295775 ], [ 77.605451965156035, 12.973931950821509 ], [ 77.605449104464086, 12.973657338868769 ], [ 77.606003408842554, 12.97310250363528 ], [ 77.606283421526328, 12.973099697529838 ], [ 77.606280560112026, 12.972825085742064 ], [ 77.606207434183247, 12.972754821010744 ] ], [ [ 77.606544704757439, 12.971299497939636 ], [ 77.606537681025841, 12.970625385355833 ], [ 77.607091977129244, 12.970070549418192 ], [ 77.607089115519344, 12.969795937744207 ], [ 77.607643408689427, 12.969241101179877 ], [ 77.608203424618466, 12.96923548678031 ], [ 77.608206287322631, 12.969510098221363 ], [ 77.608486295494856, 12.969507290509227 ], [ 77.609052039086549, 12.970050896677273 ], [ 77.609607843258985, 12.970045321169136 ] ], [ [ 77.610446972329299, 12.969547192410456 ], [ 77.610446350855852, 12.969487628107235 ], [ 77.612109194757792, 12.967823099319213 ], [ 77.612949210792181, 12.967814663763393 ], [ 77.613360561934485, 12.967402888663701 ] ], [ [ 77.614480217446129, 12.966282070286418 ], [ 77.614889159638551, 12.965872700125544 ], [ 77.614886290437241, 12.965598090077842 ], [ 77.615163423295172, 12.965320666021194 ], [ 77.615160842139275, 12.965073640017298 ] ], [ [ 77.617548378106491, 12.952375146906231 ], [ 77.617541669908576, 12.951733059199041 ] ], [ [ 77.61752732835815, 12.950360214772894 ], [ 77.61751122725336, 12.948818748491783 ] ] ] } },
{ "type": "Feature", "properties": { "type": "gap" }, "geometry": { "type": "LineString", "coordinates": [ [ 77.588682290468498, 12.977120513229853 ], [ 77.588116563448651, 12.976576857600961 ], [ 77.588113721178175, 12.976302241912638 ], [ 77.587830858960345, 12.97603041338709 ], [ 77.587828017127251, 12.975755797624997 ], [ 77.587545155894773, 12.975483968602958 ], [ 77.587542314499032, 12.975209352767108 ], [ 77.588096668927832, 12.974654547648369 ], [ 77.588936723974044, 12.974646185250968 ], [ 77.589768247669738, 12.973813974026243 ], [ 77.58973128783488, 12.970243973505109 ], [ 77.589448432352938, 12.969972145667239 ], [ 77.589445590118359, 12.969697530130354 ], [ 77.588879881737327, 12.969153873032697 ], [ 77.588859993131933, 12.967231563151918 ], [ 77.589414329853298, 12.966676758802555 ], [ 77.5894114884033, 12.966402143188933 ], [ 77.589965822191147, 12.965847338209036 ], [ 77.589962980324472, 12.965572722698257 ], [ 77.590240146058164, 12.965295319985584 ], [ 77.590522995941811, 12.965567147884684 ], [ 77.591083011297499, 12.965561571868989 ], [ 77.591060268914333, 12.963364649505561 ] ] } },
{ "type": "Feature", "properties": { "type": "gap" }, "geometry": { "type": "MultiLineString", "coordinates": [ [ [ 77.733316575667942, 12.976599571757669 ], [ 77.733733324787082, 12.976182007646283 ] ], [ [ 77.734399222928985, 12.975903410956247 ], [ 77.734847221891755, 12.975898698791289 ], [ 77.735160322913487, 12.97558498132738 ] ] ] } },
{ "type": "Feature", "properties": { "type": "gap" }, "geometry": { "type": "LineString", "coordinates": [ [ 77.736792192420509, 12.973117103199526 ], [ 77.737054052458092, 12.97285472187899 ], [ 77.737048042881597, 12.972305557133712 ], [ 77.738155946149334, 12.971195439097576 ], [ 77.73868562631904, 12.971189861923177 ] ] } },
{ "type": "Feature", "properties": { "type": "gap" }, "geometry": { "type": "LineString", "coordinates": [ [ 77.506367063854555, 12.979300397904899 ], [ 77.506084269457077, 12.979028464535089 ], [ 77.50608151667916, 12.978753831301049 ], [ 77.505798723265443, 12.978481897440441 ], [ 77.5057959709209, 12.978207264134623 ], [ 77.505513178490901, 12.977935329783248 ], [ 77.505250894180875, 12.977937857344028 ] ] } },
{ "type": "Feature", "properties": { "type": "gap" }, "geometry": { "type": "MultiLineString", "coordinates": [ [ [ 77.501825136382607, 12.97322079070763 ], [ 77.501823197858059, 12.973026973317413 ], [ 77.501465988278881, 12.972683458352114 ] ], [ [ 77.497628713321362, 12.969809190063826 ], [ 77.497589756476017, 12.96977172491159 ], [ 77.497309723696148, 12.969774413380604 ], [ 77.496178632742115, 12.968686622159995 ], [ 77.496167674546669, 12.967588079968852 ], [ 77.495884904819377, 12.96731613084131 ], [ 77.495879426838954, 12.966766859577302 ], [ 77.495596658463825, 12.966494909894818 ], [ 77.49558570473738, 12.965396367029957 ], [ 77.494889946273958, 12.964727219766546 ] ] ] } },
{ "type": "Feature", "properties": { "type": "gap" }, "geometry": { "type": "LineString", "coordinates": [ [ 77.745781711415461, 12.977156508472204 ], [ 77.745498711123133, 12.976884885248293 ], [ 77.74521872619286, 12.976887841987685 ], [ 77.744935726750825, 12.976616217961979 ], [ 77.74493271237769, 12.976341637491062 ], [ 77.744083718857311, 12.975526762581989 ], [ 77.74407769257374, 12.974977601193997 ], [ 77.743794696711177, 12.974705975209305 ], [ 77.74378565893268, 12.973882232865451 ], [ 77.743502664810308, 12.973610606231112 ], [ 77.743496640722441, 12.973061444493988 ], [ 77.743213647964382, 12.972789817281164 ], [ 77.743204613479136, 12.971966074413665 ], [ 77.742761259737875, 12.971540522541133 ] ] } },
{ "type": "Feature", "properties": { "type": "gap" }, "geometry": { "type": "MultiLineString", "coordinates": [ [ [ 77.578066927613619, 12.979697806825818 ], [ 77.577784069626205, 12.979425966086492 ], [ 77.577778406543331, 12.978876730328031 ], [ 77.577212693896499, 12.978333047294685 ], [ 77.576372618671869, 12.978341374164355 ], [ 77.576089763993693, 12.978069530919981 ], [ 77.576084105242515, 12.977520294369002 ], [ 77.575990652951845, 12.977430479639152 ] ], [ [ 77.574188924791798, 12.976989772938923 ], [ 77.574118279230717, 12.976990472395757 ], [ 77.570514664757852, 12.980596542035045 ], [ 77.570520312667909, 12.981145780870577 ], [ 77.570243106775948, 12.981423169648517 ], [ 77.569963076766655, 12.981425938717347 ], [ 77.569965900270333, 12.981700558240247 ], [ 77.569688693151036, 12.981977946645756 ], [ 77.568848600698132, 12.981986251507083 ], [ 77.568671339394342, 12.982163627140856 ] ], [ [ 77.567807510179719, 12.983028008824341 ], [ 77.56773976162323, 12.983095800381244 ], [ 77.567745404564278, 12.983645040312371 ], [ 77.56802825942215, 12.983916893062441 ], [ 77.568029143814655, 12.984002959291214 ] ] ] } },
{ "type": "Feature", "properties": { "type": "gap" }, "geometry": { "type": "LineString", "coordinates": [ [ 77.5631765022694, 12.983604341908993 ], [ 77.562982017647997, 12.983417414743258 ], [ 77.562979201426842, 12.983142793746953 ], [ 77.562696352041655, 12.982870934290712 ], [ 77.562041138611178, 12.982877394496658 ] ] } },
{ "type": "Feature", "properties": { "type": "gap" }, "geometry": { "type": "LineString", "coordinates": [ [ 77.560099846767372, 12.980699330513721 ], [ 77.559873516276582, 12.980701559639334 ], [ 77.559590672898921, 12.98042969560823 ], [ 77.559310641655543, 12.980432453000263 ], [ 77.559027799133688, 12.980160588180025 ], [ 77.559016554924511, 12.97906210047074 ], [ 77.557896435182172, 12.97907312462042 ], [ 77.557748376017273, 12.978930809400518 ] ] } },
{ "type": "Feature", "properties": { "type": "gap" }, "geometry": { "type": "MultiLineString", "coordinates": [ [ [ 77.684478059636874, 12.979169907995624 ], [ 77.684475111007288, 12.978895313756437 ], [ 77.685306266579417, 12.978062855250704 ], [ 77.685586266795198, 12.978059962732722 ], [ 77.685575157757114, 12.977025724865062 ] ], [ [ 77.685563502274235, 12.975940517268993 ], [ 77.685556773997234, 12.975314022323229 ] ] ] } },
{ "type": "Feature", "properties": { "type": "gap" }, "geometry": { "type": "LineString", "coordinates": [ [ 77.685556773997234, 12.975314022323229 ], [ 77.685833821865899, 12.975036536124087 ], [ 77.685830872720331, 12.974761942104523 ], [ 77.687549628333997, 12.973040448280678 ] ] } },
{ "type": "Feature", "properties": { "type": "gap" }, "geometry": { "type": "MultiLineString", "coordinates": [ [ [ 77.657724572253031, 12.978895568416499 ], [ 77.658431771083841, 12.978888336893208 ], [ 77.658533031730897, 12.978786938642218 ] ], [ [ 77.659525610746357, 12.978579932687575 ], [ 77.65954887870447, 12.978602280151728 ], [ 77.660977141525976, 12.978587663614588 ] ], [ [ 77.663770232188142, 12.978579692761846 ], [ 77.664031904445963, 12.978831004332934 ], [ 77.664311910408202, 12.978828134546712 ], [ 77.664588989581404, 12.978550665734071 ], [ 77.66486899510241, 12.978547795409064 ], [ 77.665114723872492, 12.978783792791024 ] ], [ [ 77.667692167763917, 12.979883583619729 ], [ 77.668041581982834, 12.979533669535078 ] ] ] } },
{ "type": "Feature", "properties": { "type": "gap" }, "geometry": { "type": "MultiLineString", "coordinates": [ [ [ 77.671814083466359, 12.980124268660393 ], [ 77.673846758268112, 12.980103366009342 ], [ 77.675002993101799, 12.978945416882436 ] ], [ [ 77.677217639328603, 12.978970162500566 ], [ 77.678035061513469, 12.978961742271789 ], [ 77.6782658535938, 12.978730600850984 ] ], [ [ 77.680914111136261, 12.977188470409693 ], [ 77.681094476900356, 12.97700782679912 ], [ 77.681374476906015, 12.977004939044949 ], [ 77.681484989623328, 12.977111062479343 ] ], [ [ 77.68489239836407, 12.975979445858549 ], [ 77.685556773997234, 12.975314022323229 ] ] ] } },
{ "type": "Feature", "properties": { "type": "gap" }, "geometry": { "type": "MultiLineString", "coordinates": [ [ [ 77.555382004993831, 12.979669561570713 ], [ 77.555381775982497, 12.979647156789353 ], [ 77.555361818652443, 12.979627973401387 ] ], [ [ 77.555088786918205, 12.978382009120581 ], [ 77.555087711711451, 12.978276795553212 ], [ 77.555320817533698, 12.978043561895158 ] ] ] } },
{ "type": "Feature", "properties": { "type": "gap" }, "geometry": { "type": "MultiLineString", "coordinates": [ [ [ 77.539970930059042, 12.978909367267613 ], [ 77.539963219313989, 12.978150352125207 ], [ 77.54080331789774, 12.978142142954335 ], [ 77.541080559630856, 12.977864780148156 ], [ 77.541360591992841, 12.977862042915103 ], [ 77.541637832741486, 12.977584679680428 ], [ 77.542203480920605, 12.978128454985324 ], [ 77.542220057115642, 12.978128292891586 ] ], [ [ 77.542619647479825, 12.977989521187819 ], [ 77.543315230014116, 12.977293623170361 ], [ 77.54449355767234, 12.977282093663108 ] ] ] } },
{ "type": "Feature", "properties": { "type": "gap" }, "geometry": { "type": "MultiLineString", "coordinates": [ [ [ 77.548025033528162, 12.970084743635301 ], [ 77.54835475119657, 12.969754856373086 ] ], [ [ 77.548826235190987, 12.968445050640939 ], [ 77.548823496413434, 12.968176175146143 ] ] ] } },
{ "type": "Feature", "properties": { "type": "gap" }, "geometry": { "type": "LineString", "coordinates": [ [ 77.464661839565665, 12.981896493354567 ], [ 77.463813558460359, 12.981080532814975 ], [ 77.463533505829957, 12.981083187217026 ], [ 77.463250746933923, 12.980811199164455 ], [ 77.463248040792706, 12.980536557004504 ], [ 77.462967988651698, 12.980539210688436 ], [ 77.462119717487838, 12.979723242719929 ] ] } },
{ "type": "Feature", "properties": { "type": "gap" }, "geometry": { "type": "LineString", "coordinates": [ [ 77.462119717487838, 12.979723242719929 ], [ 77.461836961660779, 12.979451252550344 ], [ 77.461834257364998, 12.979176610068544 ], [ 77.461551502520749, 12.978904619411265 ], [ 77.461543391113594, 12.978080691734769 ], [ 77.461263341361317, 12.978083343090661 ], [ 77.460697836217406, 12.977539359402275 ], [ 77.460668110669971, 12.974518288713599 ] ] } },
{ "type": "Feature", "properties": { "type": "gap" }, "geometry": { "type": "LineString", "coordinates": [ [ 77.460668110669971, 12.974518288713599 ], [ 77.461222797320147, 12.973963702982138 ], [ 77.461220094881341, 12.973689060257517 ], [ 77.461774778588492, 12.973134473864583 ], [ 77.462057525929055, 12.973406465514293 ], [ 77.462337570279473, 12.973403814241866 ], [ 77.462334866738104, 12.973129171736595 ], [ 77.462889546515953, 12.972574583607845 ] ] } },
{ "type": "Feature", "properties": { "type": "gap" }, "geometry": { "type": "LineString", "coordinates": [ [ 77.462889546515953, 12.972574583607845 ], [ 77.462606799548524, 12.972302592841579 ], [ 77.46204671336352, 12.972307895223102 ], [ 77.461763967498484, 12.972035903315991 ], [ 77.461747752728556, 12.970388047302935 ], [ 77.460899525452362, 12.96957206788473 ], [ 77.460896824314659, 12.969297425000706 ], [ 77.461174162931528, 12.969020132969098 ], [ 77.46116876035363, 12.968470847285333 ] ] } },
{ "type": "Feature", "properties": { "type": "gap" }, "geometry": { "type": "LineString", "coordinates": [ [ 77.473439057512692, 12.98108989093007 ], [ 77.472204244680029, 12.979902199572177 ], [ 77.472201528905217, 12.979627559253954 ], [ 77.471921479679253, 12.979630222395143 ], [ 77.471355951518916, 12.979086266769643 ], [ 77.470235755946419, 12.979096913451071 ], [ 77.469670232196634, 12.978552953257088 ], [ 77.469390183636463, 12.978555613456724 ], [ 77.469107422926598, 12.978283632365059 ], [ 77.468827374548553, 12.978286291904611 ], [ 77.468261855458834, 12.97774232773212 ], [ 77.467981807507414, 12.977744986252517 ], [ 77.467979096834469, 12.977470345010463 ], [ 77.467413581426655, 12.976926378296437 ], [ 77.467410871554307, 12.976651736919056 ], [ 77.46768820828629, 12.976374437907527 ], [ 77.466839941257817, 12.975558485350222 ], [ 77.466831814603026, 12.974734560755104 ], [ 77.465418054028447, 12.973374630390156 ], [ 77.464577922843674, 12.973382593232438 ], [ 77.463729676060495, 12.97256662670295 ], [ 77.462889546515953, 12.972574583607845 ] ] } },
{ "type": "Feature", "properties": { "type": "gap" }, "geometry": { "type": "MultiLineString", "coordinates": [ [ [ 77.700735842733252, 12.980649225674883 ], [ 77.700455843122967, 12.980652135068581 ], [ 77.700314485280231, 12.980516414531559 ] ], [ [ 77.700057970328274, 12.980495553761022 ], [ 77.700011436728275, 12.980542165619688 ] ], [ [ 77.69779451542901, 12.977281658295832 ], [ 77.697617323726448, 12.977111526087736 ], [ 77.697429598774733, 12.977113473966206 ] ], [ [ 77.695622550429547, 12.977098445133501 ], [ 77.695374390717916, 12.976860167926127 ], [ 77.695372190643184, 12.976656076137417 ] ] ] } },
{ "type": "Feature", "properties": { "type": "gap" }, "geometry": { "type": "LineString", "coordinates": [ [ 77.733851722616436, 12.980577616332832 ], [ 77.734338302521721, 12.980572497639921 ], [ 77.734615290137626, 12.980294969020608 ], [ 77.735455263645335, 12.980286129856365 ], [ 77.736069585043992, 12.979670601678615 ] ] } },
{ "type": "Feature", "properties": { "type": "gap" }, "geometry": { "type": "LineString", "coordinates": [ [ 77.493704620061408, 12.973353498344913 ], [ 77.493693928881058, 12.972281060203857 ], [ 77.493887037921994, 12.972087935463836 ] ] } },
{ "type": "Feature", "properties": { "type": "gap" }, "geometry": { "type": "MultiLineString", "coordinates": [ [ [ 77.643900342765036, 12.981782871646628 ], [ 77.643623233298584, 12.98206032344242 ], [ 77.64306320464128, 12.982066019566888 ], [ 77.642786093814223, 12.98234347070273 ], [ 77.642506079011923, 12.982346318075033 ], [ 77.641951854770113, 12.982901219321064 ], [ 77.641391823471309, 12.982906912208419 ], [ 77.640837595281099, 12.983461811768404 ], [ 77.640840497068837, 12.983736415696875 ], [ 77.640563381813166, 12.984013865258307 ], [ 77.639443312706035, 12.984025244806583 ], [ 77.639160395249093, 12.983753484646103 ], [ 77.638054677467878, 12.983764712231983 ] ], [ [ 77.636934134030724, 12.983776085561566 ], [ 77.636828474714051, 12.98377715773689 ] ], [ [ 77.635633748419096, 12.983789278204734 ], [ 77.635520166410544, 12.983790430205525 ] ] ] } },
{ "type": "Feature", "properties": { "type": "gap" }, "geometry": { "type": "MultiLineString", "coordinates": [ [ [ 77.635520166410544, 12.983790430205525 ], [ 77.635110744043587, 12.983397141076521 ] ], [ [ 77.634230579245255, 12.982704967332069 ], [ 77.634108498102492, 12.982706204776713 ], [ 77.63410698694716, 12.982562823108854 ] ], [ [ 77.63448785812264, 12.98062419575164 ], [ 77.634365361354739, 12.980506523121775 ], [ 77.634356679756507, 12.979682706798098 ], [ 77.634633799383877, 12.979405263380263 ], [ 77.634628011503992, 12.978856052576996 ], [ 77.634345105223545, 12.978584284943294 ], [ 77.634342211756604, 12.978309679463537 ], [ 77.634619330183128, 12.978032236323941 ], [ 77.634616436542558, 12.977757630893413 ], [ 77.634893554115578, 12.977480187626396 ], [ 77.634610649461024, 12.977208420013097 ], [ 77.634330638554104, 12.977211257480324 ], [ 77.634047734752983, 12.976939489072867 ], [ 77.633770616540701, 12.977216931512467 ], [ 77.633210594261271, 12.977222604341531 ], [ 77.633037717366804, 12.977395682333627 ] ] ] } },
{ "type": "Feature", "properties": { "type": "gap" }, "geometry": { "type": "LineString", "coordinates": [ [ 77.546125836642588, 12.978277435263347 ], [ 77.546120277291294, 12.977731496774549 ] ] } },
{ "type": "Feature", "properties": { "type": "gap" }, "geometry": { "type": "MultiLineString", "coordinates": [ [ [ 77.502187534461285, 12.981449020228434 ], [ 77.50218017754365, 12.980714034347788 ], [ 77.502421818300107, 12.980472363053853 ] ], [ [ 77.50383553230354, 12.978226305076436 ], [ 77.503835686403335, 12.978226150954361 ], [ 77.503835683378583, 12.978225848900262 ] ] ] } },
{ "type": "Feature", "properties": { "type": "gap" }, "geometry": { "type": "LineString", "coordinates": [ [ 77.570030455902128, 12.984965303635189 ], [ 77.569999787376901, 12.984995992016463 ], [ 77.57000826061396, 12.985819850316666 ], [ 77.569731049864885, 12.986097239534523 ] ] } },
{ "type": "Feature", "properties": { "type": "gap" }, "geometry": { "type": "LineString", "coordinates": [ [ 77.569731049864885, 12.986097239534523 ], [ 77.569468908039639, 12.986099832076142 ] ] } },
{ "type": "Feature", "properties": { "type": "gap" }, "geometry": { "type": "MultiLineString", "coordinates": [ [ [ 77.713356620791714, 12.982440105028676 ], [ 77.713589673714836, 12.982663838356119 ] ], [ [ 77.717400858896553, 12.984594789853228 ], [ 77.717860480926902, 12.984589982527929 ] ] ] } },
{ "type": "Feature", "properties": { "type": "gap" }, "geometry": { "type": "MultiLineString", "coordinates": [ [ [ 77.717860480926902, 12.984589982527929 ], [ 77.718426455349942, 12.985133297009162 ], [ 77.718426821364005, 12.985166939704269 ] ], [ [ 77.720851940752638, 12.987144678928006 ], [ 77.721120202637081, 12.986875925927137 ] ], [ [ 77.721327902263909, 12.986831656315003 ], [ 77.721516351337272, 12.987012553659675 ] ], [ [ 77.721771911016191, 12.988073013102852 ], [ 77.722441075992705, 12.988715353758465 ] ] ] } },
{ "type": "Feature", "properties": { "type": "gap" }, "geometry": { "type": "MultiLineString", "coordinates": [ [ [ 77.723256956249173, 12.991397252137192 ], [ 77.723255300658607, 12.991398910770421 ], [ 77.723258575014682, 12.991699189869932 ] ], [ [ 77.723262101546794, 12.992022586658521 ], [ 77.72327621401503, 12.993316667560162 ] ], [ [ 77.723431832387774, 12.994013756392958 ], [ 77.723534532418554, 12.994112335313192 ] ], [ [ 77.723567723262192, 12.99436811278893 ], [ 77.723574240641128, 12.994965579998095 ], [ 77.723901586059739, 12.995279787288773 ] ] ] } },
{ "type": "Feature", "properties": { "type": "gap" }, "geometry": { "type": "LineString", "coordinates": [ [ 77.724143627070376, 12.995818083260815 ], [ 77.724152238067433, 12.996607213896393 ], [ 77.724435246740512, 12.996878860216922 ], [ 77.724715258940492, 12.996875921406433 ], [ 77.724998268465967, 12.997147566925619 ], [ 77.725001265929137, 12.997422151549978 ], [ 77.725284276444683, 12.997693796562466 ], [ 77.725290272329318, 12.998242965650418 ], [ 77.725878175474975, 12.998236792543686 ] ] } },
{ "type": "Feature", "properties": { "type": "gap" }, "geometry": { "type": "MultiLineString", "coordinates": [ [ [ 77.730253293296016, 13.001647994744065 ], [ 77.73036955714575, 13.001759582341998 ], [ 77.730649573427357, 13.001756636049468 ], [ 77.730652578204513, 13.002031219278454 ], [ 77.731320915470874, 13.002672669549797 ] ], [ [ 77.732715466651541, 13.004826188312999 ], [ 77.732925792568935, 13.00502804700554 ], [ 77.7330293706042, 13.005026955930205 ] ], [ [ 77.734378850667639, 13.005012736934603 ], [ 77.7346986529204, 13.005009366262749 ] ], [ [ 77.737574349314642, 13.006772427995097 ], [ 77.73793429108359, 13.00711786195795 ] ], [ [ 77.73858708469281, 13.007744339843692 ], [ 77.739688460259472, 13.008801303857688 ], [ 77.740528526024292, 13.008792429216491 ], [ 77.741082533842643, 13.008237349911218 ], [ 77.741362554872623, 13.008234390620951 ], [ 77.741645594252802, 13.008506011588699 ], [ 77.7416486127415, 13.00878059214163 ], [ 77.741931653113014, 13.009052212601212 ], [ 77.742211674857288, 13.009049252212918 ], [ 77.742488677052265, 13.008771711170553 ], [ 77.743608761830004, 13.008759865655879 ], [ 77.744174846520806, 13.009303101013248 ], [ 77.744451846317205, 13.009025558255169 ], [ 77.74501188848906, 13.009019631751471 ], [ 77.745294932093955, 13.009291247747196 ], [ 77.745297954786281, 13.009565827440422 ], [ 77.745580999382653, 13.009837442927708 ], [ 77.746421064470539, 13.009828548520685 ], [ 77.746594365398693, 13.00999485010014 ] ], [ [ 77.748043013873215, 13.010841624547433 ], [ 77.748113296808938, 13.010909067661329 ], [ 77.748154963120967, 13.010908626131279 ] ], [ [ 77.749180986223692, 13.011118587764498 ], [ 77.749236413286027, 13.011171774709236 ], [ 77.749360784993442, 13.011170456181677 ] ] ] } },
{ "type": "Feature", "properties": { "type": "gap" }, "geometry": { "type": "MultiLineString", "coordinates": [ [ [ 77.739267574104417, 12.982295795395478 ], [ 77.739522862196566, 12.982039999879799 ] ], [ [ 77.738256691548145, 12.980395463441971 ], [ 77.738255170847083, 12.980256646427138 ], [ 77.737406178633591, 12.97944174820354 ], [ 77.737400547886452, 12.978927538956251 ] ] ] } },
{ "type": "Feature", "properties": { "type": "gap" }, "geometry": { "type": "LineString", "coordinates": [ [ 77.454332187330621, 12.985290272965532 ], [ 77.454321398455193, 12.984191697277375 ], [ 77.454038643579665, 12.983919698085053 ], [ 77.454035946884787, 12.983645054082988 ], [ 77.454313307449581, 12.983367765444672 ], [ 77.454873421658931, 12.983362475281607 ], [ 77.455150780871776, 12.983085185965072 ], [ 77.455131898016262, 12.981162679303845 ], [ 77.455409254900616, 12.98088539015621 ], [ 77.455406557352973, 12.980610746373619 ], [ 77.456806825823392, 12.980597515580087 ], [ 77.457638886524578, 12.979765643495249 ], [ 77.457633487077288, 12.979216356799171 ], [ 77.458188190163298, 12.978661774658011 ], [ 77.458185490043178, 12.978387131403617 ], [ 77.45874019018477, 12.977832548599809 ], [ 77.459020240189417, 12.977829900010397 ], [ 77.459574937138413, 12.977275315954968 ], [ 77.459569534512937, 12.976726029955833 ], [ 77.460129631632824, 12.97672073113411 ], [ 77.460113421565765, 12.9750728736801 ], [ 77.460668110669971, 12.974518288713599 ] ] } },
{ "type": "Feature", "properties": { "type": "gap" }, "geometry": { "type": "LineString", "coordinates": [ [ 77.72318997113787, 12.985406202854763 ], [ 77.723211606093116, 12.987391120694602 ] ] } },
{ "type": "Feature", "properties": { "type": "gap" }, "geometry": { "type": "LineString", "coordinates": [ [ 77.462459294007857, 12.985762720415464 ], [ 77.462440350933818, 12.983840224743236 ], [ 77.462157589325159, 12.983568235898119 ], [ 77.462119717487838, 12.979723242719929 ] ] } },
{ "type": "Feature", "properties": { "type": "gap" }, "geometry": { "type": "MultiLineString", "coordinates": [ [ [ 77.529114130700748, 12.985397160633079 ], [ 77.529111351231478, 12.985122532416222 ], [ 77.529388614612785, 12.98484517840785 ], [ 77.529374717009304, 12.983472037494066 ], [ 77.529929239499864, 12.982917329444959 ], [ 77.529926459684773, 12.98264270134954 ], [ 77.529374802396987, 12.982112338179745 ] ], [ [ 77.528422729737599, 12.981558713290271 ], [ 77.528235106249184, 12.981560538421261 ], [ 77.528231793987501, 12.981233052244217 ] ], [ [ 77.526189024870746, 12.978284562102059 ], [ 77.525961491405042, 12.97828677296819 ], [ 77.525678681090085, 12.978014864615194 ], [ 77.525676705323136, 12.977819266592387 ] ], [ [ 77.525598664485543, 12.977740985891838 ], [ 77.525395871388668, 12.97774295583592 ], [ 77.525113062300818, 12.977471046630384 ], [ 77.52476341911661, 12.977474442266541 ] ], [ [ 77.523538272857664, 12.977486336833225 ], [ 77.522872776845205, 12.9774927955098 ], [ 77.522024359095496, 12.976677056687944 ], [ 77.521744323855941, 12.976679772863021 ], [ 77.521461519409456, 12.976407858709944 ], [ 77.520901449225448, 12.97641328943698 ], [ 77.520624182260931, 12.976690634554704 ], [ 77.520626950547594, 12.976965264753824 ], [ 77.520346914682932, 12.976967979483982 ], [ 77.520069646491393, 12.977245324224796 ], [ 77.519786842762642, 12.976973408041689 ], [ 77.519506806707057, 12.976976121869241 ], [ 77.519246982282652, 12.977236016330137 ] ] ] } },
{ "type": "Feature", "properties": { "type": "gap" }, "geometry": { "type": "MultiLineString", "coordinates": [ [ [ 77.517767714420401, 12.971143834642209 ], [ 77.51776576890579, 12.970950519606358 ], [ 77.517921992940657, 12.970794252832926 ] ], [ [ 77.518041516380961, 12.970522345100758 ], [ 77.518040514047243, 12.970422755030048 ] ], [ [ 77.518002797883653, 12.970362515363632 ], [ 77.517474685478874, 12.969854706016372 ], [ 77.517473407728872, 12.969727715546199 ] ], [ [ 77.518000033498353, 12.966399985524616 ], [ 77.517998358479289, 12.966233500640854 ] ] ] } },
{ "type": "Feature", "properties": { "type": "gap" }, "geometry": { "type": "LineString", "coordinates": [ [ 77.717583467210687, 12.984867497818156 ], [ 77.717860480926902, 12.984589982527929 ] ] } },
{ "type": "Feature", "properties": { "type": "gap" }, "geometry": { "type": "MultiLineString", "coordinates": [ [ [ 77.582335411723577, 12.986246917375016 ], [ 77.581781021380408, 12.98680171699233 ], [ 77.581783859074733, 12.98707633383828 ], [ 77.580943757518838, 12.987084680987232 ], [ 77.580660887069996, 12.986812845678889 ], [ 77.579540751716735, 12.98682396954865 ], [ 77.579421087574275, 12.986943719496393 ] ], [ [ 77.578360981402327, 12.987659617549729 ], [ 77.57814908236621, 12.987661720501594 ], [ 77.577871880710674, 12.987939117071113 ], [ 77.577591845090808, 12.98794189572256 ], [ 77.577314642449181, 12.988219291865732 ], [ 77.577167753888446, 12.988220749117778 ] ], [ [ 77.575912672174567, 12.988782489478604 ], [ 77.575640087728644, 12.988785192304373 ], [ 77.575357219642669, 12.988513350524295 ], [ 77.574237071974352, 12.988524452970013 ], [ 77.57368265617994, 12.989079239517684 ], [ 77.573116923265744, 12.98853555059819 ], [ 77.573111266323863, 12.987986313198679 ], [ 77.572828401531751, 12.987714467961755 ], [ 77.572268328499504, 12.987720014003377 ], [ 77.571815957778341, 12.987285262256579 ] ] ] } },
{ "type": "Feature", "properties": { "type": "gap" }, "geometry": { "type": "LineString", "coordinates": [ [ 77.570641786334548, 12.986700618240494 ], [ 77.570293945296541, 12.986366318992658 ], [ 77.570291120382493, 12.986091699638994 ], [ 77.569731049864885, 12.986097239534523 ] ] } },
{ "type": "Feature", "properties": { "type": "gap" }, "geometry": { "type": "LineString", "coordinates": [ [ 77.610346961543229, 12.986790918683369 ], [ 77.610326879912265, 12.984868644299796 ] ] } },
{ "type": "Feature", "properties": { "type": "gap" }, "geometry": { "type": "LineString", "coordinates": [ [ 77.610326879912265, 12.984868644299796 ], [ 77.610881191373451, 12.984313796413835 ], [ 77.610878322350857, 12.984039185872149 ], [ 77.611432630875328, 12.983484337359021 ], [ 77.610866846919848, 12.982940743641295 ], [ 77.610863978226945, 12.982666133067552 ], [ 77.611141131591552, 12.982388709178666 ], [ 77.614501390345126, 12.982354926002662 ], [ 77.615055686286453, 12.98180007192788 ], [ 77.615338580078458, 12.982071863836619 ], [ 77.616458662197573, 12.982060589784373 ], [ 77.619205335237965, 12.979311075436105 ] ] } },
{ "type": "Feature", "properties": { "type": "gap" }, "geometry": { "type": "LineString", "coordinates": [ [ 77.620435140128365, 12.978175600451168 ], [ 77.620898672563939, 12.978170927607863 ], [ 77.62097054941664, 12.978098974185588 ] ] } },
{ "type": "Feature", "properties": { "type": "gap" }, "geometry": { "type": "MultiLineString", "coordinates": [ [ [ 77.670253954851958, 12.984565157464392 ], [ 77.670249456100905, 12.98414415018892 ] ], [ [ 77.670247012061665, 12.983915423083898 ], [ 77.670221352321335, 12.981513773890658 ], [ 77.670936453676944, 12.980797636839281 ] ] ] } },
{ "type": "Feature", "properties": { "type": "gap" }, "geometry": { "type": "LineString", "coordinates": [ [ 77.69515827193392, 12.986163864146691 ], [ 77.694912096828816, 12.98592750381564 ], [ 77.695189141646239, 12.985650007561484 ], [ 77.695186179730712, 12.985375415885059 ], [ 77.69490617354333, 12.985378320342253 ], [ 77.694623206054018, 12.985106632688689 ], [ 77.693783187799838, 12.985115343161693 ], [ 77.69321725609457, 12.984571964365472 ], [ 77.692657244540101, 12.984577768385588 ], [ 77.692374280085403, 12.984306077607462 ], [ 77.692094274444969, 12.984308978801874 ], [ 77.691811310842638, 12.984037287225252 ], [ 77.691251299835415, 12.98404308798283 ], [ 77.691239471393587, 12.982944717530481 ], [ 77.690829404642301, 12.982550980008623 ] ] } },
{ "type": "Feature", "properties": { "type": "gap" }, "geometry": { "type": "MultiLineString", "coordinates": [ [ [ 77.689478391617698, 12.981253750345271 ], [ 77.688975800471724, 12.980771161227352 ], [ 77.688966607467904, 12.979916575598526 ] ], [ [ 77.687801562147357, 12.975738699467689 ], [ 77.687774706710925, 12.973239938672302 ] ] ] } },
{ "type": "Feature", "properties": { "type": "gap" }, "geometry": { "type": "MultiLineString", "coordinates": [ [ [ 77.645857272652279, 12.988903398289569 ], [ 77.645035830265243, 12.988911764044211 ] ], [ [ 77.643950678310972, 12.988373546072948 ], [ 77.643410032843846, 12.988379048237752 ], [ 77.643132916867941, 12.988656500896671 ], [ 77.643135650575886, 12.988914867113378 ] ], [ [ 77.639246212456499, 12.988456824077165 ], [ 77.638643858770536, 12.98787823750745 ], [ 77.638640958437762, 12.987603633177834 ], [ 77.638358036845815, 12.987331872819713 ], [ 77.638355136953223, 12.987057268415079 ] ] ] } },
{ "type": "Feature", "properties": { "type": "gap" }, "geometry": { "type": "MultiLineString", "coordinates": [ [ [ 77.638355136953223, 12.987057268415079 ], [ 77.638632257839262, 12.986779820150433 ], [ 77.638629357773041, 12.986505215795116 ], [ 77.638063518191231, 12.985961694098419 ], [ 77.637852604545955, 12.985963835549914 ] ], [ [ 77.635720956105942, 12.983983307026257 ], [ 77.635520166410544, 12.983790430205525 ] ] ] } },
{ "type": "Feature", "properties": { "type": "gap" }, "geometry": { "type": "LineString", "coordinates": [ [ 77.510963615812784, 12.990791706864249 ], [ 77.510960855091881, 12.990517074908775 ], [ 77.511031256450622, 12.990446661642109 ] ] } },
{ "type": "Feature", "properties": { "type": "gap" }, "geometry": { "type": "MultiLineString", "coordinates": [ [ [ 77.497724292835315, 12.990844821901607 ], [ 77.497518233508657, 12.990646675872775 ], [ 77.496958121116222, 12.990652060852332 ], [ 77.496675319831127, 12.990380117919473 ], [ 77.496672688936584, 12.990116892626466 ] ], [ [ 77.496655825262195, 12.99010564393175 ], [ 77.496001127935315, 12.990111935721499 ] ], [ [ 77.494419479532766, 12.988754853055015 ], [ 77.494418415791642, 12.988753830127656 ], [ 77.494417698795715, 12.988754547154603 ] ], [ [ 77.493342304062381, 12.988806999501634 ], [ 77.493298196580042, 12.988764583982819 ], [ 77.493238763502049, 12.988824019088987 ] ], [ [ 77.490513510386847, 12.989615283056532 ], [ 77.490192888342634, 12.989618356813979 ] ] ] } },
{ "type": "Feature", "properties": { "type": "gap" }, "geometry": { "type": "MultiLineString", "coordinates": [ [ [ 77.48908309928818, 12.989607163888738 ], [ 77.488257197664424, 12.988812916697972 ], [ 77.487977141571619, 12.988815598987607 ], [ 77.487128770769104, 12.987999732994995 ], [ 77.486848715346213, 12.988002413904093 ], [ 77.486802652148867, 12.987958115231622 ] ], [ [ 77.47849557320788, 12.988034155306273 ], [ 77.478344930474051, 12.988184785865618 ] ], [ [ 77.478144547146044, 12.988385152631217 ], [ 77.477892356452756, 12.988637321882855 ], [ 77.477884304078344, 12.988637398687546 ] ], [ [ 77.47650127147665, 12.989579365971471 ], [ 77.476502955439273, 12.989749231205835 ], [ 77.476225618176869, 12.990026540287666 ], [ 77.475945558159566, 12.990029209859594 ], [ 77.47573924336524, 12.989830783300519 ] ], [ [ 77.474011313978153, 12.992690809637136 ], [ 77.474012339006194, 12.992794285415751 ], [ 77.473974376319291, 12.992832243248062 ] ], [ [ 77.47263892168327, 12.995524497251079 ], [ 77.472644653512134, 12.996103300170885 ], [ 77.472364585923501, 12.996105967108702 ], [ 77.472087237486903, 12.996383273740578 ], [ 77.471959227645641, 12.996384492498363 ] ], [ [ 77.470747537542294, 12.997168044802285 ], [ 77.470695050166739, 12.997220523515173 ] ] ] } },
{ "type": "Feature", "properties": { "type": "gap" }, "geometry": { "type": "LineString", "coordinates": [ [ 77.470695050166739, 12.997220523515173 ], [ 77.470414980911784, 12.997223188576264 ], [ 77.469849408390544, 12.996679236903507 ], [ 77.469569339563023, 12.996681900944003 ], [ 77.469291986939339, 12.996959205248055 ], [ 77.469011917679723, 12.996961868743963 ], [ 77.468734564071696, 12.99723917261343 ], [ 77.468454494380026, 12.997241835564722 ], [ 77.468177139787642, 12.997519138999557 ], [ 77.468179855011655, 12.99779377977814 ], [ 77.468462640974096, 12.998065757725975 ], [ 77.468465356630176, 12.998340398433685 ], [ 77.468188001057854, 12.998617702075769 ], [ 77.468190716531296, 12.998892342828935 ], [ 77.467910644870784, 12.998895005526389 ], [ 77.467345072322402, 12.998351048155353 ], [ 77.466784929794471, 12.998356371207613 ], [ 77.466793071604272, 12.999180294339332 ], [ 77.46651571307855, 12.999457596677029 ], [ 77.464555203225501, 12.99947621738173 ], [ 77.464000479154222, 13.000030818075258 ] ] } },
{ "type": "Feature", "properties": { "type": "gap" }, "geometry": { "type": "LineString", "coordinates": [ [ 77.464000479154222, 13.000030818075258 ], [ 77.463723116196363, 13.000308118134488 ], [ 77.463162967745674, 13.000313434162274 ], [ 77.462885603433691, 13.000590733542925 ], [ 77.462325453994779, 13.000596047877901 ], [ 77.462048088328686, 13.000873346579871 ], [ 77.461207862594875, 13.000881315090748 ], [ 77.460930495205062, 13.001158612870434 ], [ 77.45981019187775, 13.001169232356613 ], [ 77.459255452296659, 13.001723825392096 ], [ 77.457855068043543, 13.001737090530343 ] ] } },
{ "type": "Feature", "properties": { "type": "gap" }, "geometry": { "type": "LineString", "coordinates": [ [ 77.457855068043543, 13.001737090530343 ], [ 77.456454682237961, 13.00175034813063 ], [ 77.456171902013779, 13.001478355561506 ], [ 77.455331670521815, 13.001486305425267 ] ] } },
{ "type": "Feature", "properties": { "type": "gap" }, "geometry": { "type": "LineString", "coordinates": [ [ 77.455331670521815, 13.001486305425267 ], [ 77.454499541753918, 13.00231818315175 ], [ 77.454219463357418, 13.00232083177228 ], [ 77.453942085502092, 13.002598123719698 ], [ 77.453101848832091, 13.002606067040933 ], [ 77.4528244692534, 13.002883358064924 ], [ 77.452544389869971, 13.00288600499184 ], [ 77.452267009306837, 13.003163295579785 ], [ 77.451706849615206, 13.003168588041428 ], [ 77.451429467698162, 13.00344587794949 ], [ 77.450589226587837, 13.003453813648873 ], [ 77.450311842947499, 13.003731102633127 ], [ 77.450031762084123, 13.003733747019297 ] ] } },
{ "type": "Feature", "properties": { "type": "gap" }, "geometry": { "type": "LineString", "coordinates": [ [ 77.567923627764301, 12.987073473032636 ], [ 77.56835795282845, 12.986638875250572 ] ] } },
{ "type": "Feature", "properties": { "type": "gap" }, "geometry": { "type": "LineString", "coordinates": [ [ 77.543172790611905, 12.99081766970461 ], [ 77.54317213216504, 12.990752999860428 ], [ 77.543726631409385, 12.990198265278716 ], [ 77.543712649114582, 12.988825140243645 ] ] } },
{ "type": "Feature", "properties": { "type": "gap" }, "geometry": { "type": "MultiLineString", "coordinates": [ [ [ 77.543712649114582, 12.988825140243645 ], [ 77.543707056646397, 12.988275890184932 ], [ 77.544217282161497, 12.988270893770499 ] ], [ [ 77.544325193283413, 12.987238460165651 ], [ 77.544255956852879, 12.987171905732353 ], [ 77.544485933985001, 12.986941827309543 ] ], [ [ 77.544589419447576, 12.985860831889154 ], [ 77.544239178848542, 12.985524155969149 ], [ 77.544227994797524, 12.98442565599937 ], [ 77.544154274648179, 12.984354790362124 ] ], [ [ 77.5436561649298, 12.983276527897686 ], [ 77.543653941016174, 12.983058013353871 ], [ 77.543931183406087, 12.982780647173962 ], [ 77.5439283882464, 12.982506022067334 ], [ 77.54420562977991, 12.9822286557535 ], [ 77.544202834441862, 12.981954030694048 ], [ 77.544480075119012, 12.981676664246329 ], [ 77.544477279602631, 12.981402039234068 ], [ 77.544754519423492, 12.981124672652486 ], [ 77.54475172372878, 12.980850047687424 ], [ 77.545031758630657, 12.980847305883497 ], [ 77.54502896269338, 12.980572680972013 ], [ 77.545789981740626, 12.979811307130976 ] ] ] } },
{ "type": "Feature", "properties": { "type": "gap" }, "geometry": { "type": "LineString", "coordinates": [ [ 77.544407907483873, 12.991125075611858 ], [ 77.544295114526491, 12.991016654286179 ], [ 77.544286722536057, 12.99019277970141 ], [ 77.54400388011031, 12.989920897706336 ], [ 77.543995489812247, 12.989097022865117 ], [ 77.543712649114582, 12.988825140243645 ] ] } },
{ "type": "Feature", "properties": { "type": "gap" }, "geometry": { "type": "LineString", "coordinates": [ [ 77.525652643911897, 12.992022570332395 ], [ 77.525490829682738, 12.992024143860249 ] ] } },
{ "type": "Feature", "properties": { "type": "gap" }, "geometry": { "type": "MultiLineString", "coordinates": [ [ [ 77.69537520197315, 12.99114052370664 ], [ 77.695248394250257, 12.991141839734693 ], [ 77.695212644233123, 12.991107516080355 ] ], [ [ 77.692702670015095, 12.986795391376036 ], [ 77.692397950592834, 12.98650281612162 ] ] ] } },
{ "type": "Feature", "properties": { "type": "gap" }, "geometry": { "type": "LineString", "coordinates": [ [ 77.692397950592834, 12.98650281612162 ], [ 77.69211498375337, 12.986231125468318 ], [ 77.692112025076781, 12.985956533106753 ], [ 77.691829059225768, 12.98568484194935 ], [ 77.691269044537009, 12.985690643467834 ], [ 77.690703115631266, 12.985147258393193 ], [ 77.690700040193619, 12.984861654716255 ] ] } },
{ "type": "Feature", "properties": { "type": "gap" }, "geometry": { "type": "LineString", "coordinates": [ [ 77.592762132887103, 12.992459862366893 ], [ 77.593045021548136, 12.992731680691994 ], [ 77.593605096592484, 12.992726087770635 ], [ 77.593882281747398, 12.992448676768591 ], [ 77.594162318798709, 12.992445879616085 ] ] } },
{ "type": "Feature", "properties": { "type": "gap" }, "geometry": { "type": "LineString", "coordinates": [ [ 77.594162318798709, 12.992445879616085 ], [ 77.59443950296685, 12.992168468188646 ], [ 77.595279612609701, 12.992160074203998 ], [ 77.596665518649075, 12.990773010687601 ], [ 77.597225587690204, 12.990767410792268 ], [ 77.597222732195362, 12.990492797391678 ], [ 77.597502766310498, 12.990489997053514 ], [ 77.597499910574228, 12.990215383707712 ], [ 77.597777088339043, 12.989937969838623 ], [ 77.597774232426985, 12.989663356541206 ], [ 77.598605761313109, 12.988831113987823 ], [ 77.598888650201275, 12.9891029255832 ], [ 77.599442999459527, 12.988548095699727 ], [ 77.599440142033643, 12.988273482737625 ], [ 77.599717315500499, 12.98799606757323 ], [ 77.599714457898969, 12.987721454659562 ], [ 77.600834579322793, 12.987710243110499 ], [ 77.601388920951081, 12.98715541041835 ], [ 77.601386061704872, 12.986880797853084 ], [ 77.601663231356952, 12.986603381284587 ], [ 77.60166037193521, 12.986328768767796 ], [ 77.601937540732209, 12.986051352069353 ], [ 77.602497596841133, 12.986045742815833 ], [ 77.602780485380691, 12.986317550015507 ], [ 77.602783346030137, 12.986592162287057 ], [ 77.603063374534116, 12.986589356785114 ], [ 77.603629154682508, 12.987132969034016 ], [ 77.603909183603093, 12.987130162506309 ], [ 77.604186350142328, 12.986852743725549 ], [ 77.605586491895068, 12.986838705373186 ], [ 77.605869384205434, 12.98711050838339 ], [ 77.60670946919079, 12.987102080672349 ], [ 77.607263794200605, 12.986547238133358 ], [ 77.606980901430262, 12.986275436799671 ], [ 77.606978036242836, 12.986000825442316 ], [ 77.607538089983507, 12.985995205352497 ], [ 77.607820982863217, 12.986267006029141 ], [ 77.608661063703408, 12.986258572549508 ], [ 77.608938223182577, 12.985981149860375 ], [ 77.60921824962476, 12.985978337858938 ], [ 77.610326879912265, 12.984868644299796 ] ] } },
{ "type": "Feature", "properties": { "type": "gap" }, "geometry": { "type": "LineString", "coordinates": [ [ 77.59501099024807, 12.993261327867547 ], [ 77.594162318798709, 12.992445879616085 ] ] } },
{ "type": "Feature", "properties": { "type": "gap" }, "geometry": { "type": "MultiLineString", "coordinates": [ [ [ 77.55804458913255, 12.993545047034779 ], [ 77.558042626714709, 12.993353469407664 ], [ 77.557900296850107, 12.993216672314601 ] ], [ [ 77.558937219791872, 12.9925207075764 ], [ 77.55999450199343, 12.992510287729869 ], [ 77.560105611542639, 12.992399117075902 ] ], [ [ 77.560268017472978, 12.991870622409856 ], [ 77.560263285856948, 12.991409041487655 ], [ 77.56037818605752, 12.991294077528625 ] ] ] } },
{ "type": "Feature", "properties": { "type": "gap" }, "geometry": { "type": "MultiLineString", "coordinates": [ [ [ 77.744845767904849, 12.99391773472189 ], [ 77.745694838438055, 12.994732593138947 ], [ 77.745700877770133, 12.995281752947632 ], [ 77.745983903261859, 12.995553371403814 ], [ 77.747103925454965, 12.995541522639048 ], [ 77.747953008466141, 12.996356370995857 ], [ 77.747956030969888, 12.99663095034686 ], [ 77.748239060244828, 12.996902565520445 ], [ 77.748248129301857, 12.997726303320889 ], [ 77.748110602124228, 12.99786410810583 ] ], [ [ 77.747867499922037, 12.999806130749011 ], [ 77.748169937102062, 13.000096366038914 ] ], [ [ 77.749827949206448, 13.000455681664985 ], [ 77.74995842670981, 13.000454299166556 ], [ 77.749961452404619, 13.000728877966958 ] ] ] } },
{ "type": "Feature", "properties": { "type": "gap" }, "geometry": { "type": "MultiLineString", "coordinates": [ [ [ 77.629607622526805, 12.993872196954488 ], [ 77.629466700911379, 12.994013272621229 ], [ 77.62890663906667, 12.99401894338251 ], [ 77.628623717300783, 12.993747171889346 ], [ 77.628343686519514, 12.993750006455111 ], [ 77.628021137756917, 12.993440167787238 ] ], [ [ 77.627439683759462, 12.992881622740438 ], [ 77.626929088105854, 12.992391140702422 ], [ 77.625808969131327, 12.99240246869272 ], [ 77.625657172703072, 12.992256649981403 ] ], [ [ 77.62442256619704, 12.99186720987908 ], [ 77.624403047507627, 12.991867407120832 ], [ 77.624125903247247, 12.992144844193263 ], [ 77.623285813047886, 12.992153331417983 ], [ 77.62300289871061, 12.991881552186278 ], [ 77.622722244703468, 12.991884386598102 ] ], [ [ 77.621795577048047, 12.991537253898333 ], [ 77.620748249774124, 12.990531127543187 ] ] ] } },
{ "type": "Feature", "properties": { "type": "gap" }, "geometry": { "type": "LineString", "coordinates": [ [ 77.620748249774124, 12.990531127543187 ], [ 77.620465339843591, 12.990259344636307 ], [ 77.620456697307489, 12.989435519701409 ], [ 77.62184242469219, 12.988048350823327 ], [ 77.621836660924799, 12.987499134721336 ], [ 77.621553754136073, 12.987227352515795 ], [ 77.621490378382674, 12.981185972199436 ], [ 77.620342717982922, 12.980083392062287 ] ] } },
{ "type": "Feature", "properties": { "type": "gap" }, "geometry": { "type": "LineString", "coordinates": [ [ 77.455568519994486, 12.997089362102702 ], [ 77.455571221263767, 12.997364005504657 ], [ 77.455853995455485, 12.997635999755875 ], [ 77.455864802630657, 12.998734573043345 ], [ 77.456147578914738, 12.99900656661414 ], [ 77.456152983613478, 12.999555853091334 ], [ 77.455875610798557, 12.999833146229239 ], [ 77.4558891224045, 13.001206362568752 ], [ 77.455609045547973, 13.001209012465472 ], [ 77.455331670521815, 13.001486305425267 ] ] } },
{ "type": "Feature", "properties": { "type": "gap" }, "geometry": { "type": "MultiLineString", "coordinates": [ [ [ 77.654126671807461, 12.995410170922041 ], [ 77.654500169644024, 12.995036193104076 ] ], [ [ 77.654970486933038, 12.994010221118144 ], [ 77.65512261482634, 12.99385789635577 ] ], [ [ 77.659395652701974, 12.994852256352152 ], [ 77.65944131962199, 12.994806528864094 ], [ 77.660001369362476, 12.994800791948919 ], [ 77.659992895678513, 12.994005373955403 ] ], [ [ 77.660632622983144, 12.993146548571811 ], [ 77.66194397702138, 12.993133109284415 ], [ 77.662029760860932, 12.993215491082108 ] ], [ [ 77.663080661502434, 12.994224707153151 ], [ 77.663358733070382, 12.994491746493972 ], [ 77.663918780314347, 12.994486001271703 ], [ 77.664484687992029, 12.9950294516683 ], [ 77.664207594069396, 12.995306923622712 ], [ 77.66421052428197, 12.995581522081117 ], [ 77.664490548964068, 12.99557864846601 ], [ 77.665056460596034, 12.99612209685305 ], [ 77.665059391931834, 12.996396695103789 ], [ 77.66561661999576, 12.996390974370286 ] ] ] } },
{ "type": "Feature", "properties": { "type": "gap" }, "geometry": { "type": "LineString", "coordinates": [ [ 77.667567954164994, 12.995279163646213 ], [ 77.667567882126264, 12.995272421117232 ], [ 77.667844971555837, 12.99499494630253 ], [ 77.667837109128428, 12.994259092759012 ] ] } },
{ "type": "Feature", "properties": { "type": "gap" }, "geometry": { "type": "MultiLineString", "coordinates": [ [ [ 77.668267501093752, 12.992793582585231 ], [ 77.668381542287236, 12.992792410779368 ], [ 77.668459112637052, 12.992714731644888 ] ], [ [ 77.668335792460212, 12.988510107089438 ], [ 77.668334604054323, 12.988398848717162 ], [ 77.668051655537255, 12.988127127167829 ], [ 77.668328737988233, 12.98784965334343 ], [ 77.668888768072932, 12.987843900297555 ], [ 77.669394210107242, 12.987337740049023 ] ] ] } },
{ "type": "Feature", "properties": { "type": "gap" }, "geometry": { "type": "MultiLineString", "coordinates": [ [ [ 77.480318107676695, 12.997583734124465 ], [ 77.480222824465955, 12.997679008657281 ], [ 77.479819475729869, 12.997682861663026 ] ], [ [ 77.479178463026201, 12.997688983675062 ], [ 77.478456884550752, 12.997695873240261 ] ], [ [ 77.475034362262818, 12.99815169580763 ], [ 77.474906972022268, 12.998279068941516 ], [ 77.47406676319288, 12.998287077483184 ] ] ] } },
{ "type": "Feature", "properties": { "type": "gap" }, "geometry": { "type": "MultiLineString", "coordinates": [ [ [ 77.47406676319288, 12.998287077483184 ], [ 77.47378397196232, 12.998015106792938 ], [ 77.473417674692357, 12.998018596876909 ] ], [ [ 77.471959256127462, 12.998032487580112 ], [ 77.471823484220536, 12.99803378032254 ], [ 77.471693477604887, 12.997908745939604 ] ], [ [ 77.470806743388962, 12.997327946185521 ], [ 77.470695050166739, 12.997220523515173 ] ] ] } },
{ "type": "Feature", "properties": { "type": "gap" }, "geometry": { "type": "LineString", "coordinates": [ [ 77.532786373164853, 12.997813597492005 ], [ 77.532325470497526, 12.998274647295936 ], [ 77.53212123980434, 12.998276639422048 ] ] } },
{ "type": "Feature", "properties": { "type": "gap" }, "geometry": { "type": "MultiLineString", "coordinates": [ [ [ 77.495405386468093, 12.995061567583607 ], [ 77.495321686335501, 12.995062371934599 ], [ 77.495038880591395, 12.994790427884109 ], [ 77.494758819251402, 12.994793118695371 ], [ 77.494756075461765, 12.994518483408349 ], [ 77.494476014365986, 12.994521173859509 ], [ 77.494193210095048, 12.994249228598409 ], [ 77.493913149180472, 12.994251918388175 ], [ 77.493630345768224, 12.993979972341785 ], [ 77.493907663759643, 12.993702647429641 ], [ 77.493904550457728, 12.993390892321107 ] ], [ [ 77.492579622793215, 12.989870128189176 ], [ 77.490165221188718, 12.989893284634682 ] ] ] } },
{ "type": "Feature", "properties": { "type": "gap" }, "geometry": { "type": "LineString", "coordinates": [ [ 77.736746687886153, 12.995925521843455 ], [ 77.736469689349519, 12.996203055422471 ], [ 77.735909671901439, 12.996208957780786 ], [ 77.735632671998431, 12.996486490707788 ], [ 77.735352662794611, 12.996489441198571 ], [ 77.73479866039402, 12.997044506042991 ], [ 77.734801668604788, 12.997319088416404 ], [ 77.734247663271631, 12.997874152661637 ], [ 77.733967652187118, 12.997877101968806 ], [ 77.73369064822316, 12.998154633586443 ], [ 77.733130625094716, 12.998160530823725 ], [ 77.732576613819688, 12.998715592575259 ], [ 77.731513850453624, 12.998726778693156 ] ] } },
{ "type": "Feature", "properties": { "type": "gap" }, "geometry": { "type": "LineString", "coordinates": [ [ 77.731169040608378, 12.999828866184448 ], [ 77.730628541918392, 12.999834553265204 ], [ 77.730634550576099, 13.000383719807381 ], [ 77.730357539955506, 13.000661249103972 ], [ 77.730360544149619, 13.000935832423197 ], [ 77.730191571188868, 13.001105121269291 ] ] } },
{ "type": "Feature", "properties": { "type": "gap" }, "geometry": { "type": "MultiLineString", "coordinates": [ [ [ 77.682706762038549, 12.996764188876233 ], [ 77.682983832673301, 12.996486700862039 ], [ 77.683543875377211, 12.996480912468193 ], [ 77.68409801330462, 12.995925934944362 ], [ 77.684095061153613, 12.995651340972064 ], [ 77.684926262720651, 12.994818873498126 ], [ 77.684926073732413, 12.994801298849362 ] ], [ [ 77.685469104903163, 12.993214205902339 ], [ 77.685468581317238, 12.993165519458989 ], [ 77.685910436321905, 12.992722984894344 ] ], [ [ 77.686338984924831, 12.992293775262482 ], [ 77.687130954762026, 12.991500578814399 ], [ 77.687243604731279, 12.991608740826759 ] ], [ [ 77.688166718566663, 12.99222331674091 ], [ 77.688259881142329, 12.992312766650288 ], [ 77.689379942700114, 12.992301169568972 ], [ 77.689419171223236, 12.992261879502273 ] ], [ [ 77.69062773761587, 12.991328964751368 ], [ 77.690867550357353, 12.991088772594418 ] ], [ [ 77.691022535304171, 12.988803480926022 ], [ 77.691021572022805, 12.988714062259078 ], [ 77.691298624476772, 12.988436568760072 ], [ 77.691295350521685, 12.988132676434578 ] ], [ [ 77.692274247211429, 12.986904274263875 ], [ 77.692400909712219, 12.986777408406859 ], [ 77.692397950592834, 12.98650281612162 ] ] ] } },
{ "type": "Feature", "properties": { "type": "gap" }, "geometry": { "type": "LineString", "coordinates": [ [ 77.607378470607657, 12.997531684455172 ], [ 77.608227197354694, 12.998347077731619 ], [ 77.608230066734237, 12.998621688554568 ], [ 77.609078800130717, 12.999437077751718 ], [ 77.609358841619766, 12.999434262738005 ], [ 77.609924667439259, 12.999977852657032 ], [ 77.610484751184913, 12.999972220274323 ], [ 77.610878016184728, 13.000350026633136 ] ] } },
{ "type": "Feature", "properties": { "type": "gap" }, "geometry": { "type": "LineString", "coordinates": [ [ 77.616096331632463, 12.996575183619379 ], [ 77.616278356163534, 12.996392980408489 ] ] } },
{ "type": "Feature", "properties": { "type": "gap" }, "geometry": { "type": "MultiLineString", "coordinates": [ [ [ 77.619216949994453, 12.993451454276238 ], [ 77.619376905484103, 12.993291336595686 ], [ 77.619375571128501, 12.993164124518728 ] ], [ [ 77.620167087843967, 12.99111288780801 ], [ 77.620748249774124, 12.990531127543187 ] ] ] } },
{ "type": "Feature", "properties": { "type": "gap" }, "geometry": { "type": "LineString", "coordinates": [ [ 77.669050405043734, 12.996967834351301 ], [ 77.668985612897174, 12.99690561651909 ], [ 77.668976462681982, 12.996049730028792 ] ] } },
{ "type": "Feature", "properties": { "type": "gap" }, "geometry": { "type": "MultiLineString", "coordinates": [ [ [ 77.661165375596013, 12.998908301248498 ], [ 77.661189529151272, 12.99893149630795 ] ], [ [ 77.662731585114727, 13.000140557487814 ], [ 77.663426119148269, 13.000807514182171 ], [ 77.663495663556915, 13.000806800488853 ] ] ] } },
{ "type": "Feature", "properties": { "type": "gap" }, "geometry": { "type": "LineString", "coordinates": [ [ 77.663703060772775, 13.000515217858343 ], [ 77.663694426765204, 12.999706246393599 ], [ 77.663971525274363, 12.999428774014921 ], [ 77.664251554323826, 12.999425899822254 ], [ 77.664245692081749, 12.998876703079418 ], [ 77.664604660273753, 12.998517248100116 ] ] } },
{ "type": "Feature", "properties": { "type": "gap" }, "geometry": { "type": "LineString", "coordinates": [ [ 77.731733571174644, 12.998449851702155 ], [ 77.731485070400154, 12.998698821144421 ] ] } },
{ "type": "Feature", "properties": { "type": "gap" }, "geometry": { "type": "MultiLineString", "coordinates": [ [ [ 77.716593381515764, 13.000220202860758 ], [ 77.716630739942502, 13.000256062859499 ], [ 77.716910757751961, 13.000253131713396 ], [ 77.717193765112469, 13.000524786614204 ], [ 77.717473783091847, 13.000521854801603 ], [ 77.717522190995865, 13.000473361217308 ] ], [ [ 77.720913888342494, 13.000291625214896 ], [ 77.721114010574979, 13.000483713824318 ], [ 77.72139402759278, 13.000480777794275 ], [ 77.721403159821548, 13.000471629120401 ] ], [ [ 77.723216155407826, 13.000598457056329 ], [ 77.723354144792268, 13.000460217149174 ], [ 77.723634161259952, 13.00045727870919 ], [ 77.723632942756723, 13.000345628556241 ] ], [ [ 77.724844970960746, 12.99852225662614 ], [ 77.72574474502585, 12.998512809626103 ] ] ] } },
{ "type": "Feature", "properties": { "type": "gap" }, "geometry": { "type": "MultiLineString", "coordinates": [ [ [ 77.619873486957758, 12.998344104951727 ], [ 77.619988839768084, 12.998228636032184 ], [ 77.619852292106316, 12.998097463909104 ] ], [ [ 77.618000605884248, 12.995581429128141 ], [ 77.617999989493796, 12.995522644914297 ] ] ] } },
{ "type": "Feature", "properties": { "type": "gap" }, "geometry": { "type": "LineString", "coordinates": [ [ 77.513965067702557, 13.000476842885083 ], [ 77.514143749285111, 13.000648630959496 ], [ 77.514703876691428, 13.000643204848211 ], [ 77.514981172991611, 13.000365860443358 ], [ 77.514976598284903, 12.999911847282592 ] ] } },
{ "type": "Feature", "properties": { "type": "gap" }, "geometry": { "type": "LineString", "coordinates": [ [ 77.522218949713078, 12.994253190577666 ], [ 77.522320747244294, 12.994252201807519 ] ] } },
{ "type": "Feature", "properties": { "type": "gap" }, "geometry": { "type": "LineString", "coordinates": [ [ 77.467097575383008, 13.001649401318337 ], [ 77.467094860515729, 13.001374760396107 ], [ 77.466812071341735, 13.001102781424287 ], [ 77.465131623818692, 13.001118746833447 ], [ 77.464000479154222, 13.000030818075258 ] ] } },
{ "type": "Feature", "properties": { "type": "gap" }, "geometry": { "type": "MultiLineString", "coordinates": [ [ [ 77.638777346122168, 13.000510029719958 ], [ 77.638494406965123, 13.000238272585859 ], [ 77.638482795266199, 12.999139856137516 ], [ 77.638697000100947, 12.998925404610894 ] ], [ [ 77.638708473935736, 12.99336372054055 ], [ 77.639121924970993, 12.992949786180587 ] ], [ [ 77.638325471245494, 12.991451710915563 ], [ 77.638121517233841, 12.991453782727179 ], [ 77.636755327198642, 12.990141502493309 ] ], [ [ 77.636615157418461, 12.988244272419927 ], [ 77.636686602044875, 12.988172744659897 ], [ 77.637246647270828, 12.988167059642393 ], [ 77.637362861477541, 12.988050709580447 ] ], [ [ 77.638267677078545, 12.987144831445473 ], [ 77.638355136953223, 12.987057268415079 ] ] ] } },
{ "type": "Feature", "properties": { "type": "gap" }, "geometry": { "type": "MultiLineString", "coordinates": [ [ [ 77.700666640169146, 13.000148050102633 ], [ 77.702340216920305, 13.000130630322136 ] ], [ [ 77.702361960663538, 13.00014514747909 ], [ 77.703195753114784, 13.000945582679636 ], [ 77.703475774824284, 13.000942665866187 ], [ 77.704022521660661, 13.001467533210016 ] ], [ [ 77.704042273868382, 13.001532625687691 ], [ 77.704062598368083, 13.003408135132711 ], [ 77.704672864739848, 13.003993968942931 ] ] ] } },
{ "type": "Feature", "properties": { "type": "gap" }, "geometry": { "type": "LineString", "coordinates": [ [ 77.70606077990783, 13.014293340641501 ], [ 77.706141943521388, 13.014371249019495 ], [ 77.706702015627485, 13.014365402817241 ], [ 77.706699034261845, 13.014090814364703 ], [ 77.706973712688665, 13.013815682020285 ] ] } },
{ "type": "Feature", "properties": { "type": "gap" }, "geometry": { "type": "MultiLineString", "coordinates": [ [ [ 77.712929199611608, 13.016538505186293 ], [ 77.713169724207944, 13.01676936734976 ], [ 77.71428987237185, 13.01675764127855 ], [ 77.714469932400888, 13.016930465877753 ] ], [ [ 77.714857344817574, 13.017431010853182 ], [ 77.714870884271875, 13.018673882046427 ], [ 77.715150923157566, 13.018670948723466 ], [ 77.715416615556052, 13.018925960032405 ] ], [ [ 77.716365405931086, 13.019564887541538 ], [ 77.717032820914241, 13.020205460686464 ] ] ] } },
{ "type": "Feature", "properties": { "type": "gap" }, "geometry": { "type": "LineString", "coordinates": [ [ 77.719511303601081, 13.021769088799937 ], [ 77.719667500688274, 13.021918998922541 ], [ 77.719670498192741, 13.02219358424669 ] ] } },
{ "type": "Feature", "properties": { "type": "gap" }, "geometry": { "type": "MultiLineString", "coordinates": [ [ [ 77.719670498192741, 13.02219358424669 ], [ 77.720500761728076, 13.022184869018231 ] ], [ [ 77.7297937363508, 13.022361754464079 ], [ 77.733395474096568, 13.022323786601456 ] ] ] } },
{ "type": "Feature", "properties": { "type": "gap" }, "geometry": { "type": "LineString", "coordinates": [ [ 77.733395474096568, 13.022323786601456 ], [ 77.734226549323807, 13.021491177341375 ] ] } },
{ "type": "Feature", "properties": { "type": "gap" }, "geometry": { "type": "MultiLineString", "coordinates": [ [ [ 77.734226549323807, 13.021491177341375 ], [ 77.734503573168752, 13.021213640562554 ], [ 77.735063647386156, 13.021207730092051 ], [ 77.735057619012579, 13.020658566466844 ], [ 77.735334641011463, 13.020381029149993 ], [ 77.735325598253738, 13.019557283837379 ], [ 77.735602618921675, 13.019279746515107 ], [ 77.735658140998865, 13.019279160489003 ] ], [ [ 77.738228639177692, 13.018977403304339 ], [ 77.738399945513194, 13.018975593457505 ], [ 77.738399850588792, 13.018966955391981 ] ], [ [ 77.739862493703541, 13.018205606118137 ], [ 77.740074108417218, 13.0184086747712 ], [ 77.740354141100767, 13.018405714297948 ], [ 77.740637193466796, 13.01867733410071 ] ] ] } },
{ "type": "Feature", "properties": { "type": "gap" }, "geometry": { "type": "MultiLineString", "coordinates": [ [ [ 77.740637193466796, 13.01867733410071 ], [ 77.741197259102933, 13.018671411516783 ], [ 77.741751282567023, 13.018116327081051 ], [ 77.741748261723401, 13.017841746748729 ], [ 77.742025272294342, 13.017564204320545 ], [ 77.742004126660504, 13.015642142219335 ], [ 77.742281134948328, 13.015364600019035 ], [ 77.742278114182326, 13.015090019751014 ], [ 77.743152896043568, 13.014213546023859 ] ], [ [ 77.744730863217441, 13.012910115480455 ], [ 77.744774181862894, 13.012866712170309 ], [ 77.745340279760711, 13.013409942464193 ], [ 77.7453433034933, 13.013684522060073 ], [ 77.745909404604603, 13.014227750462084 ], [ 77.747309536985611, 13.014212918259302 ], [ 77.747628588043057, 13.013893237699019 ] ] ] } },
{ "type": "Feature", "properties": { "type": "gap" }, "geometry": { "type": "LineString", "coordinates": [ [ 77.458703416086209, 13.002553060304109 ], [ 77.457855068043543, 13.001737090530343 ] ] } },
{ "type": "Feature", "properties": { "type": "gap" }, "geometry": { "type": "MultiLineString", "coordinates": [ [ [ 77.482213796229971, 13.003731890436022 ], [ 77.481966043432621, 13.003979620196047 ], [ 77.481772253438919, 13.003981473599051 ] ], [ [ 77.477339652825904, 13.00539715116787 ], [ 77.477218402897847, 13.005398308769221 ], [ 77.476652796425057, 13.004854378244609 ], [ 77.476644185906267, 13.004854460427099 ] ] ] } },
{ "type": "Feature", "properties": { "type": "gap" }, "geometry": { "type": "LineString", "coordinates": [ [ 77.474356753403299, 12.999285258930801 ], [ 77.474349555038145, 12.998559047749048 ], [ 77.47406676319288, 12.998287077483184 ] ] } },
{ "type": "Feature", "properties": { "type": "gap" }, "geometry": { "type": "LineString", "coordinates": [ [ 77.540476056786957, 13.005061333254057 ], [ 77.539956865179008, 13.005066416075209 ], [ 77.539402329281245, 13.005621149674109 ], [ 77.539122265386737, 13.005623890542941 ], [ 77.538013184725116, 13.006733354514665 ], [ 77.537804374389026, 13.006735397126157 ] ] } },
{ "type": "Feature", "properties": { "type": "gap" }, "geometry": { "type": "MultiLineString", "coordinates": [ [ [ 77.487830386287598, 13.011429639102545 ], [ 77.487644205033121, 13.011615807600784 ], [ 77.487361383911136, 13.011343857368297 ], [ 77.48721957801898, 13.011345217278391 ] ], [ [ 77.485443781919358, 13.011131966599102 ], [ 77.485115256210449, 13.010816062122736 ], [ 77.484555093273755, 13.010821428540835 ], [ 77.483724725374032, 13.011651716645822 ] ], [ [ 77.482325275643461, 13.011931546923456 ], [ 77.482322640195719, 13.011666794776879 ], [ 77.481865515141209, 13.011227221587461 ] ] ] } },
{ "type": "Feature", "properties": { "type": "gap" }, "geometry": { "type": "LineString", "coordinates": [ [ 77.690529364089087, 13.003548812555469 ], [ 77.690901380769091, 13.003544954887023 ], [ 77.691750350427469, 13.004360017806034 ], [ 77.692030378617702, 13.004357112583968 ], [ 77.692596361941469, 13.004900484960437 ], [ 77.692876390542267, 13.004897578707395 ], [ 77.692884177401837, 13.005618961968263 ] ] } },
{ "type": "Feature", "properties": { "type": "gap" }, "geometry": { "type": "MultiLineString", "coordinates": [ [ [ 77.695321544704655, 13.00806022473731 ], [ 77.695847693719656, 13.008565330591988 ] ], [ [ 77.698103408993873, 13.010610325371273 ], [ 77.698259301598128, 13.010608703514835 ], [ 77.699391326306099, 13.011695407974516 ], [ 77.699951395539898, 13.011689577520944 ], [ 77.700017722661812, 13.011753248470017 ] ], [ [ 77.701635935035441, 13.01331975762605 ], [ 77.701649453921988, 13.013319616771941 ], [ 77.702781505143861, 13.014406300899298 ], [ 77.703061542051032, 13.01440338156808 ] ] ] } },
{ "type": "Feature", "properties": { "type": "gap" }, "geometry": { "type": "LineString", "coordinates": [ [ 77.703061542051032, 13.01440338156808 ], [ 77.703341578889933, 13.014400461935269 ], [ 77.703618637677778, 13.014122952847231 ], [ 77.703615659763329, 13.013848363687131 ], [ 77.704446831718897, 13.01301583551086 ], [ 77.704966116092578, 13.013010419028697 ] ] } },
{ "type": "Feature", "properties": { "type": "gap" }, "geometry": { "type": "LineString", "coordinates": [ [ 77.601572049382426, 13.004730601258601 ], [ 77.602137875857665, 13.005274208917214 ] ] } },
{ "type": "Feature", "properties": { "type": "gap" }, "geometry": { "type": "MultiLineString", "coordinates": [ [ [ 77.602137875857665, 13.005274208917214 ], [ 77.603069569178587, 13.005264863293869 ] ], [ [ 77.603816594780341, 13.005106191652317 ], [ 77.603815306360659, 13.004982740135221 ], [ 77.604369670951002, 13.004427895726071 ], [ 77.605084071963134, 13.004420724296255 ] ], [ [ 77.609719730476044, 13.002726306375449 ], [ 77.610233431569682, 13.002721139868369 ], [ 77.611566608118579, 13.001386728951173 ] ] ] } },
{ "type": "Feature", "properties": { "type": "gap" }, "geometry": { "type": "MultiLineString", "coordinates": [ [ [ 77.588689719606009, 13.004859445332446 ], [ 77.588406818415336, 13.004587624177395 ], [ 77.588401120603507, 13.004038394100894 ], [ 77.588118220773197, 13.003766572381188 ], [ 77.587838169685341, 13.003769365407907 ], [ 77.587555270711803, 13.003497542895952 ], [ 77.586995168823975, 13.003503127320212 ], [ 77.586992321683809, 13.003228511954653 ], [ 77.586709424181777, 13.002956688220747 ], [ 77.586706577479674, 13.002682072781418 ], [ 77.586466266607076, 13.002451167498666 ] ], [ [ 77.584151725422089, 12.999385141832587 ], [ 77.584150307795085, 12.999248212587018 ] ], [ [ 77.580125547304647, 12.997254683422016 ], [ 77.580030009534099, 12.997255632891479 ] ], [ [ 77.579468067418574, 12.996814112555265 ], [ 77.579362816299849, 12.996712971884918 ], [ 77.578802725991935, 12.996718535786632 ], [ 77.578519844449929, 12.99644669993414 ], [ 77.57823979944034, 12.996449481071023 ], [ 77.577956918754822, 12.996177644427304 ], [ 77.577954776021187, 12.995970125120108 ] ], [ [ 77.577087545990935, 12.995911629349525 ], [ 77.576273815079915, 12.995919704899549 ], [ 77.575990936833676, 12.9956478655876 ], [ 77.575386580798508, 12.995653860853988 ] ] ] } },
{ "type": "Feature", "properties": { "type": "gap" }, "geometry": { "type": "MultiLineString", "coordinates": [ [ [ 77.569915045402979, 13.00450210949723 ], [ 77.569920421491176, 13.004496730200431 ], [ 77.569917592906705, 13.004222111147953 ], [ 77.570472045768255, 13.003667325376828 ], [ 77.570707475885825, 13.003664993182081 ] ], [ [ 77.570751597754651, 13.003615745441714 ], [ 77.570751179696742, 13.003575168105899 ] ], [ [ 77.572500692157206, 13.002469787228005 ], [ 77.572698325844854, 13.002272030337467 ] ] ] } },
{ "type": "Feature", "properties": { "type": "gap" }, "geometry": { "type": "LineString", "coordinates": [ [ 77.572698325844854, 13.002272030337467 ], [ 77.573529987954117, 13.00143984531347 ], [ 77.573527156088417, 13.001165226978333 ], [ 77.57380437531981, 13.000887831651486 ], [ 77.573521492552075, 13.000615990288853 ], [ 77.573798711298863, 13.00033859507049 ], [ 77.573795879385912, 13.000063976770386 ], [ 77.574073097275814, 12.999786581419782 ], [ 77.573790215755068, 12.999514740150977 ], [ 77.573781720796461, 12.998690885173838 ], [ 77.574613368988707, 12.997858699376446 ], [ 77.574330489589556, 12.997586858362229 ], [ 77.574324825900106, 12.997037621870193 ], [ 77.574602040380867, 12.996760226635018 ], [ 77.574598736386505, 12.996439837463594 ] ] } },
{ "type": "Feature", "properties": { "type": "gap" }, "geometry": { "type": "MultiLineString", "coordinates": [ [ [ 77.660395549299196, 13.005507292892988 ], [ 77.660546444880126, 13.005356199933086 ] ], [ [ 77.661804713477636, 13.004957985615027 ], [ 77.662638771745975, 13.005758909808602 ], [ 77.662918808199265, 13.00575603567936 ] ] ] } },
{ "type": "Feature", "properties": { "type": "gap" }, "geometry": { "type": "MultiLineString", "coordinates": [ [ [ 77.662918808199265, 13.00575603567936 ], [ 77.663195913112091, 13.005478562777716 ], [ 77.663195014599822, 13.005394395608374 ] ], [ [ 77.663176913737075, 13.003698690545539 ], [ 77.663172684918891, 13.00330249639407 ] ] ] } },
{ "type": "Feature", "properties": { "type": "gap" }, "geometry": { "type": "MultiLineString", "coordinates": [ [ [ 77.649212595659378, 13.007370372139874 ], [ 77.649220274265417, 13.008093326097617 ], [ 77.648700446112983, 13.008613783224394 ] ], [ [ 77.646375081381166, 13.012052006696482 ], [ 77.645906379757164, 13.012521260377302 ], [ 77.645920950863015, 13.013894271251369 ], [ 77.645880061612559, 13.01393520841798 ] ], [ [ 77.645397697524288, 13.014973175760007 ], [ 77.645372507502401, 13.014998395130577 ], [ 77.645378335716998, 13.015547599632912 ], [ 77.645101198177116, 13.015825059256867 ] ] ] } },
{ "type": "Feature", "properties": { "type": "gap" }, "geometry": { "type": "MultiLineString", "coordinates": [ [ [ 77.645101198177116, 13.015825059256867 ], [ 77.645089857138458, 13.015836413458848 ] ], [ [ 77.644833661937653, 13.017007421639251 ], [ 77.644835715326678, 13.017200928071755 ], [ 77.644686992513869, 13.017349822571139 ] ] ] } },
{ "type": "Feature", "properties": { "type": "gap" }, "geometry": { "type": "MultiLineString", "coordinates": [ [ [ 77.644038495819188, 13.021256717720007 ], [ 77.644042172008312, 13.021603137896054 ], [ 77.643765027296155, 13.021880597551926 ], [ 77.643769593417588, 13.022310900873329 ] ], [ [ 77.643412780092376, 13.023343321925291 ], [ 77.64322239009033, 13.023533926589325 ], [ 77.643224746314786, 13.023755991446803 ] ], [ [ 77.643236430554254, 13.024857124043224 ], [ 77.64324278727608, 13.025456144325453 ], [ 77.643525764721645, 13.0257278893205 ], [ 77.643534508498689, 13.026551696618794 ], [ 77.643814572650314, 13.02654883861709 ], [ 77.644004149858645, 13.02673088895193 ] ] ] } },
{ "type": "Feature", "properties": { "type": "gap" }, "geometry": { "type": "MultiLineString", "coordinates": [ [ [ 77.645168318301145, 13.027033422228124 ], [ 77.645397906943288, 13.027253892386677 ] ], [ [ 77.64546065345003, 13.027905193400949 ], [ 77.645229475941875, 13.027907554244987 ], [ 77.64523239284955, 13.028182156258751 ], [ 77.644955243851015, 13.028459618213773 ], [ 77.64496293952952, 13.029184130599768 ] ], [ [ 77.644760589659128, 13.036502001075236 ], [ 77.644771455140955, 13.037524344595809 ], [ 77.644217138623731, 13.038079271162063 ], [ 77.644220056772141, 13.038353873186422 ], [ 77.64450305256041, 13.038625613857093 ], [ 77.644517517072529, 13.039986477396972 ] ], [ [ 77.644530756262455, 13.041231923554859 ], [ 77.644538268602446, 13.041938571981886 ] ] ] } },
{ "type": "Feature", "properties": { "type": "gap" }, "geometry": { "type": "MultiLineString", "coordinates": [ [ [ 77.647987649974823, 13.043330511013336 ], [ 77.648762685124723, 13.044074676427373 ], [ 77.648768534296977, 13.044623878189954 ], [ 77.648900552409046, 13.044750636838698 ] ], [ [ 77.650350191133541, 13.044607680852401 ], [ 77.650449033004037, 13.044606668317588 ], [ 77.650820519757019, 13.044234760905203 ] ], [ [ 77.652061996471787, 13.044252818154652 ], [ 77.652126600979273, 13.044314847431352 ], [ 77.653527011173352, 13.044300488797427 ], [ 77.654093035805744, 13.04484394260275 ], [ 77.65493328256504, 13.044835321604618 ], [ 77.655216296530199, 13.045107046761622 ] ] ] } },
{ "type": "Feature", "properties": { "type": "gap" }, "geometry": { "type": "LineString", "coordinates": [ [ 77.655216296530199, 13.045107046761622 ], [ 77.655396209961481, 13.045279783306098 ] ] } },
{ "type": "Feature", "properties": { "type": "gap" }, "geometry": { "type": "LineString", "coordinates": [ [ 77.657013003973589, 13.046187117502051 ], [ 77.657188608332604, 13.046185313855563 ], [ 77.657754644495085, 13.046728757205198 ], [ 77.659995311462794, 13.046705726874464 ], [ 77.660278332398946, 13.046977444977493 ] ] } },
{ "type": "Feature", "properties": { "type": "gap" }, "geometry": { "type": "MultiLineString", "coordinates": [ [ [ 77.660278332398946, 13.046977444977493 ], [ 77.661398665233975, 13.046965921093815 ], [ 77.662507236056314, 13.045856001318699 ], [ 77.665308048404626, 13.045827160854914 ], [ 77.66728613359291, 13.047726156771816 ] ], [ [ 77.671904272514965, 13.04949183588103 ], [ 77.67259623053171, 13.048798984268384 ] ] ] } },
{ "type": "Feature", "properties": { "type": "gap" }, "geometry": { "type": "LineString", "coordinates": [ [ 77.67995141176192, 13.050372569001972 ], [ 77.680205523675113, 13.050616489112315 ] ] } },
{ "type": "Feature", "properties": { "type": "gap" }, "geometry": { "type": "LineString", "coordinates": [ [ 77.680205523675113, 13.050616489112315 ], [ 77.680482645489008, 13.050338992606132 ], [ 77.680762727948178, 13.050336089494548 ], [ 77.68104577197812, 13.050607779588061 ], [ 77.681605937174623, 13.050601971726136 ], [ 77.682437295121431, 13.049769478070393 ], [ 77.686918588863335, 13.049722960135249 ], [ 77.687195700923709, 13.049445458057891 ], [ 77.688316020137933, 13.049433815519288 ], [ 77.688593130075802, 13.049156312303216 ], [ 77.688873209333067, 13.049153400673356 ] ] } },
{ "type": "Feature", "properties": { "type": "gap" }, "geometry": { "type": "LineString", "coordinates": [ [ 77.688873209333067, 13.049153400673356 ], [ 77.689156258835098, 13.049425080439622 ], [ 77.689996496920486, 13.049416342637928 ], [ 77.690562599218111, 13.049959698668427 ], [ 77.690842678924824, 13.04995678473127 ], [ 77.691125731239495, 13.050228461727048 ], [ 77.691679944411973, 13.049673449990008 ], [ 77.691960023538101, 13.049670534906447 ], [ 77.691957050072816, 13.049395943848362 ], [ 77.692234155116765, 13.049118437524655 ], [ 77.69223118147913, 13.048843846517048 ], [ 77.693893797346504, 13.047178805094587 ], [ 77.694459900351006, 13.047722151999624 ], [ 77.694739976637322, 13.047719234336041 ], [ 77.695294175694087, 13.047164217411627 ], [ 77.695574251159243, 13.047161298967872 ] ] } },
{ "type": "Feature", "properties": { "type": "gap" }, "geometry": { "type": "LineString", "coordinates": [ [ 77.695574251159243, 13.047161298967872 ], [ 77.696414477145908, 13.047152541822282 ], [ 77.697263639065085, 13.047967551646332 ], [ 77.697543714978337, 13.047964630895189 ] ] } },
{ "type": "Feature", "properties": { "type": "gap" }, "geometry": { "type": "LineString", "coordinates": [ [ 77.697543714978337, 13.047964630895189 ], [ 77.697820811289787, 13.047687120078216 ], [ 77.698100886758283, 13.04768419878584 ], [ 77.698383942309007, 13.047955866827337 ], [ 77.698386922527661, 13.048230456457125 ], [ 77.698669979071852, 13.048502123992494 ], [ 77.69894707435725, 13.04822461210602 ], [ 77.699227150169705, 13.048221689476856 ], [ 77.700076323814571, 13.049036687480481 ] ] } },
{ "type": "Feature", "properties": { "type": "gap" }, "geometry": { "type": "LineString", "coordinates": [ [ 77.700076323814571, 13.049036687480481 ], [ 77.700359382929932, 13.049308352609392 ], [ 77.700362365648743, 13.049582941761498 ], [ 77.701494609786053, 13.050669597634608 ], [ 77.702054765666048, 13.050663745484577 ], [ 77.702608950421876, 13.050108714884402 ], [ 77.702605965098869, 13.049834126254529 ], [ 77.704268503120119, 13.048169030440267 ], [ 77.707349319023095, 13.048136801684521 ], [ 77.70762640238955, 13.047859282455317 ], [ 77.708186549092503, 13.04785341827316 ] ] } },
{ "type": "Feature", "properties": { "type": "gap" }, "geometry": { "type": "LineString", "coordinates": [ [ 77.708186549092503, 13.04785341827316 ], [ 77.709026768633507, 13.047844619731995 ], [ 77.70985800937936, 13.047012057378502 ], [ 77.710418153136402, 13.047006188741266 ], [ 77.71069523139775, 13.046728667117437 ] ] } },
{ "type": "Feature", "properties": { "type": "gap" }, "geometry": { "type": "LineString", "coordinates": [ [ 77.71069523139775, 13.046728667117437 ], [ 77.712357688015018, 13.045063533571964 ], [ 77.712354693130294, 13.044788947058239 ], [ 77.712631766835088, 13.044511424224519 ], [ 77.71262577679181, 13.043962251292461 ], [ 77.712902849400521, 13.043684728392646 ], [ 77.714863320172782, 13.043664164960294 ], [ 77.715694526385178, 13.042831590170696 ] ] } },
{ "type": "Feature", "properties": { "type": "gap" }, "geometry": { "type": "LineString", "coordinates": [ [ 77.715694526385178, 13.042831590170696 ], [ 77.720127532483303, 13.038391163828287 ] ] } },
{ "type": "Feature", "properties": { "type": "gap" }, "geometry": { "type": "LineString", "coordinates": [ [ 77.720127532483303, 13.038391163828287 ], [ 77.721512814531266, 13.037003521118486 ] ] } },
{ "type": "Feature", "properties": { "type": "gap" }, "geometry": { "type": "LineString", "coordinates": [ [ 77.721512814531266, 13.037003521118486 ], [ 77.723729233765894, 13.034783283405231 ], [ 77.72372622878747, 13.03450869927722 ], [ 77.727604864227175, 13.030623256342665 ] ] } },
{ "type": "Feature", "properties": { "type": "gap" }, "geometry": { "type": "LineString", "coordinates": [ [ 77.727604864227175, 13.030623256342665 ], [ 77.727881904996238, 13.030345723354468 ], [ 77.727854831013317, 13.027874473704557 ], [ 77.733395474096568, 13.022323786601456 ] ] } },
{ "type": "Feature", "properties": { "type": "gap" }, "geometry": { "type": "MultiLineString", "coordinates": [ [ [ 77.558076298738939, 13.006709747059022 ], [ 77.557614790625834, 13.006266211451111 ], [ 77.557054669297273, 13.006271732447447 ], [ 77.556488919343636, 13.005728008404837 ], [ 77.556018471328841, 13.005732643369162 ] ], [ [ 77.555881051363571, 13.004328046539221 ], [ 77.555677704101825, 13.00413261257745 ] ], [ [ 77.55426245719957, 13.001412820992387 ], [ 77.554203457047933, 13.001356115249854 ], [ 77.554243760636865, 13.001315792261293 ] ], [ [ 77.555631903770788, 12.998870204423516 ], [ 77.555711471833447, 12.998869421063372 ] ], [ [ 77.557326488286961, 12.997954093852083 ], [ 77.557367445219285, 12.997913115841333 ] ], [ [ 77.557520636283897, 12.997078867800951 ], [ 77.557519101726228, 12.996929071008559 ], [ 77.557236238602925, 12.996657207658705 ], [ 77.557350582558442, 12.996542804513794 ] ] ] } },
{ "type": "Feature", "properties": { "type": "gap" }, "geometry": { "type": "LineString", "coordinates": [ [ 77.662647564724978, 13.006582705559312 ], [ 77.662924670732735, 13.006305232727474 ], [ 77.662918808199265, 13.00575603567936 ] ] } },
{ "type": "Feature", "properties": { "type": "gap" }, "geometry": { "type": "MultiLineString", "coordinates": [ [ [ 77.631843044348571, 13.006897040075394 ], [ 77.631854134485195, 13.00690769209576 ] ], [ [ 77.631594526475169, 13.009920210802358 ], [ 77.631311924657084, 13.009648776751833 ], [ 77.631031876650923, 13.009651617623696 ], [ 77.630200420831542, 13.010483955628828 ], [ 77.629920371637013, 13.010486795480402 ], [ 77.629923267661695, 13.010761401262455 ], [ 77.630206213562417, 13.011033167062559 ], [ 77.630372841835339, 13.011031477147533 ] ], [ [ 77.629106124243421, 13.012951809398414 ], [ 77.629106281965264, 13.0129667667054 ], [ 77.629086632488182, 13.012966965923995 ] ], [ [ 77.628067245472678, 13.01345187240846 ], [ 77.627437543416065, 13.014082222485438 ], [ 77.627157489559082, 13.014085060126062 ], [ 77.626880329140477, 13.014362503844687 ], [ 77.626891903823207, 13.015460929299008 ], [ 77.627118010531916, 13.015678101311465 ] ], [ [ 77.627123894407049, 13.016893722848621 ], [ 77.626909267838471, 13.017108567287456 ], [ 77.626912162073324, 13.017383173596343 ], [ 77.62635783408183, 13.017938061700699 ], [ 77.626366515736578, 13.018761880921479 ] ] ] } },
{ "type": "Feature", "properties": { "type": "gap" }, "geometry": { "type": "LineString", "coordinates": [ [ 77.626366515736578, 13.018761880921479 ], [ 77.626372303838195, 13.019311093703163 ], [ 77.626655258198298, 13.019582862110944 ], [ 77.626482142884981, 13.019756151376159 ] ] } },
{ "type": "Feature", "properties": { "type": "gap" }, "geometry": { "type": "MultiLineString", "coordinates": [ [ [ 77.626315161720285, 13.033934765689354 ], [ 77.626528682932204, 13.034139829074107 ], [ 77.626531580666679, 13.034414435107564 ], [ 77.626811657505343, 13.034411593791955 ], [ 77.626814555614331, 13.03468619975707 ], [ 77.627097531178251, 13.034957963974183 ], [ 77.627106227027227, 13.035781781625841 ], [ 77.626829047155155, 13.036059229486018 ], [ 77.626831945662502, 13.036333835412474 ], [ 77.626634350692939, 13.036531620801915 ] ], [ [ 77.628272424107053, 13.040114575738485 ], [ 77.628272947295457, 13.040164100094621 ], [ 77.628359390888164, 13.040163222234487 ] ], [ [ 77.632684873917498, 13.039910501145624 ], [ 77.632751360008527, 13.039843948419209 ], [ 77.635290475031098, 13.03981810752358 ] ], [ [ 77.636403084556292, 13.039817131129485 ], [ 77.636675405741457, 13.04007863572749 ], [ 77.637515648290332, 13.040070074328071 ], [ 77.63779864053275, 13.040341823334298 ], [ 77.638078721490643, 13.040338968565512 ], [ 77.63921069759229, 13.041425958801891 ], [ 77.640050942964891, 13.041417388308101 ], [ 77.640333939256521, 13.041689133690856 ], [ 77.640507754415623, 13.041687360213022 ] ] ] } },
{ "type": "Feature", "properties": { "type": "gap" }, "geometry": { "type": "MultiLineString", "coordinates": [ [ [ 77.673862841786843, 13.007758091007503 ], [ 77.67386666874944, 13.008115073975945 ], [ 77.674715612570296, 13.008930200277829 ], [ 77.674991296457662, 13.008654126833655 ] ], [ [ 77.678240532808374, 13.009868737820875 ], [ 77.678367887660031, 13.009991014674515 ], [ 77.678370836880219, 13.010265609637782 ], [ 77.67865087478134, 13.010262717556367 ], [ 77.67881652257708, 13.010096831195224 ] ], [ [ 77.679034058139322, 13.01008709476956 ], [ 77.679210950380607, 13.010256932488982 ], [ 77.679532059116099, 13.010253615184961 ] ], [ [ 77.680568609984562, 13.01074515383988 ], [ 77.680617041756975, 13.010791653441009 ], [ 77.680619993639965, 13.011066247879848 ] ] ] } },
{ "type": "Feature", "properties": { "type": "gap" }, "geometry": { "type": "MultiLineString", "coordinates": [ [ [ 77.680619993639965, 13.011066247879848 ], [ 77.680900031921936, 13.011063353196807 ], [ 77.681183022701873, 13.011335052518278 ], [ 77.681743099542118, 13.011329261518162 ], [ 77.682026091416517, 13.011600959675832 ], [ 77.682190659566444, 13.011599257655595 ] ], [ [ 77.682511892038534, 13.011795612738068 ], [ 77.68258912270386, 13.011869760717259 ], [ 77.682612622596167, 13.011869517623939 ] ], [ [ 77.683574396342422, 13.0122721876992 ], [ 77.683998183412129, 13.012679053729167 ] ] ] } },
{ "type": "Feature", "properties": { "type": "gap" }, "geometry": { "type": "MultiLineString", "coordinates": [ [ [ 77.683998183412129, 13.012679053729167 ], [ 77.684281179080727, 13.012950748620272 ], [ 77.684290048552185, 13.013774529297521 ], [ 77.684436067969557, 13.013914716700587 ] ], [ [ 77.685798956269991, 13.014206274257743 ], [ 77.685973248862467, 13.014031722527351 ], [ 77.685967331987513, 13.013482536187748 ], [ 77.686244413105783, 13.013205042089785 ], [ 77.686546652106216, 13.013495205835545 ] ], [ [ 77.68674784532611, 13.013688360201115 ], [ 77.687093409961491, 13.014020116284412 ], [ 77.687373450066545, 13.014017213969673 ], [ 77.687656450488291, 13.014288904133613 ], [ 77.687933530072968, 13.014011408435392 ], [ 77.688180934256053, 13.014008843571254 ] ], [ [ 77.688494194336684, 13.014059803700729 ], [ 77.688499532490141, 13.014554786868803 ], [ 77.68878253462141, 13.01482647543337 ], [ 77.689342615793976, 13.014820666502953 ], [ 77.689625619019651, 13.015092353902773 ], [ 77.689644872618132, 13.015092154165984 ] ], [ [ 77.690416640515394, 13.014809523779544 ], [ 77.690742817536261, 13.014806138898598 ], [ 77.690902033950067, 13.014958987529196 ] ] ] } },
{ "type": "Feature", "properties": { "type": "gap" }, "geometry": { "type": "LineString", "coordinates": [ [ 77.69874188973175, 13.01623182750652 ], [ 77.699155885472607, 13.015817175522734 ], [ 77.699715964068673, 13.015811343764211 ], [ 77.700547156833068, 13.014978824380041 ], [ 77.700544182096806, 13.014704234539051 ], [ 77.70110425755017, 13.014698400273289 ], [ 77.701387270833436, 13.014970072338079 ], [ 77.702507421878394, 13.014958398726261 ], [ 77.703061542051032, 13.01440338156808 ] ] } },
{ "type": "Feature", "properties": { "type": "gap" }, "geometry": { "type": "LineString", "coordinates": [ [ 77.518709091627954, 13.008959111763595 ], [ 77.51870515689815, 13.008569459188969 ], [ 77.518422312358851, 13.008297548336166 ], [ 77.51773625975504, 13.008304207638064 ] ] } },
{ "type": "Feature", "properties": { "type": "gap" }, "geometry": { "type": "MultiLineString", "coordinates": [ [ [ 77.574726712303672, 13.008843421155857 ], [ 77.575558384043973, 13.008011227168215 ], [ 77.575552712951776, 13.007461991648274 ], [ 77.575342780124998, 13.007260263179862 ] ], [ [ 77.574981616852128, 13.006403855275945 ], [ 77.574981257903772, 13.006369080244664 ], [ 77.574698366718124, 13.006097241671716 ], [ 77.574418310040713, 13.00610002071382 ], [ 77.574135419712377, 13.005828181349433 ], [ 77.574132586191539, 13.005553563238054 ], [ 77.574409808555828, 13.005276166561668 ], [ 77.574397792261891, 13.004111605633115 ] ], [ [ 77.572700339662632, 13.002467365431682 ], [ 77.572698325844854, 13.002272030337467 ] ] ] } },
{ "type": "Feature", "properties": { "type": "gap" }, "geometry": { "type": "LineString", "coordinates": [ [ 77.514299407218459, 13.010260144645688 ], [ 77.514800761729617, 13.010255284301397 ], [ 77.514839649577283, 13.010216390694088 ] ] } },
{ "type": "Feature", "properties": { "type": "gap" }, "geometry": { "type": "MultiLineString", "coordinates": [ [ [ 77.596576983017769, 13.00918385222524 ], [ 77.596576889875507, 13.009174905716247 ], [ 77.596927122747033, 13.008824393787336 ] ], [ [ 77.601028337096039, 13.006307903044696 ], [ 77.601026266145368, 13.006109277730062 ], [ 77.600743352447722, 13.005837472868045 ], [ 77.60074048965528, 13.005562860555028 ], [ 77.601017676845814, 13.005285440974861 ], [ 77.602137875857665, 13.005274208917214 ] ] ] } },
{ "type": "Feature", "properties": { "type": "gap" }, "geometry": { "type": "LineString", "coordinates": [ [ 77.537204150678207, 13.011685027262756 ], [ 77.536663131883898, 13.011690319419877 ], [ 77.536400184550516, 13.011953349589755 ] ] } },
{ "type": "Feature", "properties": { "type": "gap" }, "geometry": { "type": "MultiLineString", "coordinates": [ [ [ 77.643668629034252, 13.012792579026485 ], [ 77.643674279598386, 13.013325480762207 ] ], [ [ 77.645089617775952, 13.015813938060912 ], [ 77.645101198177116, 13.015825059256867 ] ] ] } },
{ "type": "Feature", "properties": { "type": "gap" }, "geometry": { "type": "MultiLineString", "coordinates": [ [ [ 77.620690254887791, 13.011678772654053 ], [ 77.620693692168828, 13.012005819055208 ] ], [ [ 77.621195021872239, 13.012707296179098 ], [ 77.6217299149708, 13.013221082754123 ] ], [ [ 77.622408744780699, 13.015291210060923 ], [ 77.622411007417355, 13.015506290643936 ], [ 77.622693953161786, 13.015778065097811 ], [ 77.622696842449884, 13.016052672366596 ], [ 77.622979789183589, 13.016324446320505 ], [ 77.622982678911882, 13.016599053514618 ], [ 77.623265626634876, 13.016870826968523 ], [ 77.623804712005551, 13.016865371444235 ] ], [ [ 77.625761311945737, 13.018218740614513 ], [ 77.625800610359178, 13.01821834253669 ], [ 77.626366515736578, 13.018761880921479 ] ] ] } },
{ "type": "Feature", "properties": { "type": "gap" }, "geometry": { "type": "MultiLineString", "coordinates": [ [ [ 77.712527000997468, 13.011861577046954 ], [ 77.712465915567876, 13.011922766463561 ] ], [ [ 77.712003923697125, 13.012584958768732 ], [ 77.712004764760692, 13.012662280193702 ], [ 77.711933843383733, 13.012733321865003 ] ], [ [ 77.711736967609298, 13.013790133901646 ], [ 77.711739665365783, 13.014038145407424 ], [ 77.711387674154608, 13.014390731203894 ] ] ] } },
{ "type": "Feature", "properties": { "type": "gap" }, "geometry": { "type": "LineString", "coordinates": [ [ 77.607542066570133, 13.013184502722433 ], [ 77.608107926342356, 13.013728090933974 ], [ 77.608114550901433, 13.014361330429297 ] ] } },
{ "type": "Feature", "properties": { "type": "gap" }, "geometry": { "type": "LineString", "coordinates": [ [ 77.613090340703394, 13.021642442169751 ], [ 77.613232453044716, 13.021641009204503 ] ] } },
{ "type": "Feature", "properties": { "type": "gap" }, "geometry": { "type": "LineString", "coordinates": [ [ 77.613232453044716, 13.021641009204503 ], [ 77.613515399042299, 13.02191279415417 ], [ 77.614075530411284, 13.021907144685699 ], [ 77.614641425220526, 13.022450711836781 ], [ 77.614650071272791, 13.023274538529025 ], [ 77.615210205191673, 13.023268886029502 ], [ 77.615776105674342, 13.023812449592095 ], [ 77.615778989187547, 13.024087058217283 ], [ 77.616061940726482, 13.024358839283096 ], [ 77.616073476936336, 13.025457273447207 ], [ 77.616639384853684, 13.026000833739209 ], [ 77.618039732235815, 13.025986686576356 ], [ 77.618322688327169, 13.026258464256625 ], [ 77.618602757846915, 13.026255633554536 ], [ 77.618885714795894, 13.026527410439346 ], [ 77.619725923683262, 13.026518915430287 ], [ 77.620008881973391, 13.02679069079219 ] ] } },
{ "type": "Feature", "properties": { "type": "gap" }, "geometry": { "type": "LineString", "coordinates": [ [ 77.620008881973391, 13.02679069079219 ], [ 77.620574800401272, 13.027334240220338 ], [ 77.620854870623191, 13.027331406855561 ], [ 77.620857760539096, 13.027606014286528 ], [ 77.62142368266251, 13.028149561123069 ], [ 77.622543966053357, 13.028138221486875 ], [ 77.6240296856989, 13.029565167120779 ] ] } },
{ "type": "Feature", "properties": { "type": "gap" }, "geometry": { "type": "LineString", "coordinates": [ [ 77.469754208704813, 13.015357440922513 ], [ 77.46976509234652, 13.016456001181938 ], [ 77.469210351178475, 13.017010617062956 ], [ 77.469213071754069, 13.017285257215573 ], [ 77.468932979670939, 13.017287924715694 ], [ 77.468100861454161, 13.018119846522584 ], [ 77.468103581047885, 13.018394486882467 ], [ 77.467543393857312, 13.018399819631043 ] ] } },
{ "type": "Feature", "properties": { "type": "gap" }, "geometry": { "type": "LineString", "coordinates": [ [ 77.467543393857312, 13.018399819631043 ], [ 77.466977769755175, 13.017855869980632 ], [ 77.466697676557388, 13.017858535181965 ], [ 77.466414865675418, 13.017586559359914 ], [ 77.466134772660823, 13.01758922389933 ], [ 77.465286344445701, 13.016773292806262 ], [ 77.464446067237901, 13.016781281373325 ], [ 77.464168689682879, 13.017058584830629 ], [ 77.463888596785594, 13.017061246838766 ], [ 77.463611218244779, 13.017338549860158 ], [ 77.463051031523221, 13.017343872483139 ], [ 77.462768224573892, 13.017071891852511 ], [ 77.462488131365347, 13.017074552351248 ] ] } },
{ "type": "Feature", "properties": { "type": "gap" }, "geometry": { "type": "LineString", "coordinates": [ [ 77.462488131365347, 13.017074552351248 ], [ 77.462485418240249, 13.016799910797564 ], [ 77.462202612522276, 13.016527929318318 ], [ 77.462197187198853, 13.015978646063093 ], [ 77.461914382836625, 13.015706664030798 ], [ 77.461908958502136, 13.015157380621377 ], [ 77.461343353104539, 13.014613415026568 ], [ 77.459102625369255, 13.014634674313799 ], [ 77.458825242748674, 13.014911972724908 ], [ 77.457704875909712, 13.014922594149127 ], [ 77.457422076957599, 13.014650606102519 ], [ 77.457141985338254, 13.014653260344243 ], [ 77.456859187247403, 13.014381271513891 ], [ 77.456856480900058, 13.014106628737292 ], [ 77.456296298582075, 13.014111935480015 ], [ 77.45601350196803, 13.013839945442024 ], [ 77.455733410961628, 13.01384259800097 ], [ 77.455167820071537, 13.013298615933877 ], [ 77.455157003433783, 13.01220004329852 ], [ 77.454316735209517, 13.012207996312311 ], [ 77.453207184729905, 13.013317170360693 ], [ 77.452924391928292, 13.013045176173915 ], [ 77.451804028495033, 13.013055770625547 ] ] } },
{ "type": "Feature", "properties": { "type": "gap" }, "geometry": { "type": "LineString", "coordinates": [ [ 77.451804028495033, 13.013055770625547 ], [ 77.451798627561971, 13.012506482920164 ], [ 77.450958356182923, 13.012514425243415 ], [ 77.450680964803951, 13.012791716167875 ], [ 77.450115385719272, 13.012247720641829 ], [ 77.450109988850642, 13.011698432205197 ] ] } },
{ "type": "Feature", "properties": { "type": "gap" }, "geometry": { "type": "LineString", "coordinates": [ [ 77.609249179156748, 13.015725353886802 ], [ 77.609256899795994, 13.016462923607884 ], [ 77.608979713521947, 13.016740352407933 ], [ 77.608983776750634, 13.017128536077319 ] ] } },
{ "type": "Feature", "properties": { "type": "gap" }, "geometry": { "type": "LineString", "coordinates": [ [ 77.683178752360945, 13.014609904601285 ], [ 77.683455838191861, 13.014332412659599 ], [ 77.683444015513572, 13.01323403770321 ], [ 77.683998183412129, 13.012679053729167 ] ] } },
{ "type": "Feature", "properties": { "type": "gap" }, "geometry": { "type": "MultiLineString", "coordinates": [ [ [ 77.677701809343588, 13.013156187414296 ], [ 77.677843199997838, 13.013291938454007 ], [ 77.678123241416813, 13.013289046281573 ], [ 77.678406232800285, 13.013560748693328 ], [ 77.678683324051747, 13.013283261031932 ], [ 77.678677423575351, 13.012734071367216 ], [ 77.678482238804293, 13.012546672454619 ] ], [ [ 77.679544272761419, 13.011901239992644 ], [ 77.679788731675615, 13.011898713965856 ], [ 77.680619993639965, 13.011066247879848 ] ] ] } },
{ "type": "Feature", "properties": { "type": "gap" }, "geometry": { "type": "MultiLineString", "coordinates": [ [ [ 77.504498653954585, 13.016397471412281 ], [ 77.50421857040503, 13.016400176828899 ], [ 77.50393572817346, 13.016128249044694 ], [ 77.503375561373531, 13.016133658250785 ], [ 77.503098235574072, 13.016410995477086 ], [ 77.502818151708169, 13.016413699384563 ], [ 77.502540824922079, 13.016691036177782 ], [ 77.502118880975786, 13.016695108648971 ] ], [ [ 77.500878511895593, 13.016707076329231 ], [ 77.500580233493238, 13.01670995337868 ], [ 77.500302903494457, 13.016987288281383 ], [ 77.5002833739332, 13.016968511850836 ] ], [ [ 77.496407436856998, 13.018398131857177 ], [ 77.496395459276201, 13.018398247200855 ], [ 77.496118122244823, 13.018675578773744 ], [ 77.495928823011297, 13.018677401478449 ] ], [ [ 77.495853067217837, 13.018678130869215 ], [ 77.495838034337282, 13.018678275605934 ], [ 77.49584356561256, 13.019230609352876 ] ] ] } },
{ "type": "Feature", "properties": { "type": "gap" }, "geometry": { "type": "LineString", "coordinates": [ [ 77.477855711642462, 13.017477463481328 ], [ 77.47677826333809, 13.017487759175026 ], [ 77.476223538724028, 13.018042387651183 ], [ 77.476242639690938, 13.019964858209617 ], [ 77.475965274743174, 13.020242172524298 ], [ 77.475682452428899, 13.019970209168855 ], [ 77.475402358704045, 13.019972884195564 ], [ 77.474836716413634, 13.019428955489175 ], [ 77.472876062023573, 13.019447667178397 ], [ 77.472310425631605, 13.0189037317292 ], [ 77.471750239082112, 13.018909073768008 ], [ 77.471195498680444, 13.019463693993906 ], [ 77.4703552161657, 13.019471703325591 ], [ 77.47007239987073, 13.019199732571852 ], [ 77.469512211706345, 13.019205069896367 ], [ 77.469229396518102, 13.018933097997659 ], [ 77.46810902042246, 13.018943767583144 ], [ 77.467543393857312, 13.018399819631043 ] ] } },
{ "type": "Feature", "properties": { "type": "gap" }, "geometry": { "type": "MultiLineString", "coordinates": [ [ [ 77.730519865133445, 13.015488739069799 ], [ 77.730802905009554, 13.015760372465614 ], [ 77.730808921668938, 13.016309538256019 ], [ 77.731091962913254, 13.016581171073421 ], [ 77.731371995655394, 13.016578220703735 ], [ 77.731375004772701, 13.016852803454032 ], [ 77.731658047247322, 13.017124435397827 ], [ 77.731679115637007, 13.019046513972434 ], [ 77.732356727637509, 13.019696797409075 ] ], [ [ 77.733198745177091, 13.020504847590304 ], [ 77.734226549323807, 13.021491177341375 ] ] ] } },
{ "type": "Feature", "properties": { "type": "gap" }, "geometry": { "type": "MultiLineString", "coordinates": [ [ [ 77.598091036341444, 13.020087561057927 ], [ 77.598091639311264, 13.020145393400199 ], [ 77.598445839215557, 13.020485664897928 ] ], [ [ 77.598958244890014, 13.022668372646766 ], [ 77.598960484829632, 13.022883093565445 ], [ 77.599077209248492, 13.022995225643111 ] ], [ [ 77.600114513809061, 13.026105190962275 ], [ 77.600114851223594, 13.026137512570578 ] ], [ [ 77.599031839313611, 13.029721128976799 ], [ 77.599032123967447, 13.029748400070689 ], [ 77.599048589752357, 13.029764217424736 ] ], [ [ 77.599318061774881, 13.030306933199833 ], [ 77.599323669035954, 13.030844037892708 ], [ 77.599479036677238, 13.030993285675862 ] ] ] } },
{ "type": "Feature", "properties": { "type": "gap" }, "geometry": { "type": "MultiLineString", "coordinates": [ [ [ 77.601329745331526, 13.035180912955029 ], [ 77.60133013441073, 13.035218139312535 ], [ 77.601613088318643, 13.035489936565511 ], [ 77.601615958891188, 13.035764548055656 ], [ 77.601338745203805, 13.036041973966878 ], [ 77.601343672107802, 13.036513328318392 ] ], [ [ 77.599499422914377, 13.041553262846497 ], [ 77.599435530335072, 13.04155390462617 ], [ 77.599158308562252, 13.0418313297612 ], [ 77.59916103303452, 13.042092079895154 ] ], [ [ 77.599010005037115, 13.042534708197564 ], [ 77.598886824372755, 13.042657978600559 ], [ 77.598892562835559, 13.043207202465435 ], [ 77.598615338858579, 13.043484627447116 ], [ 77.599181264880514, 13.044028224730713 ], [ 77.599257949357806, 13.044027454398453 ] ], [ [ 77.600308736259009, 13.044695731218123 ], [ 77.600310253059988, 13.044840802543769 ], [ 77.600512642034587, 13.045035202597909 ] ] ] } },
{ "type": "Feature", "properties": { "type": "gap" }, "geometry": { "type": "LineString", "coordinates": [ [ 77.602517023998516, 13.045367894466244 ], [ 77.611519747174626, 13.045277177708556 ] ] } },
{ "type": "Feature", "properties": { "type": "gap" }, "geometry": { "type": "LineString", "coordinates": [ [ 77.611519747174626, 13.045277177708556 ], [ 77.612085700751877, 13.045820740571877 ] ] } },
{ "type": "Feature", "properties": { "type": "gap" }, "geometry": { "type": "LineString", "coordinates": [ [ 77.612085700751877, 13.045820740571877 ], [ 77.612368678465799, 13.046092521355565 ], [ 77.612928864727195, 13.046086864070483 ], [ 77.613211843542828, 13.046358643694131 ], [ 77.614612309252152, 13.046344493368535 ], [ 77.614895289896566, 13.046616270739865 ], [ 77.615175383082544, 13.046613439403338 ], [ 77.616279170135613, 13.047673515135148 ] ] } },
{ "type": "Feature", "properties": { "type": "gap" }, "geometry": { "type": "MultiLineString", "coordinates": [ [ [ 77.61828214003026, 13.047955198503134 ], [ 77.618333701229872, 13.047954676591067 ] ], [ [ 77.622435985919154, 13.048187755590108 ], [ 77.622912629015929, 13.04818292278337 ] ], [ [ 77.623855052341497, 13.048173364727395 ], [ 77.624715904397334, 13.048164630967825 ], [ 77.624717381880231, 13.048163152128618 ] ] ] } },
{ "type": "Feature", "properties": { "type": "gap" }, "geometry": { "type": "MultiLineString", "coordinates": [ [ [ 77.632836188355114, 13.043366713782433 ], [ 77.633066320567977, 13.043136352463394 ], [ 77.63334640574152, 13.043133502212882 ], [ 77.633586510810943, 13.042893156986302 ] ], [ [ 77.63735140049981, 13.042454635116318 ], [ 77.637538939899571, 13.042266901929363 ], [ 77.640639910399656, 13.042235276691279 ] ] ] } },
{ "type": "Feature", "properties": { "type": "gap" }, "geometry": { "type": "MultiLineString", "coordinates": [ [ [ 77.649604174955257, 13.018532361065962 ], [ 77.649334075443846, 13.018802781468429 ], [ 77.648977799782216, 13.018460649831118 ] ], [ [ 77.646534491131249, 13.018921849473925 ], [ 77.646536446718684, 13.019105992730635 ], [ 77.646256391546501, 13.019108852068081 ], [ 77.645424971058773, 13.019941234723717 ], [ 77.645426298934026, 13.020066313629599 ] ], [ [ 77.644975935803487, 13.021868241325741 ], [ 77.644885262300448, 13.02186916676272 ], [ 77.64460811847114, 13.022146627193019 ], [ 77.645087650556889, 13.022607127892153 ] ], [ [ 77.644726177047886, 13.024248599975859 ], [ 77.644631439449228, 13.024343445202973 ], [ 77.64463435487221, 13.024618047425202 ], [ 77.644810844929438, 13.024787530985565 ] ] ] } },
{ "type": "Feature", "properties": { "type": "gap" }, "geometry": { "type": "MultiLineString", "coordinates": [ [ [ 77.555223695600247, 13.018923661378031 ], [ 77.554940804895196, 13.018651800102516 ], [ 77.554660729773644, 13.018654560445103 ], [ 77.553828946542509, 13.019486706305424 ], [ 77.553834575212392, 13.020035950702466 ], [ 77.553554498293579, 13.020038710138595 ], [ 77.553277235126302, 13.020316091582119 ], [ 77.552997157770605, 13.020318850474672 ], [ 77.552442628844261, 13.020873612314416 ], [ 77.551876847702729, 13.020329883026093 ], [ 77.551873384548884, 13.01999170050758 ] ], [ [ 77.551791893747577, 13.017800957228266 ], [ 77.55156865323579, 13.017586413419625 ], [ 77.551806947193072, 13.017348019395342 ] ], [ [ 77.55173455975914, 13.016386252847127 ], [ 77.551554597259312, 13.016213299684795 ], [ 77.551274524133518, 13.016216055864207 ], [ 77.550997261394102, 13.016493434621841 ], [ 77.550714377688493, 13.016221567317681 ], [ 77.550711910438466, 13.015980448613915 ] ], [ [ 77.54989720588091, 13.014892366044002 ], [ 77.549577231905161, 13.014584847385914 ], [ 77.549575006264675, 13.014367215352612 ] ], [ [ 77.549510019066119, 13.014248326535421 ], [ 77.549339477303107, 13.014084422358103 ] ], [ [ 77.549029501901273, 13.013786510432139 ], [ 77.549008665035416, 13.01376648444163 ], [ 77.548448523098273, 13.013771989985484 ], [ 77.548445716061067, 13.013497366500745 ], [ 77.548274947042088, 13.01333324184607 ] ] ] } },
{ "type": "Feature", "properties": { "type": "gap" }, "geometry": { "type": "LineString", "coordinates": [ [ 77.462795362326503, 13.019818306459142 ], [ 77.462787220347209, 13.018994382143941 ], [ 77.463341981981173, 13.018439776751753 ], [ 77.463336553323657, 13.017890494049894 ], [ 77.462770938069085, 13.017346533341799 ], [ 77.462490844552704, 13.017349193898568 ], [ 77.462488131365347, 13.017074552351248 ] ] } },
{ "type": "Feature", "properties": { "type": "gap" }, "geometry": { "type": "LineString", "coordinates": [ [ 77.453554855979604, 13.020180605977052 ], [ 77.45354674429737, 13.019356675945604 ], [ 77.452981142545894, 13.018812690691027 ], [ 77.452420948024582, 13.018817990948135 ], [ 77.452138148564387, 13.018545996965514 ], [ 77.452130042616488, 13.017722065952539 ], [ 77.452407436572017, 13.017444772882145 ], [ 77.45239662852552, 13.016346198314956 ], [ 77.452113832393863, 13.016074203754993 ], [ 77.452086820313539, 13.013327766250708 ], [ 77.451804028495033, 13.013055770625547 ] ] } },
{ "type": "Feature", "properties": { "type": "gap" }, "geometry": { "type": "LineString", "coordinates": [ [ 77.572593911489548, 13.019301144533541 ], [ 77.572613757337635, 13.021223471482578 ], [ 77.572896667080144, 13.021495309266159 ], [ 77.572908010486501, 13.022593781399255 ], [ 77.573473834801845, 13.023137455141329 ], [ 77.573476671561806, 13.023412073024474 ], [ 77.573199431692501, 13.02368947231645 ], [ 77.573765259477057, 13.024233144796945 ], [ 77.573768096805097, 13.024507762593791 ], [ 77.573490856337187, 13.024785162343997 ], [ 77.573505042738461, 13.02615825150318 ], [ 77.573227800440051, 13.026435651337433 ], [ 77.573239149759928, 13.027534122766234 ] ] } },
{ "type": "Feature", "properties": { "type": "gap" }, "geometry": { "type": "LineString", "coordinates": [ [ 77.573239149759928, 13.027534122766234 ], [ 77.573804987988566, 13.028077793369075 ], [ 77.574085069480262, 13.028075010379471 ], [ 77.574086916999036, 13.02825375089259 ] ] } },
{ "type": "Feature", "properties": { "type": "gap" }, "geometry": { "type": "MultiLineString", "coordinates": [ [ [ 77.574382872181985, 13.029786397644379 ], [ 77.574387863566344, 13.030269167593953 ], [ 77.574110618742438, 13.030546568965963 ], [ 77.573550450149028, 13.030552135734881 ], [ 77.572718709741409, 13.031384337278798 ], [ 77.572438624227757, 13.031387119485656 ], [ 77.572161375819661, 13.031664519384238 ], [ 77.572063714608177, 13.031665489337311 ] ], [ [ 77.571326964597958, 13.032238959959814 ], [ 77.571329626897963, 13.032496717955999 ], [ 77.57161255071847, 13.032768554804658 ], [ 77.571615387597802, 13.033043172887647 ], [ 77.57133813661153, 13.033320572386764 ], [ 77.571347427491887, 13.034219989521954 ] ] ] } },
{ "type": "Feature", "properties": { "type": "gap" }, "geometry": { "type": "MultiLineString", "coordinates": [ [ [ 77.570045034267082, 13.036629167964156 ], [ 77.569971722195007, 13.036629895747186 ], [ 77.569973805916931, 13.03683167366326 ] ], [ [ 77.570201204922924, 13.037937955645459 ], [ 77.570265996039012, 13.038000206524933 ], [ 77.570277124725436, 13.039077576377263 ] ], [ [ 77.569485747802773, 13.040479771619907 ], [ 77.569451238529027, 13.040480114222046 ], [ 77.569451409148698, 13.040496634659588 ] ], [ [ 77.569742029756711, 13.041512714992356 ], [ 77.569744612020159, 13.041762694220623 ] ], [ [ 77.569733609344382, 13.041862339802375 ], [ 77.569523444831432, 13.042072609085285 ] ] ] } },
{ "type": "Feature", "properties": { "type": "gap" }, "geometry": { "type": "LineString", "coordinates": [ [ 77.568801208719634, 13.046109126517088 ], [ 77.569516488311507, 13.046796335519664 ], [ 77.569519326038034, 13.047070953759897 ] ] } },
{ "type": "Feature", "properties": { "type": "gap" }, "geometry": { "type": "LineString", "coordinates": [ [ 77.569519326038034, 13.047070953759897 ], [ 77.56979942984033, 13.047068171424762 ], [ 77.570080586420929, 13.047338291428726 ] ] } },
{ "type": "Feature", "properties": { "type": "gap" }, "geometry": { "type": "MultiLineString", "coordinates": [ [ [ 77.572792366104323, 13.051846778828164 ], [ 77.572931724214371, 13.051980659910136 ], [ 77.573491941302493, 13.051975085494176 ], [ 77.573930153130291, 13.052396071329746 ] ], [ [ 77.575679729676608, 13.053051884911547 ], [ 77.576024299606502, 13.053048452498642 ], [ 77.576301562138127, 13.052771045226722 ], [ 77.577576233701194, 13.052758342554633 ] ] ] } },
{ "type": "Feature", "properties": { "type": "gap" }, "geometry": { "type": "MultiLineString", "coordinates": [ [ [ 77.579828862280067, 13.052461234425344 ], [ 77.579940119922284, 13.052460124448121 ], [ 77.580494632927156, 13.051905303161808 ], [ 77.581334953184239, 13.051896916572195 ], [ 77.581329249532871, 13.051347685415044 ], [ 77.581883756852065, 13.05079286214611 ], [ 77.582902639744418, 13.050782688433824 ] ], [ [ 77.583508324845837, 13.050776638667571 ], [ 77.585245015624352, 13.050759284212941 ], [ 77.585522263871212, 13.050481869397249 ], [ 77.586082472003994, 13.050476268355665 ], [ 77.58669632406864, 13.049862041902916 ] ], [ [ 77.587717735140941, 13.049394947791747 ], [ 77.587751660707681, 13.049361001104309 ], [ 77.588311865325522, 13.049355395709544 ], [ 77.588866350543086, 13.048800561121546 ], [ 77.589146452005863, 13.048797757487295 ], [ 77.58939037805591, 13.048553676183307 ] ] ] } },
{ "type": "Feature", "properties": { "type": "gap" }, "geometry": { "type": "MultiLineString", "coordinates": [ [ [ 77.593926647020339, 13.047344158016219 ], [ 77.594171076120787, 13.047099563197715 ], [ 77.594168260570214, 13.04682968446979 ] ], [ [ 77.594164532108749, 13.046824987211766 ], [ 77.593888113057062, 13.046827758970096 ], [ 77.593605150610315, 13.046555954311316 ], [ 77.593604268083041, 13.046471340018664 ] ] ] } },
{ "type": "Feature", "properties": { "type": "gap" }, "geometry": { "type": "LineString", "coordinates": [ [ 77.665594562873139, 13.020268401094327 ], [ 77.665594728011556, 13.020283838067412 ], [ 77.665651826479234, 13.020338662106976 ] ] } },
{ "type": "Feature", "properties": { "type": "gap" }, "geometry": { "type": "LineString", "coordinates": [ [ 77.659453080492696, 13.031428976947893 ], [ 77.659273716805814, 13.03160856194096 ], [ 77.659277073893719, 13.031922838647017 ] ] } },
{ "type": "Feature", "properties": { "type": "gap" }, "geometry": { "type": "MultiLineString", "coordinates": [ [ [ 77.65879715532661, 13.039437100159354 ], [ 77.658798062065614, 13.039521948563097 ] ], [ [ 77.655753498458537, 13.04235523860911 ], [ 77.655747139574046, 13.042355303870668 ], [ 77.655747408695191, 13.042380510153331 ] ], [ [ 77.655641313562228, 13.043016323737442 ], [ 77.655475855217446, 13.043181976433695 ], [ 77.65548171878838, 13.0437311752352 ], [ 77.655204569547834, 13.044008649011701 ], [ 77.655216296530199, 13.045107046761622 ] ] ] } },
{ "type": "Feature", "properties": { "type": "gap" }, "geometry": { "type": "LineString", "coordinates": [ [ 77.584362570948599, 13.019733362519922 ], [ 77.584922710438462, 13.019727776938179 ], [ 77.585771467948646, 13.020543242138952 ], [ 77.585777167452221, 13.021092472664966 ], [ 77.586060088599879, 13.021364293403607 ], [ 77.586340159832403, 13.021361498586996 ], [ 77.586623081838212, 13.021633318532652 ], [ 77.58690315324786, 13.021630523051343 ], [ 77.586906004459721, 13.021905138048098 ], [ 77.5877547760185, 13.022720594013045 ], [ 77.588034848398053, 13.022717797080293 ], [ 77.588037701102905, 13.022992411807488 ], [ 77.588603553118972, 13.023536046105455 ], [ 77.588606406635833, 13.023810660691405 ], [ 77.588329186429931, 13.024088073112468 ], [ 77.588895041917453, 13.024631706145255 ], [ 77.589455190398326, 13.024626108708457 ], [ 77.589738119550802, 13.02489792385335 ], [ 77.590018193935563, 13.024895124319054 ] ] } },
{ "type": "Feature", "properties": { "type": "gap" }, "geometry": { "type": "MultiLineString", "coordinates": [ [ [ 77.590018193935563, 13.024895124319054 ], [ 77.590021049319148, 13.025169738567813 ], [ 77.589743829767556, 13.025447152466514 ], [ 77.589746684974102, 13.025721766763466 ], [ 77.589469464564147, 13.025999180530434 ], [ 77.589475174688531, 13.026548409214273 ], [ 77.589755250986414, 13.026545609615791 ], [ 77.590038182995158, 13.026817423925548 ], [ 77.589760961988532, 13.027094838151896 ], [ 77.590326828115693, 13.027638466071098 ], [ 77.590049606754917, 13.027915880702261 ], [ 77.590126286117496, 13.027989546342138 ] ], [ [ 77.59195421773444, 13.028995399876171 ], [ 77.592021582759742, 13.028994725770465 ], [ 77.592022323056284, 13.029065845512346 ] ], [ [ 77.597151909093995, 13.031630029096426 ], [ 77.597368844411449, 13.031412932501427 ], [ 77.597648924418522, 13.031410123345484 ], [ 77.598497762834768, 13.032225530827466 ], [ 77.599412816582998, 13.032216347342526 ] ] ] } },
{ "type": "Feature", "properties": { "type": "gap" }, "geometry": { "type": "MultiLineString", "coordinates": [ [ [ 77.544874886420004, 13.020398727040355 ], [ 77.544874305215714, 13.020341816125255 ] ], [ [ 77.544174164181399, 13.019581650844811 ], [ 77.544026237584163, 13.019583102749989 ], [ 77.544024599699057, 13.019422658075618 ] ], [ [ 77.542522282043294, 13.018137649986505 ], [ 77.542408629110142, 13.018028416898414 ] ] ] } },
{ "type": "Feature", "properties": { "type": "gap" }, "geometry": { "type": "LineString", "coordinates": [ [ 77.643181605537123, 13.019689490169586 ], [ 77.643304268042442, 13.019807287759948 ] ] } },
{ "type": "Feature", "properties": { "type": "gap" }, "geometry": { "type": "LineString", "coordinates": [ [ 77.613405035073214, 13.020913288509679 ], [ 77.613226692814749, 13.021091790722988 ], [ 77.613232453044716, 13.021641009204503 ] ] } },
{ "type": "Feature", "properties": { "type": "gap" }, "geometry": { "type": "MultiLineString", "coordinates": [ [ [ 77.528848264402697, 13.017565436660737 ], [ 77.528879610732531, 13.01753408281326 ], [ 77.528876824402701, 13.017259455223968 ], [ 77.528789004546482, 13.01717504111568 ] ], [ [ 77.527446723583921, 13.014253093303916 ], [ 77.526880079856184, 13.013708407612405 ], [ 77.526877296574838, 13.013433779516683 ], [ 77.526594438278124, 13.013161880321464 ], [ 77.526583948904971, 13.01212669225203 ] ] ] } },
{ "type": "Feature", "properties": { "type": "gap" }, "geometry": { "type": "MultiLineString", "coordinates": [ [ [ 77.695008737162325, 13.020803513818134 ], [ 77.695672251778106, 13.020138973677385 ] ], [ [ 77.695835539621584, 13.019562229768043 ], [ 77.695831050027323, 13.019147231059794 ], [ 77.696108123031792, 13.018869727427553 ], [ 77.696105152262859, 13.01859513665992 ], [ 77.69638222441246, 13.018317632903608 ], [ 77.696379253472116, 13.018043042186564 ], [ 77.696770945496425, 13.018038967416128 ] ] ] } },
{ "type": "Feature", "properties": { "type": "gap" }, "geometry": { "type": "MultiLineString", "coordinates": [ [ [ 77.496450139432184, 13.023341616454507 ], [ 77.496444983564402, 13.023341666123773 ], [ 77.496434785802592, 13.023331861674285 ] ], [ [ 77.495999459597968, 13.023071296785714 ], [ 77.495882046073618, 13.023072427642058 ], [ 77.495722651364289, 13.022919179485397 ] ], [ [ 77.495394965403392, 13.022802457298646 ], [ 77.494999787572709, 13.022806262205783 ] ] ] } },
{ "type": "Feature", "properties": { "type": "gap" }, "geometry": { "type": "LineString", "coordinates": [ [ 77.627604969103203, 13.023692767405818 ], [ 77.627011881014752, 13.023698781010737 ] ] } },
{ "type": "Feature", "properties": { "type": "gap" }, "geometry": { "type": "LineString", "coordinates": [ [ 77.590286846143414, 13.023793867667671 ], [ 77.590295412628819, 13.02461771028865 ], [ 77.590018193935563, 13.024895124319054 ] ] } },
{ "type": "Feature", "properties": { "type": "gap" }, "geometry": { "type": "MultiLineString", "coordinates": [ [ [ 77.558917247388649, 13.025464127262209 ], [ 77.558538355484345, 13.025100031431936 ] ], [ [ 77.554850518893943, 13.026892180354148 ], [ 77.554745208830909, 13.026893218870244 ], [ 77.554190672690936, 13.027447986192509 ], [ 77.553910587522552, 13.027450747555539 ], [ 77.553911672582856, 13.027556559026156 ] ], [ [ 77.554189621688053, 13.029078467715612 ], [ 77.554586060297041, 13.02945942955499 ] ], [ [ 77.554660917990205, 13.031978591605094 ], [ 77.55476634288209, 13.032079898932158 ] ], [ [ 77.553626146731574, 13.032671897614376 ], [ 77.553403923634548, 13.032674088870772 ], [ 77.553406740418978, 13.032948710885401 ], [ 77.553457793987505, 13.032997770698209 ] ], [ [ 77.553700059979761, 13.034235395293424 ], [ 77.55370655333374, 13.034868302424654 ], [ 77.553429277017742, 13.035145686771719 ], [ 77.553440546866085, 13.036244174561061 ], [ 77.554153936546285, 13.036929688914684 ] ] ] } },
{ "type": "Feature", "properties": { "type": "gap" }, "geometry": { "type": "MultiLineString", "coordinates": [ [ [ 77.557917214307366, 13.038671822769045 ], [ 77.559067854176817, 13.038660449747654 ], [ 77.55930310914303, 13.038886499864059 ] ], [ [ 77.559535262228692, 13.038930476888345 ], [ 77.560191065952836, 13.038923991271167 ] ] ] } },
{ "type": "Feature", "properties": { "type": "gap" }, "geometry": { "type": "MultiLineString", "coordinates": [ [ [ 77.560191065952836, 13.038923991271167 ], [ 77.560399370033636, 13.039124142978189 ] ], [ [ 77.561759767252738, 13.040007062987655 ], [ 77.563053860392472, 13.039994251247974 ] ], [ [ 77.563473441536814, 13.040174535104967 ], [ 77.563966640871143, 13.040648415649766 ] ] ] } },
{ "type": "Feature", "properties": { "type": "gap" }, "geometry": { "type": "MultiLineString", "coordinates": [ [ [ 77.565427448117561, 13.042051984342811 ], [ 77.565493038346574, 13.042115003922138 ] ], [ [ 77.565585076425336, 13.042203434699363 ], [ 77.565694065243164, 13.042308151715652 ] ] ] } },
{ "type": "Feature", "properties": { "type": "gap" }, "geometry": { "type": "MultiLineString", "coordinates": [ [ [ 77.686673629352995, 13.027038030130063 ], [ 77.686687295583127, 13.02830474918062 ], [ 77.686410201648656, 13.028582246642681 ], [ 77.686413164092883, 13.02885683939683 ], [ 77.687262225180689, 13.029671901660679 ], [ 77.687268152527878, 13.030221086730901 ], [ 77.686991057664756, 13.030498585068161 ], [ 77.68699402120015, 13.030773177650415 ], [ 77.687041391478473, 13.030818650627296 ] ], [ [ 77.688503281626907, 13.033308955550046 ], [ 77.688987059487957, 13.033773343282986 ], [ 77.68899595921178, 13.034597119447291 ], [ 77.68844176569776, 13.035152120624131 ], [ 77.688450664592338, 13.035975897071474 ] ] ] } },
{ "type": "Feature", "properties": { "type": "gap" }, "geometry": { "type": "LineString", "coordinates": [ [ 77.688450664592338, 13.035975897071474 ], [ 77.687619367538318, 13.036808397984343 ], [ 77.687622333251809, 13.037082990291104 ], [ 77.687902399147916, 13.037080082355319 ], [ 77.687905365237484, 13.037354674592276 ], [ 77.687628264882591, 13.037632174885212 ], [ 77.687646061405161, 13.039279728512152 ], [ 77.687368958992408, 13.039557228964215 ], [ 77.687088890186885, 13.039560136865571 ], [ 77.686811786781604, 13.039837636896696 ], [ 77.686817717921613, 13.040386821741242 ], [ 77.687383790094401, 13.040930190426216 ], [ 77.687401589658222, 13.042577743966943 ], [ 77.68768462892649, 13.042849427237559 ], [ 77.687687596134424, 13.043124019401878 ], [ 77.687970636395491, 13.043395702167256 ], [ 77.688024064528321, 13.048338358760764 ] ] } },
{ "type": "Feature", "properties": { "type": "gap" }, "geometry": { "type": "LineString", "coordinates": [ [ 77.688024064528321, 13.048338358760764 ], [ 77.688873209333067, 13.049153400673356 ] ] } },
{ "type": "Feature", "properties": { "type": "gap" }, "geometry": { "type": "MultiLineString", "coordinates": [ [ [ 77.708498628901765, 13.02505678664393 ], [ 77.709476433816675, 13.024077375019283 ] ], [ [ 77.715577526264568, 13.020167258377917 ], [ 77.715728955989988, 13.020312598865441 ], [ 77.716446584274664, 13.020305078060726 ] ] ] } },
{ "type": "Feature", "properties": { "type": "gap" }, "geometry": { "type": "MultiLineString", "coordinates": [ [ [ 77.716693146835539, 13.024226843965065 ], [ 77.716610995515154, 13.024147998479664 ], [ 77.716608000915187, 13.023873412496416 ], [ 77.716657737785653, 13.023823590807098 ] ], [ [ 77.717837406479021, 13.023474662609855 ], [ 77.718002229758866, 13.02330955638647 ], [ 77.718282273120408, 13.023306618656289 ], [ 77.718836365993994, 13.022751571303196 ], [ 77.718833369275302, 13.022476985799804 ], [ 77.718924784578945, 13.022385412658027 ] ], [ [ 77.719200926689822, 13.022198512134562 ], [ 77.719670498192741, 13.02219358424669 ] ] ] } },
{ "type": "Feature", "properties": { "type": "gap" }, "geometry": { "type": "LineString", "coordinates": [ [ 77.572673313995338, 13.026990450444488 ], [ 77.573239149759928, 13.027534122766234 ] ] } },
{ "type": "Feature", "properties": { "type": "gap" }, "geometry": { "type": "MultiLineString", "coordinates": [ [ [ 77.545242305423727, 13.027006176092581 ], [ 77.544939409527373, 13.026715079835219 ], [ 77.544662128973073, 13.026992455068294 ], [ 77.544664934853643, 13.027267079079618 ], [ 77.544639834089665, 13.027292188357443 ] ], [ [ 77.544278682657364, 13.027439728215576 ], [ 77.544104760687517, 13.02727258084405 ], [ 77.542704324147095, 13.027286329969199 ], [ 77.54242704012681, 13.027563703372515 ], [ 77.542146952253617, 13.027566452049241 ], [ 77.542141345972709, 13.027017202954116 ], [ 77.541575566473895, 13.026473449801438 ], [ 77.541015392742054, 13.026478944561344 ], [ 77.541012591058518, 13.0262043197518 ], [ 77.541006463776057, 13.02619843095307 ] ], [ [ 77.537270747277233, 13.016349695985411 ], [ 77.537265195244473, 13.015804228402132 ], [ 77.536982324584343, 13.015532343174055 ], [ 77.536976735034727, 13.014983091361577 ], [ 77.5365067728669, 13.014531376762756 ] ] ] } },
{ "type": "Feature", "properties": { "type": "gap" }, "geometry": { "type": "LineString", "coordinates": [ [ 77.617456859357958, 13.027680082486494 ], [ 77.617774094540906, 13.027362557258911 ], [ 77.618334236242433, 13.027356896267081 ], [ 77.61861141960793, 13.027079457386929 ], [ 77.619171560296522, 13.027073794706601 ], [ 77.619448742297834, 13.026796355160922 ], [ 77.620008881973391, 13.02679069079219 ] ] } },
{ "type": "Feature", "properties": { "type": "gap" }, "geometry": { "type": "LineString", "coordinates": [ [ 77.675875315340249, 13.038675095762203 ], [ 77.675883128972586, 13.039401610198787 ] ] } },
{ "type": "Feature", "properties": { "type": "gap" }, "geometry": { "type": "MultiLineString", "coordinates": [ [ [ 77.675883128972586, 13.039401610198787 ], [ 77.676166153869218, 13.039673309288785 ], [ 77.676169107625142, 13.039947904121821 ], [ 77.675337750847447, 13.040780375869737 ], [ 77.675288603981201, 13.040780883930514 ] ], [ [ 77.675063267161192, 13.04130303956536 ], [ 77.675063583549672, 13.041332461139998 ], [ 77.675193315605583, 13.041457001275123 ] ], [ [ 77.675633692718051, 13.042252834241696 ], [ 77.675635545206518, 13.04242504991201 ], [ 77.675081302136135, 13.042980031321424 ], [ 77.674801226649947, 13.042982926681459 ], [ 77.67463254742627, 13.043151829602419 ] ], [ [ 77.672414064053015, 13.043282218436628 ], [ 77.672104601444701, 13.043285414450978 ] ], [ [ 77.671707287310525, 13.048709209377916 ], [ 77.671782348351016, 13.048781265365472 ], [ 77.672588866811651, 13.048772932914297 ] ] ] } },
{ "type": "Feature", "properties": { "type": "gap" }, "geometry": { "type": "MultiLineString", "coordinates": [ [ [ 77.656559600356417, 13.032660784881072 ], [ 77.656484771667834, 13.03273570399497 ], [ 77.656487702101657, 13.033010303394036 ], [ 77.657336701765232, 13.033825479903532 ], [ 77.657737532683754, 13.033821365886102 ] ], [ [ 77.657901254041448, 13.034233088504386 ], [ 77.657934964465355, 13.03738951790554 ], [ 77.657990004458313, 13.03744236353339 ] ] ] } },
{ "type": "Feature", "properties": { "type": "gap" }, "geometry": { "type": "LineString", "coordinates": [ [ 77.459534529804856, 13.030011973746021 ], [ 77.459537242527404, 13.030286615632319 ], [ 77.459259846264203, 13.030563917228463 ], [ 77.459267984066699, 13.031387843003964 ], [ 77.45843578936416, 13.032219747100683 ], [ 77.458438501351068, 13.032494389167876 ], [ 77.457051496619783, 13.033880892398662 ], [ 77.456771383313807, 13.033883550089849 ] ] } },
{ "type": "Feature", "properties": { "type": "gap" }, "geometry": { "type": "LineString", "coordinates": [ [ 77.456771383313807, 13.033883550089849 ], [ 77.455650929468973, 13.033894177831703 ], [ 77.455373524821212, 13.034171476677406 ], [ 77.455093410834436, 13.034174132612714 ], [ 77.454816005199731, 13.034451431021061 ], [ 77.454535890780562, 13.034454086409628 ], [ 77.453970246839646, 13.03391011037573 ], [ 77.452849790512715, 13.033920726025892 ], [ 77.4522949731941, 13.034475318635124 ], [ 77.452303090484406, 13.035299248484273 ], [ 77.450083790631581, 13.03751761243036 ] ] } },
{ "type": "Feature", "properties": { "type": "gap" }, "geometry": { "type": "LineString", "coordinates": [ [ 77.475519720752956, 13.031782346878066 ], [ 77.474679399463355, 13.031790377671186 ], [ 77.474402021735315, 13.03206769275798 ], [ 77.473841806487954, 13.032073044621116 ], [ 77.473564427401968, 13.032350359028085 ], [ 77.473567156095982, 13.032624997950457 ], [ 77.473012395583183, 13.033179626292171 ], [ 77.472732286445208, 13.033182301096817 ], [ 77.472454904893326, 13.033459614735605 ], [ 77.471894685688397, 13.033464962950131 ], [ 77.471339919252046, 13.034019588675337 ], [ 77.470499587751647, 13.034027607265934 ], [ 77.470222202496473, 13.034304919108152 ], [ 77.469942091500712, 13.034307591123056 ], [ 77.469664705258253, 13.03458490252897 ], [ 77.467423812079645, 13.034606265812899 ], [ 77.466575312021646, 13.033790351037853 ], [ 77.46629520083134, 13.033793019006719 ] ] } },
{ "type": "Feature", "properties": { "type": "gap" }, "geometry": { "type": "LineString", "coordinates": [ [ 77.46629520083134, 13.033793019006719 ], [ 77.46574041907617, 13.0343476350718 ], [ 77.464339858483697, 13.034360967940101 ], [ 77.463230280162392, 13.035470192876414 ], [ 77.462389938612475, 13.035478186038842 ] ] } },
{ "type": "Feature", "properties": { "type": "gap" }, "geometry": { "type": "LineString", "coordinates": [ [ 77.462389938612475, 13.035478186038842 ], [ 77.461829710601293, 13.03548351330218 ], [ 77.461546880440338, 13.035211535120963 ], [ 77.460146310553995, 13.035224846187011 ], [ 77.459297827462464, 13.034408903690675 ], [ 77.457337032179055, 13.034427518920257 ], [ 77.456771383313807, 13.033883550089849 ] ] } },
{ "type": "Feature", "properties": { "type": "gap" }, "geometry": { "type": "LineString", "coordinates": [ [ 77.530245818154526, 13.031356804931072 ], [ 77.530139387887274, 13.03125451129786 ], [ 77.530292413358424, 13.031101452890336 ] ] } },
{ "type": "Feature", "properties": { "type": "gap" }, "geometry": { "type": "LineString", "coordinates": [ [ 77.487849856838579, 13.032213521318457 ], [ 77.487716406979914, 13.032214803256734 ] ] } },
{ "type": "Feature", "properties": { "type": "gap" }, "geometry": { "type": "MultiLineString", "coordinates": [ [ [ 77.480477943510195, 13.044165878884113 ], [ 77.480687570174368, 13.044367422278944 ], [ 77.480690309333212, 13.044642059461209 ], [ 77.480412927846203, 13.044919382116461 ], [ 77.480149970890054, 13.044921902773421 ] ], [ [ 77.480133111457462, 13.044952591501032 ], [ 77.480138284471963, 13.045471341859779 ], [ 77.480104187131047, 13.045505431789664 ] ], [ [ 77.479766098153803, 13.045843446621996 ], [ 77.479306133719348, 13.046303308253615 ], [ 77.479349950120323, 13.050697506365553 ], [ 77.477408215877347, 13.052638760388398 ] ] ] } },
{ "type": "Feature", "properties": { "type": "gap" }, "geometry": { "type": "LineString", "coordinates": [ [ 77.477408215877347, 13.052638760388398 ], [ 77.476576034796864, 13.053470723513779 ], [ 77.476295903579995, 13.0534734062645 ], [ 77.476018508280063, 13.053750726677182 ], [ 77.476023980426959, 13.054300002587432 ], [ 77.474914391081938, 13.055409282729533 ], [ 77.474917126264444, 13.05568392088294 ], [ 77.474362327393635, 13.056238559902924 ], [ 77.474082192588014, 13.056241240814868 ], [ 77.473799323647512, 13.055969283050079 ], [ 77.473244521312978, 13.056523920217982 ], [ 77.472404115031381, 13.056531958586492 ], [ 77.471838379980994, 13.05598803842728 ] ] } },
{ "type": "Feature", "properties": { "type": "gap" }, "geometry": { "type": "LineString", "coordinates": [ [ 77.471838379980994, 13.05598803842728 ], [ 77.471555513382313, 13.055716077709093 ], [ 77.471275378569075, 13.055718755476409 ], [ 77.470997974614789, 13.055996071903984 ], [ 77.469597297754916, 13.056009454975658 ], [ 77.46903156911705, 13.055465527337102 ], [ 77.468751434050517, 13.055468202321007 ], [ 77.468185708376055, 13.054924272258226 ], [ 77.466224764612733, 13.054942983613886 ], [ 77.464527612762041, 13.05331116805603 ] ] } },
{ "type": "Feature", "properties": { "type": "gap" }, "geometry": { "type": "LineString", "coordinates": [ [ 77.464527612762041, 13.05331116805603 ], [ 77.463961900419037, 13.052767226134094 ], [ 77.463407078011954, 13.053321844937203 ], [ 77.462286542265261, 13.053332516974363 ], [ 77.461731714419571, 13.053887133047754 ], [ 77.461451579585159, 13.053889799810699 ], [ 77.461174164364905, 13.054167107313015 ], [ 77.460894029097233, 13.054169773528436 ], [ 77.459762615247882, 13.053081869995751 ], [ 77.458922212030572, 13.05308986249648 ], [ 77.45863936085189, 13.052817884468435 ] ] } },
{ "type": "Feature", "properties": { "type": "gap" }, "geometry": { "type": "LineString", "coordinates": [ [ 77.45863936085189, 13.052817884468435 ], [ 77.45835651029077, 13.052545906015377 ], [ 77.457796242154785, 13.052551231392702 ], [ 77.457230543871503, 13.052007271768961 ], [ 77.456398284843644, 13.052839181597344 ], [ 77.453596934243791, 13.052865775761392 ], [ 77.453314088122667, 13.052593790816983 ], [ 77.4533113774649, 13.052319148114908 ], [ 77.453028532332098, 13.052047162681539 ], [ 77.452748397733018, 13.052049819653892 ], [ 77.452465553464464, 13.051777833435246 ] ] } },
{ "type": "Feature", "properties": { "type": "gap" }, "geometry": { "type": "LineString", "coordinates": [ [ 77.452465553464464, 13.051777833435246 ], [ 77.452182709813385, 13.051505846791898 ], [ 77.451902575645761, 13.05150850274047 ], [ 77.451619732858916, 13.051236515311931 ], [ 77.451059464831175, 13.051241825579927 ] ] } },
{ "type": "Feature", "properties": { "type": "gap" }, "geometry": { "type": "LineString", "coordinates": [ [ 77.451059464831175, 13.051241825579927 ], [ 77.450210941655911, 13.050425858583644 ] ] } },
{ "type": "Feature", "properties": { "type": "gap" }, "geometry": { "type": "LineString", "coordinates": [ [ 77.732362680034385, 13.030298487698159 ], [ 77.732085645295939, 13.030576024488441 ], [ 77.732094685261842, 13.031399771340931 ], [ 77.731817649190802, 13.031677308125145 ], [ 77.731823675702088, 13.032226472776767 ], [ 77.730715523346987, 13.033336618578891 ], [ 77.73015541982987, 13.03334252505517 ] ] } },
{ "type": "Feature", "properties": { "type": "gap" }, "geometry": { "type": "LineString", "coordinates": [ [ 77.73015541982987, 13.03334252505517 ], [ 77.729872356557522, 13.033070895093275 ], [ 77.729869345216187, 13.032796312339791 ], [ 77.727604864227175, 13.030623256342665 ] ] } },
{ "type": "Feature", "properties": { "type": "gap" }, "geometry": { "type": "LineString", "coordinates": [ [ 77.702960253722438, 13.030881649736203 ], [ 77.70324030909488, 13.030878726583754 ], [ 77.704089422381088, 13.031693721379968 ], [ 77.704098370574854, 13.03251748738716 ], [ 77.704381410697863, 13.032789151236834 ], [ 77.704384393942135, 13.03306373982274 ], [ 77.705233519136513, 13.033878728545297 ], [ 77.706073693572719, 13.033869948830484 ], [ 77.706639781554003, 13.034413270270493 ], [ 77.707199898461482, 13.034407414153632 ], [ 77.707482943855567, 13.034679073487778 ], [ 77.708323119422516, 13.034670285949339 ], [ 77.708600189532746, 13.034392768575259 ], [ 77.710000478892781, 13.034378115445175 ], [ 77.71084962411139, 13.035193081161866 ], [ 77.711129682496647, 13.035190148531818 ], [ 77.711138656461799, 13.036013909501381 ], [ 77.711421707469626, 13.036285563290591 ], [ 77.711701766950156, 13.036282629800805 ], [ 77.711984818813747, 13.036554282787641 ], [ 77.713945234935082, 13.036533737337846 ], [ 77.715360511880149, 13.03789198291301 ], [ 77.715920632549825, 13.037886106404455 ], [ 77.716486748599621, 13.038429400113916 ], [ 77.720127532483303, 13.038391163828287 ] ] } },
{ "type": "Feature", "properties": { "type": "gap" }, "geometry": { "type": "LineString", "coordinates": [ [ 77.517872394825858, 13.035755898440716 ], [ 77.517859604592545, 13.035768690028657 ], [ 77.517579502155542, 13.035771413843396 ], [ 77.517302177319678, 13.036048767014249 ], [ 77.51730495504809, 13.036323396666248 ] ] } },
{ "type": "Feature", "properties": { "type": "gap" }, "geometry": { "type": "MultiLineString", "coordinates": [ [ [ 77.51730495504809, 13.036323396666248 ], [ 77.516750303037327, 13.036878102543696 ], [ 77.516470199112675, 13.036880825386548 ], [ 77.51619287181046, 13.037158177797167 ], [ 77.516201948476606, 13.038055867194993 ] ], [ [ 77.516012465151803, 13.038448227590809 ], [ 77.515094659899674, 13.039366105801026 ], [ 77.515097435924702, 13.039640735850707 ], [ 77.515092355589573, 13.039645816561578 ] ] ] } },
{ "type": "Feature", "properties": { "type": "gap" }, "geometry": { "type": "LineString", "coordinates": [ [ 77.511266022632114, 13.041125245659378 ], [ 77.511189786178605, 13.041051965336839 ], [ 77.510909676357628, 13.041054683021152 ], [ 77.510632337945026, 13.041332031361939 ], [ 77.510553805289632, 13.041332793178656 ] ] } },
{ "type": "Feature", "properties": { "type": "gap" }, "geometry": { "type": "LineString", "coordinates": [ [ 77.502980915745198, 13.043496098198453 ], [ 77.502808568425891, 13.043330425040685 ], [ 77.502805805147048, 13.043055792472328 ], [ 77.502522928358687, 13.042783868863243 ], [ 77.502245577321233, 13.043061210219147 ], [ 77.501965463313425, 13.043063918638852 ], [ 77.501916901418127, 13.043017236857729 ] ] } },
{ "type": "Feature", "properties": { "type": "gap" }, "geometry": { "type": "MultiLineString", "coordinates": [ [ [ 77.497500462773885, 13.042832389465536 ], [ 77.49692064362641, 13.042837984658844 ], [ 77.496637772360543, 13.042566053395467 ], [ 77.494957083486952, 13.042582262373918 ], [ 77.494674214310265, 13.042310328516329 ], [ 77.494113984671884, 13.042315728366923 ], [ 77.493831116602948, 13.042043793360413 ], [ 77.493270887203209, 13.042049191278716 ], [ 77.492988020242009, 13.041777255123389 ], [ 77.492427791081013, 13.041782651109465 ], [ 77.492150427647388, 13.042059983485869 ], [ 77.491310082318989, 13.042068074465464 ], [ 77.491090321046784, 13.04228780909431 ] ], [ [ 77.490569941059562, 13.041421202174364 ], [ 77.491018967431145, 13.040972230527737 ], [ 77.490736103919275, 13.040700291222576 ] ] ] } },
{ "type": "Feature", "properties": { "type": "gap" }, "geometry": { "type": "MultiLineString", "coordinates": [ [ [ 77.490736103919275, 13.040700291222576 ], [ 77.490221457360221, 13.040705243349914 ] ], [ [ 77.488121850321221, 13.039546929944517 ], [ 77.487932149848461, 13.039364550210196 ] ], [ [ 77.486920503114106, 13.038967734751726 ], [ 77.486798035269459, 13.039090184561974 ], [ 77.486237809507656, 13.039095566068134 ], [ 77.485972413876723, 13.038840407767367 ] ] ] } },
{ "type": "Feature", "properties": { "type": "gap" }, "geometry": { "type": "LineString", "coordinates": [ [ 77.466849980120358, 13.033238402172058 ], [ 77.466572590784111, 13.033515710685576 ], [ 77.46629247990208, 13.033518378596314 ], [ 77.46629520083134, 13.033793019006719 ] ] } },
{ "type": "Feature", "properties": { "type": "gap" }, "geometry": { "type": "LineString", "coordinates": [ [ 77.602418886217151, 13.03218615566167 ], [ 77.60214167680256, 13.032463581581974 ], [ 77.602147417799273, 13.033012804452062 ], [ 77.601860832131692, 13.033299612716585 ] ] } },
{ "type": "Feature", "properties": { "type": "gap" }, "geometry": { "type": "MultiLineString", "coordinates": [ [ [ 77.509086622490969, 13.035766687933704 ], [ 77.509176399485838, 13.035852987723484 ], [ 77.508744097030615, 13.036285305241785 ] ], [ [ 77.507516880868295, 13.037964304307664 ], [ 77.507528978777501, 13.039164850200013 ], [ 77.507072988754345, 13.039620846195865 ] ] ] } },
{ "type": "Feature", "properties": { "type": "gap" }, "geometry": { "type": "LineString", "coordinates": [ [ 77.746109174092041, 13.032349980036674 ], [ 77.745543023204362, 13.031806761031188 ], [ 77.745539994893605, 13.031532181863968 ], [ 77.745817012484153, 13.031254633445275 ], [ 77.745798842645343, 13.029607158654636 ], [ 77.745515770905129, 13.02933554829225 ], [ 77.745512743218768, 13.029060969066544 ], [ 77.745229672471581, 13.028789358195196 ], [ 77.745223618061445, 13.028240199581921 ], [ 77.744940548684426, 13.027968588130468 ], [ 77.744937521960622, 13.027694008742911 ], [ 77.745214536966472, 13.027416461613285 ], [ 77.745211510073545, 13.027141882277412 ], [ 77.744928442205335, 13.026870270541263 ], [ 77.744368359907966, 13.026876204848147 ], [ 77.743802226972335, 13.026332978596765 ], [ 77.7435221861966, 13.026335944564433 ], [ 77.743239120890692, 13.02606433041581 ], [ 77.742959080284109, 13.026067295715164 ], [ 77.742676015832302, 13.025795680762485 ], [ 77.742672992125662, 13.025521100805788 ], [ 77.74295000824084, 13.025243556038944 ], [ 77.742666944920316, 13.024971940872915 ], [ 77.742663921421567, 13.024697360896736 ], [ 77.742103842939756, 13.024703289340144 ], [ 77.741537719853326, 13.024160056087643 ], [ 77.741531675802889, 13.023610895572981 ], [ 77.740682498051484, 13.022796041986812 ], [ 77.740676456540015, 13.022246881019726 ], [ 77.740110342624078, 13.02170364282437 ], [ 77.7400892047919, 13.019781578240281 ], [ 77.739806151395257, 13.019509957989255 ], [ 77.740083166034353, 13.019232416872118 ], [ 77.740080146759396, 13.018957836178302 ], [ 77.740357160544875, 13.018680294940184 ], [ 77.740637193466796, 13.01867733410071 ] ] } },
{ "type": "Feature", "properties": { "type": "gap" }, "geometry": { "type": "MultiLineString", "coordinates": [ [ [ 77.659294589321064, 13.033562426843391 ], [ 77.659321275843666, 13.03606007354634 ] ], [ [ 77.659330467411209, 13.036920210725226 ], [ 77.659332394487834, 13.037100536685987 ], [ 77.659237726808755, 13.037195319770975 ] ] ] } },
{ "type": "Feature", "properties": { "type": "gap" }, "geometry": { "type": "LineString", "coordinates": [ [ 77.581155413549325, 13.034596122772239 ], [ 77.581158261362177, 13.034870738746003 ], [ 77.580881021366309, 13.03514814683534 ], [ 77.581163957183591, 13.035419970674264 ], [ 77.581166805192169, 13.035694586628757 ], [ 77.580886716701784, 13.035697378872403 ], [ 77.580332233888896, 13.036252194707654 ], [ 77.580335081168499, 13.036526810825338 ], [ 77.580618018367048, 13.036798635054154 ], [ 77.58063795376485, 13.038720947227452 ], [ 77.581769719182589, 13.039808237956461 ], [ 77.581775418586034, 13.040357469410141 ], [ 77.582058362229205, 13.040629290881833 ], [ 77.582061212402408, 13.040903906531762 ], [ 77.582344157035863, 13.041175727505715 ], [ 77.582624251365559, 13.041172932533808 ], [ 77.582649911999837, 13.043644471940805 ], [ 77.582932860856133, 13.043916291515409 ], [ 77.583212958139114, 13.043913495330068 ], [ 77.583495907855351, 13.044185314110798 ], [ 77.583776005316167, 13.044182517259738 ], [ 77.584053249596224, 13.043905104959549 ], [ 77.584333346617967, 13.043902307564547 ], [ 77.584610589907456, 13.043624894835808 ], [ 77.584890686490112, 13.043622096896888 ], [ 77.585173637291192, 13.043893913565048 ] ] } },
{ "type": "Feature", "properties": { "type": "gap" }, "geometry": { "type": "MultiLineString", "coordinates": [ [ [ 77.585173637291192, 13.043893913565048 ], [ 77.584896394506131, 13.044171326831282 ], [ 77.58517934605473, 13.044443143364751 ], [ 77.585182200534533, 13.04471775825496 ], [ 77.585742395840526, 13.044712160377644 ], [ 77.586025348865945, 13.044983975686318 ], [ 77.586305446663971, 13.044981175930632 ], [ 77.586476793248224, 13.045145777039155 ] ], [ [ 77.587605971876087, 13.045242815310317 ], [ 77.587988889773868, 13.045238985313102 ], [ 77.590356957087792, 13.047513761094802 ] ] ] } },
{ "type": "Feature", "properties": { "type": "gap" }, "geometry": { "type": "LineString", "coordinates": [ [ 77.69012214589128, 13.03513466569987 ], [ 77.689845050466332, 13.035412167447939 ], [ 77.689848018305028, 13.035686759280228 ], [ 77.6895679544252, 13.035689669014186 ], [ 77.689290857767844, 13.035967170398592 ], [ 77.688450664592338, 13.035975897071474 ] ] } },
{ "type": "Feature", "properties": { "type": "gap" }, "geometry": { "type": "MultiLineString", "coordinates": [ [ [ 77.671842775142849, 13.03796871629358 ], [ 77.67223040029485, 13.038340844488703 ], [ 77.67251047114901, 13.038337952919971 ], [ 77.672572254929676, 13.038397266324331 ] ], [ [ 77.67358350533371, 13.039096313038865 ], [ 77.673922628621, 13.039421871983143 ], [ 77.674464887259177, 13.039416269221427 ] ], [ [ 77.675573562085461, 13.039404810561489 ], [ 77.675883128972586, 13.039401610198787 ] ] ] } },
{ "type": "Feature", "properties": { "type": "gap" }, "geometry": { "type": "MultiLineString", "coordinates": [ [ [ 77.56129166582248, 13.036990565851546 ], [ 77.561014397625513, 13.037267957163031 ], [ 77.560454208140058, 13.037273498430023 ], [ 77.560176938580554, 13.037550889069651 ], [ 77.56002870026137, 13.037552355076651 ] ], [ [ 77.559775996289687, 13.03825325848215 ], [ 77.559905318672108, 13.038377520528929 ], [ 77.559908143902959, 13.038652141023148 ], [ 77.560191065952836, 13.038923991271167 ] ] ] } },
{ "type": "Feature", "properties": { "type": "gap" }, "geometry": { "type": "LineString", "coordinates": [ [ 77.465215558367518, 13.037923296737961 ], [ 77.464932721918146, 13.037651323461485 ], [ 77.464652606037376, 13.037653990429945 ], [ 77.464086935480964, 13.037110041881302 ], [ 77.464081497122123, 13.03656076027737 ], [ 77.463798663510261, 13.036288785236831 ], [ 77.46351854892211, 13.03629145070547 ], [ 77.462952884040519, 13.035747498629084 ], [ 77.462672769882232, 13.035750163074605 ], [ 77.462389938612475, 13.035478186038842 ] ] } },
{ "type": "Feature", "properties": { "type": "gap" }, "geometry": { "type": "MultiLineString", "coordinates": [ [ [ 77.493239107043678, 13.038877868743425 ], [ 77.493243365287384, 13.039302844971029 ], [ 77.49302000451047, 13.039526183685812 ] ], [ [ 77.491936091429508, 13.039864756310536 ], [ 77.491568194259273, 13.039868297960018 ], [ 77.491013467982768, 13.040422960326428 ], [ 77.491016217675465, 13.040697595430276 ], [ 77.490736103919275, 13.040700291222576 ] ] ] } },
{ "type": "Feature", "properties": { "type": "gap" }, "geometry": { "type": "LineString", "coordinates": [ [ 77.613125298756145, 13.038120379296934 ], [ 77.613128182624621, 13.038394988203553 ], [ 77.613694120390335, 13.038938550100294 ], [ 77.613416919882937, 13.039215987025731 ], [ 77.613419804323883, 13.03949059584501 ], [ 77.613702774637986, 13.039762376373359 ], [ 77.613982860379025, 13.039759547786584 ], [ 77.614265831551904, 13.040031327519133 ], [ 77.614545917469073, 13.040028498266171 ], [ 77.614828889500743, 13.040300277202864 ], [ 77.61483466206019, 13.040849494167428 ], [ 77.615683584101319, 13.041664827977137 ], [ 77.615695134506637, 13.042763261012135 ], [ 77.616261088613129, 13.043306814180337 ], [ 77.616272643072364, 13.044405246567553 ], [ 77.617121583352215, 13.045220572261613 ], [ 77.617141814068233, 13.047142827260922 ], [ 77.61756444842257, 13.047548719100435 ] ] } },
{ "type": "Feature", "properties": { "type": "gap" }, "geometry": { "type": "MultiLineString", "coordinates": [ [ [ 77.521021157586787, 13.039079473223243 ], [ 77.520974111471688, 13.039034254333131 ], [ 77.520694006035384, 13.039036982185852 ], [ 77.520582151174338, 13.039148850373177 ] ], [ [ 77.51960725307282, 13.040123859066055 ], [ 77.519584707616332, 13.040146406962123 ], [ 77.518744386460412, 13.040154585790297 ], [ 77.518741606299244, 13.039879956524537 ], [ 77.518458719639156, 13.039608052804958 ], [ 77.51845737989386, 13.039475690388825 ] ], [ [ 77.517761117451414, 13.036489901298518 ], [ 77.517585058165309, 13.036320673035128 ], [ 77.51730495504809, 13.036323396666248 ] ] ] } },
{ "type": "Feature", "properties": { "type": "gap" }, "geometry": { "type": "LineString", "coordinates": [ [ 77.501612703340683, 13.041968690912549 ], [ 77.501114075830998, 13.04197351033061 ], [ 77.500989760809361, 13.042097819992982 ] ] } },
{ "type": "Feature", "properties": { "type": "gap" }, "geometry": { "type": "LineString", "coordinates": [ [ 77.541155558805613, 13.040210176876339 ], [ 77.541987448268117, 13.039378052350886 ], [ 77.543107852641214, 13.03936704673403 ], [ 77.543385146404859, 13.039089670544644 ], [ 77.544505548258854, 13.039078659120728 ], [ 77.544502739920901, 13.038804035324816 ], [ 77.544979062026911, 13.038327565197275 ] ] } },
{ "type": "Feature", "properties": { "type": "gap" }, "geometry": { "type": "MultiLineString", "coordinates": [ [ [ 77.546092013793768, 13.037214258304635 ], [ 77.546166479146208, 13.037139768728279 ], [ 77.546726674598872, 13.03713425841446 ], [ 77.547003961566404, 13.036856879503318 ], [ 77.547001150968555, 13.036582256196112 ], [ 77.546152431102797, 13.035766651259996 ], [ 77.546149621687178, 13.03549202774712 ], [ 77.546426907936649, 13.035214649642128 ], [ 77.546424098341518, 13.034940026176445 ], [ 77.546698473753608, 13.03466555889209 ] ], [ [ 77.547896271434041, 13.034101591015197 ], [ 77.549216610079569, 13.034088595662363 ], [ 77.550082984932587, 13.034921154338125 ] ], [ [ 77.551016341172314, 13.035818069279497 ], [ 77.552109264019933, 13.036868306694087 ] ] ] } },
{ "type": "Feature", "properties": { "type": "gap" }, "geometry": { "type": "LineString", "coordinates": [ [ 77.586181876474896, 13.043059908560018 ], [ 77.585725266240956, 13.043064471671135 ], [ 77.585170783007442, 13.043619298655562 ], [ 77.585173637291192, 13.043893913565048 ] ] } },
{ "type": "Feature", "properties": { "type": "gap" }, "geometry": { "type": "LineString", "coordinates": [ [ 77.562743050269205, 13.041919863811508 ], [ 77.563023149767886, 13.041917089884175 ], [ 77.563300419493757, 13.041639695961639 ], [ 77.564658487878162, 13.041626241028363 ] ] } },
{ "type": "Feature", "properties": { "type": "gap" }, "geometry": { "type": "LineString", "coordinates": [ [ 77.64316101770342, 13.044131961557554 ], [ 77.643992511991414, 13.043299570625519 ], [ 77.644272594872092, 13.043296708521289 ], [ 77.644498480379639, 13.043070577681689 ] ] } },
{ "type": "Feature", "properties": { "type": "gap" }, "geometry": { "type": "LineString", "coordinates": [ [ 77.457450958202728, 13.045962487853449 ], [ 77.456618716560286, 13.04679439501462 ], [ 77.456338588633017, 13.046797054822328 ], [ 77.456061173147049, 13.047074356578369 ], [ 77.456066598340115, 13.047623641061124 ], [ 77.455789181743825, 13.047900942726997 ], [ 77.455791894186945, 13.048175585010327 ], [ 77.456074736595454, 13.048447567737469 ], [ 77.455797319259489, 13.048724869557883 ], [ 77.455800031888884, 13.048999511822105 ], [ 77.455522613688998, 13.049276813500775 ], [ 77.455525326133909, 13.049551455810136 ], [ 77.45524790707006, 13.049828757347029 ], [ 77.45496777543714, 13.049831416278264 ], [ 77.45358066900296, 13.051217919838566 ], [ 77.453583379721337, 13.051492562508297 ], [ 77.453305956335456, 13.051769862691639 ], [ 77.452465553464464, 13.051777833435246 ] ] } },
{ "type": "Feature", "properties": { "type": "gap" }, "geometry": { "type": "LineString", "coordinates": [ [ 77.721867979130366, 13.043865187580346 ], [ 77.721584908708422, 13.043593549314524 ], [ 77.721575894769586, 13.042769795994507 ], [ 77.721292826095308, 13.042498157079798 ], [ 77.721012761860962, 13.042501102315835 ], [ 77.720985729925772, 13.040029840792613 ], [ 77.721262787873513, 13.039752311551602 ], [ 77.72125678105445, 13.03920314236807 ], [ 77.721533837907074, 13.03892561306189 ], [ 77.721512814531266, 13.037003521118486 ] ] } },
{ "type": "Feature", "properties": { "type": "gap" }, "geometry": { "type": "LineString", "coordinates": [ [ 77.611236771311312, 13.045005395628964 ], [ 77.611519747174626, 13.045277177708556 ] ] } },
{ "type": "Feature", "properties": { "type": "gap" }, "geometry": { "type": "LineString", "coordinates": [ [ 77.535889596947797, 13.045754884846584 ], [ 77.536169706643406, 13.045752139172913 ], [ 77.536447015339817, 13.045474767818291 ], [ 77.537287342923989, 13.045466528254121 ], [ 77.537853166012155, 13.046010283851405 ], [ 77.53841338505832, 13.046004787846893 ] ] } },
{ "type": "Feature", "properties": { "type": "gap" }, "geometry": { "type": "MultiLineString", "coordinates": [ [ [ 77.53841338505832, 13.046004787846893 ], [ 77.539522605194264, 13.044895293313013 ], [ 77.540082821002187, 13.04488979415728 ], [ 77.540414884955993, 13.045208901870797 ] ], [ [ 77.542587148286714, 13.045713975736508 ], [ 77.543170004269328, 13.045130957524115 ] ], [ [ 77.544017375881566, 13.044283343704947 ], [ 77.544377971386893, 13.043922642846301 ] ], [ [ 77.544443427540585, 13.043857167422447 ], [ 77.544831752218073, 13.043468727499448 ] ], [ [ 77.545779789246595, 13.042797837361256 ], [ 77.545942583420185, 13.042634992903084 ], [ 77.546222687410093, 13.04263223699955 ], [ 77.546499980002579, 13.04235485750092 ], [ 77.546497168733879, 13.042080234201837 ], [ 77.546774460465514, 13.041802854568022 ], [ 77.547894871565433, 13.041791826230737 ], [ 77.548172161189072, 13.041514445438722 ], [ 77.547889246265953, 13.041242580200825 ], [ 77.547886433712833, 13.04096795717626 ], [ 77.546766026313605, 13.040978984793147 ], [ 77.546730679609595, 13.040945018186859 ] ], [ [ 77.545930209463549, 13.040175797803785 ], [ 77.545351467692896, 13.039619644591003 ], [ 77.545348658301279, 13.039345020987836 ], [ 77.545065748799942, 13.039073151594753 ], [ 77.545058285789651, 13.038343499986301 ] ] ] } },
{ "type": "Feature", "properties": { "type": "gap" }, "geometry": { "type": "LineString", "coordinates": [ [ 77.695264413224038, 13.044418313572509 ], [ 77.695270365173045, 13.044967494392182 ], [ 77.69499326787502, 13.045245002489109 ], [ 77.695002195588785, 13.046068773841089 ], [ 77.694725096953334, 13.046346281927264 ], [ 77.694445022208953, 13.046349199273369 ], [ 77.694167922580291, 13.046626706938808 ], [ 77.694450973261453, 13.046898380383317 ], [ 77.695291199140513, 13.046889627056881 ], [ 77.695574251159243, 13.047161298967872 ] ] } },
{ "type": "Feature", "properties": { "type": "gap" }, "geometry": { "type": "MultiLineString", "coordinates": [ [ [ 77.551858565029519, 13.045872520735596 ], [ 77.552138671367786, 13.045869757759602 ], [ 77.554356955610288, 13.043650670620488 ], [ 77.554354135383321, 13.043376049036439 ], [ 77.554908699787134, 13.04282127547433 ], [ 77.555188802022258, 13.042818509833316 ], [ 77.555466082925889, 13.042541122527444 ], [ 77.555463261723574, 13.042266501158593 ], [ 77.555740541766568, 13.041989113718163 ], [ 77.555738716748564, 13.041811474916434 ] ], [ [ 77.555503612205214, 13.041217630727077 ], [ 77.555451977560324, 13.041168015619041 ], [ 77.55551774736989, 13.041102220227737 ] ], [ [ 77.556226120623649, 13.039838680764445 ], [ 77.556278169757164, 13.039786610893263 ], [ 77.556558268277072, 13.039783844402892 ], [ 77.556555446487394, 13.039509223210853 ], [ 77.556556192859063, 13.039508476539439 ] ] ] } },
{ "type": "Feature", "properties": { "type": "gap" }, "geometry": { "type": "LineString", "coordinates": [ [ 77.744842218224235, 13.044446310932884 ], [ 77.744565187664762, 13.044723861194456 ], [ 77.744285126388789, 13.044726832098073 ], [ 77.74400809483511, 13.045004381942572 ], [ 77.744014154626427, 13.045553540409379 ], [ 77.743737121978256, 13.045831090190694 ], [ 77.743457059261061, 13.045834060446049 ], [ 77.743180025618628, 13.046111609810181 ], [ 77.742619899220941, 13.046117548938609 ], [ 77.742342864206591, 13.046395097647805 ], [ 77.742062800526128, 13.046398066520844 ], [ 77.74177970910452, 13.046126455363881 ], [ 77.741776681501975, 13.045851875629699 ], [ 77.741493591074615, 13.0455802639636 ] ] } },
{ "type": "Feature", "properties": { "type": "gap" }, "geometry": { "type": "LineString", "coordinates": [ [ 77.741493591074615, 13.0455802639636 ], [ 77.741484509815535, 13.044756524508728 ], [ 77.738936733908062, 13.042311997887349 ], [ 77.738659697331741, 13.042589542693424 ], [ 77.737819516329211, 13.042598433904999 ], [ 77.737253351843876, 13.042055198158691 ], [ 77.736973291849381, 13.04205816055795 ], [ 77.736690210770419, 13.041786541661498 ] ] } },
{ "type": "Feature", "properties": { "type": "gap" }, "geometry": { "type": "LineString", "coordinates": [ [ 77.736690210770419, 13.041786541661498 ], [ 77.734425584328847, 13.039613574734958 ], [ 77.733585410384961, 13.039622450219936 ], [ 77.733582393381852, 13.039347868459059 ], [ 77.732733171919079, 13.038532995130108 ], [ 77.732727140383346, 13.037983831163489 ], [ 77.732444068549327, 13.037712205703878 ], [ 77.732441053262221, 13.037437623639946 ], [ 77.732157982421597, 13.037165997672076 ], [ 77.732154967580698, 13.036891415530771 ], [ 77.731874912197156, 13.036894371266849 ], [ 77.731591842588898, 13.03662274442428 ], [ 77.731582800536032, 13.035798997555712 ], [ 77.73129973267524, 13.035527370063273 ], [ 77.731290692374884, 13.034703622923695 ], [ 77.731007626261388, 13.034431994781446 ], [ 77.731004613343018, 13.034157412317754 ], [ 77.73015541982987, 13.03334252505517 ] ] } },
{ "type": "Feature", "properties": { "type": "gap" }, "geometry": { "type": "MultiLineString", "coordinates": [ [ [ 77.518108308644756, 13.046752528088684 ], [ 77.517690670718466, 13.046756592817886 ], [ 77.517455130406731, 13.046530204143107 ] ], [ [ 77.517305324305127, 13.046485686185477 ], [ 77.517063955226931, 13.046488034636779 ] ], [ [ 77.516001885680907, 13.04597283221803 ], [ 77.516001645119687, 13.045949054458314 ], [ 77.51575817947132, 13.045715044186752 ] ], [ [ 77.513912566987841, 13.044756970872427 ], [ 77.513746849904152, 13.0445976860697 ], [ 77.513744074277142, 13.044323055838825 ], [ 77.51384039442344, 13.044226730719643 ] ], [ [ 77.51315858030857, 13.041827546653582 ], [ 77.513156101706315, 13.041582193924881 ], [ 77.512622375076589, 13.041587376247403 ] ] ] } },
{ "type": "Feature", "properties": { "type": "gap" }, "geometry": { "type": "LineString", "coordinates": [ [ 77.611528398578471, 13.046101005014878 ], [ 77.611805607764524, 13.045823568396759 ], [ 77.612085700751877, 13.045820740571877 ] ] } },
{ "type": "Feature", "properties": { "type": "gap" }, "geometry": { "type": "LineString", "coordinates": [ [ 77.537861574022443, 13.046834159032166 ], [ 77.538138881460398, 13.046556786007688 ], [ 77.53813607848177, 13.046282161007245 ], [ 77.53841338505832, 13.046004787846893 ] ] } },
{ "type": "Feature", "properties": { "type": "gap" }, "geometry": { "type": "LineString", "coordinates": [ [ 77.566995553945162, 13.046821362378376 ], [ 77.56727565802332, 13.046818582826297 ], [ 77.567558597603494, 13.047090421635682 ], [ 77.569519326038034, 13.047070953759897 ] ] } },
{ "type": "Feature", "properties": { "type": "gap" }, "geometry": { "type": "LineString", "coordinates": [ [ 77.700606650840314, 13.046284947812429 ], [ 77.700609633116684, 13.046559536972236 ], [ 77.700332541532077, 13.046837049948598 ], [ 77.700335523636582, 13.047111639159068 ], [ 77.70090163769099, 13.047654969230283 ], [ 77.700910586674055, 13.048478736402062 ], [ 77.700630510962654, 13.048481660909319 ], [ 77.700076323814571, 13.049036687480481 ] ] } },
{ "type": "Feature", "properties": { "type": "gap" }, "geometry": { "type": "LineString", "coordinates": [ [ 77.73617842573222, 13.046185761998952 ], [ 77.736163319242905, 13.044812856809276 ], [ 77.736440361128757, 13.044535313678987 ], [ 77.736720424035852, 13.044532351303854 ], [ 77.73727450520299, 13.043977264028227 ], [ 77.737271483087, 13.043702683209222 ], [ 77.736705316538547, 13.043159446563928 ], [ 77.736690210770419, 13.041786541661498 ] ] } },
{ "type": "Feature", "properties": { "type": "gap" }, "geometry": { "type": "MultiLineString", "coordinates": [ [ [ 77.510068848872962, 13.047166188514097 ], [ 77.51013031998194, 13.047104716481563 ], [ 77.510125224012697, 13.046599871755967 ] ], [ [ 77.505727386110337, 13.042203543093535 ], [ 77.505598641767989, 13.042204789617326 ], [ 77.505541105064907, 13.042149481813253 ] ] ] } },
{ "type": "Feature", "properties": { "type": "gap" }, "geometry": { "type": "LineString", "coordinates": [ [ 77.686608835524112, 13.046979946861702 ], [ 77.688024064528321, 13.048338358760764 ] ] } },
{ "type": "Feature", "properties": { "type": "gap" }, "geometry": { "type": "LineString", "coordinates": [ [ 77.468971553574278, 13.049423459429761 ], [ 77.468694152315251, 13.04970077270896 ], [ 77.468696879392738, 13.04997541227808 ], [ 77.468419477270089, 13.050252725416424 ], [ 77.468424931119742, 13.050802004639143 ], [ 77.468147527887126, 13.051079317688396 ], [ 77.468155708390739, 13.051903236630034 ], [ 77.467600898595208, 13.052457862461083 ], [ 77.467606351590916, 13.053007141930777 ], [ 77.467326218991488, 13.053009814877262 ], [ 77.467048812303574, 13.053287127362594 ], [ 77.464527612762041, 13.05331116805603 ] ] } },
{ "type": "Feature", "properties": { "type": "gap" }, "geometry": { "type": "LineString", "coordinates": [ [ 77.463368976241483, 13.049476875999476 ], [ 77.463374418604118, 13.050026157352804 ], [ 77.463097009431735, 13.050303465844673 ], [ 77.463099730460058, 13.050578106563457 ], [ 77.462267498499088, 13.051410031036333 ], [ 77.462270218850335, 13.05168467190375 ], [ 77.461992806715301, 13.051961979727038 ], [ 77.461432541431478, 13.051967312743376 ], [ 77.461435260981006, 13.052241953772123 ], [ 77.46003459513868, 13.05225528130536 ], [ 77.459757179542819, 13.052532587274175 ], [ 77.458916778178107, 13.052540579427104 ], [ 77.45863936085189, 13.052817884468435 ] ] } },
{ "type": "Feature", "properties": { "type": "gap" }, "geometry": { "type": "LineString", "coordinates": [ [ 77.567875574148601, 13.050657682678571 ], [ 77.568155682351858, 13.050654901371702 ], [ 77.568438627891695, 13.050926738154734 ], [ 77.569278952842893, 13.05091839132918 ], [ 77.569281791235198, 13.051193009533621 ], [ 77.569564738496851, 13.051464844730154 ], [ 77.569844847236283, 13.051462061426054 ], [ 77.569842008161785, 13.051187443349155 ], [ 77.570402224828499, 13.051181875954272 ], [ 77.570655273161549, 13.051424984341635 ] ] } },
{ "type": "Feature", "properties": { "type": "gap" }, "geometry": { "type": "LineString", "coordinates": [ [ 77.617456599813764, 13.050435286191131 ], [ 77.61770428657411, 13.050187387383456 ] ] } },
{ "type": "Feature", "properties": { "type": "gap" }, "geometry": { "type": "LineString", "coordinates": [ [ 77.491692014880357, 13.05222686660176 ], [ 77.491131761636694, 13.052232264025983 ], [ 77.490854387012476, 13.052509597172 ], [ 77.490294132773471, 13.052514992897425 ], [ 77.490016756788364, 13.052792325363738 ], [ 77.48945650155413, 13.052797719390284 ], [ 77.488890746143227, 13.05225384161486 ], [ 77.488050364294637, 13.052261928216113 ], [ 77.487772985582026, 13.052539258677802 ], [ 77.487212729958486, 13.052544647743638 ], [ 77.486929854282522, 13.052272706113268 ], [ 77.484688831240462, 13.052294247377752 ], [ 77.483856679872773, 13.053126229398913 ], [ 77.482456032856419, 13.053139679188535 ], [ 77.482173160617904, 13.052867731546305 ], [ 77.481893031272293, 13.052870420234814 ], [ 77.481610159897258, 13.052598471805251 ], [ 77.477408215877347, 13.052638760388398 ] ] } },
{ "type": "Feature", "properties": { "type": "gap" }, "geometry": { "type": "MultiLineString", "coordinates": [ [ [ 77.518302009170625, 13.057241668066279 ], [ 77.518238354300195, 13.057305326321037 ] ], [ [ 77.513347771136253, 13.060540425713224 ], [ 77.513349060386759, 13.06066784544698 ] ], [ [ 77.512875516663541, 13.062113478878514 ], [ 77.512526734715735, 13.062462259458938 ], [ 77.512529512992842, 13.062736889563624 ], [ 77.512252157070719, 13.063014243292804 ], [ 77.51225771332463, 13.063563503588592 ], [ 77.51169744337254, 13.063568950178402 ], [ 77.51114272720244, 13.064123656300175 ], [ 77.511148281492467, 13.064672917018344 ], [ 77.511009650700714, 13.064811544600838 ] ], [ [ 77.510905053880805, 13.068799846593622 ], [ 77.51069129882552, 13.069013593901611 ] ], [ [ 77.509803691976913, 13.070235245100362 ], [ 77.509805901612253, 13.070453768552291 ], [ 77.509932977096526, 13.070575897801188 ] ] ] } },
{ "type": "Feature", "properties": { "type": "gap" }, "geometry": { "type": "LineString", "coordinates": [ [ 77.510986406996821, 13.07636583906748 ], [ 77.510990390104666, 13.076759371411359 ], [ 77.509880903649716, 13.077868790096316 ] ] } },
{ "type": "Feature", "properties": { "type": "gap" }, "geometry": { "type": "LineString", "coordinates": [ [ 77.509880903649716, 13.077868790096316 ], [ 77.509883682391688, 13.078143420434161 ], [ 77.508774185053426, 13.079252836267914 ], [ 77.50821387820217, 13.079258281721156 ], [ 77.507659124328882, 13.079812987512421 ], [ 77.507661901039896, 13.080087618278489 ], [ 77.507384522929016, 13.080364970939522 ], [ 77.507398406205468, 13.081738124937184 ], [ 77.505456733487733, 13.083679590043026 ] ] } },
{ "type": "Feature", "properties": { "type": "gap" }, "geometry": { "type": "LineString", "coordinates": [ [ 77.505456733487733, 13.083679590043026 ], [ 77.504901964283007, 13.084234292633669 ] ] } },
{ "type": "Feature", "properties": { "type": "gap" }, "geometry": { "type": "LineString", "coordinates": [ [ 77.504901964283007, 13.084234292633669 ], [ 77.504624578752043, 13.084511643641337 ], [ 77.504064258238884, 13.084517082237722 ], [ 77.504072579724877, 13.085340976493441 ], [ 77.503795192090408, 13.085618326978281 ], [ 77.501553897092307, 13.085640068685352 ], [ 77.500721721524869, 13.086472113120223 ] ] } },
{ "type": "Feature", "properties": { "type": "gap" }, "geometry": { "type": "LineString", "coordinates": [ [ 77.500721721524869, 13.086472113120223 ], [ 77.500444328430689, 13.086749460881158 ], [ 77.50016416477969, 13.086752176250611 ], [ 77.499609375988015, 13.087306870707126 ], [ 77.499049047004902, 13.087312299557054 ], [ 77.498771650934529, 13.087589646007919 ], [ 77.498491485975308, 13.087592359732948 ], [ 77.497936691231146, 13.088147051568917 ], [ 77.497939459007881, 13.088421684207569 ], [ 77.497662060460414, 13.088699029889735 ], [ 77.497379126789212, 13.088427109886087 ], [ 77.49709896058512, 13.088429822270001 ], [ 77.496816027779701, 13.088157901476221 ], [ 77.495429022625217, 13.089544622807912 ], [ 77.495148854740407, 13.089547333302161 ], [ 77.494039237977248, 13.09065670592612 ], [ 77.49405305865595, 13.092029872885538 ], [ 77.49433599421539, 13.092301796390368 ], [ 77.494338758913273, 13.092576429697823 ], [ 77.49490463263642, 13.093120275294041 ], [ 77.494912929346043, 13.093944174786662 ], [ 77.494080704745741, 13.094776206323731 ], [ 77.493800530660195, 13.094778916417006 ], [ 77.493245710416048, 13.095333602655828 ], [ 77.492962771741759, 13.095061678418213 ], [ 77.492682597094046, 13.09506438735538 ], [ 77.492405185543461, 13.095341729643618 ], [ 77.492413475402344, 13.096165630569566 ], [ 77.491581234811321, 13.09699765674941 ], [ 77.490460525905505, 13.097008486245374 ], [ 77.489350857141162, 13.098117847865836 ], [ 77.489353617586033, 13.098392482096035 ], [ 77.488798778991196, 13.098947161853809 ], [ 77.487397878705423, 13.098960684828398 ], [ 77.48711494036796, 13.098688753825208 ], [ 77.487109424373841, 13.098139484432714 ], [ 77.48626061531742, 13.097323688468142 ], [ 77.485980436679213, 13.09732639058465 ], [ 77.484315892539527, 13.098990408635924 ], [ 77.484324157893241, 13.09981431441531 ] ] } },
{ "type": "Feature", "properties": { "type": "gap" }, "geometry": { "type": "LineString", "coordinates": [ [ 77.721123951677413, 13.052660727496564 ], [ 77.720840869904634, 13.052389090391022 ], [ 77.717760035916669, 13.052421490087488 ], [ 77.71747695739829, 13.05214984851257 ] ] } },
{ "type": "Feature", "properties": { "type": "gap" }, "geometry": { "type": "LineString", "coordinates": [ [ 77.71747695739829, 13.05214984851257 ], [ 77.717193879496918, 13.051878206500609 ], [ 77.71717286803775, 13.049956109516618 ], [ 77.716889793393364, 13.049684466574 ], [ 77.716880790643856, 13.048860710414765 ], [ 77.716600718218345, 13.048863652287073 ], [ 77.716317645561844, 13.048592008329559 ], [ 77.716314645468174, 13.048317422795643 ], [ 77.716031573805537, 13.048045778330721 ], [ 77.716025574578254, 13.047496607102417 ], [ 77.716302645780075, 13.047219080595044 ], [ 77.716299646029682, 13.046944495028665 ], [ 77.716016576252215, 13.046672850211273 ], [ 77.715995582560865, 13.044750750571405 ], [ 77.715712516038963, 13.04447910482377 ], [ 77.715694526385178, 13.042831590170696 ] ] } },
{ "type": "Feature", "properties": { "type": "gap" }, "geometry": { "type": "LineString", "coordinates": [ [ 77.708243390043478, 13.05307057776916 ], [ 77.708237405621702, 13.052521403195701 ], [ 77.707671265517291, 13.051978094692711 ], [ 77.707668274162998, 13.051703507255642 ], [ 77.70738520541326, 13.051431852278965 ], [ 77.707364270488057, 13.049509739545757 ], [ 77.70764135505442, 13.049232220030005 ], [ 77.707635373783148, 13.048683045019597 ], [ 77.708189540105394, 13.048128005673458 ], [ 77.708186549092503, 13.04785341827316 ] ] } },
{ "type": "Feature", "properties": { "type": "gap" }, "geometry": { "type": "MultiLineString", "coordinates": [ [ [ 77.502932981465079, 13.055688884001221 ], [ 77.502372725244555, 13.055694307174502 ], [ 77.501806939051775, 13.055150464097093 ], [ 77.501526811337655, 13.055153174506104 ], [ 77.501249447770675, 13.055430517253271 ], [ 77.500969319621291, 13.055433227115705 ], [ 77.500691955064681, 13.055710569427792 ], [ 77.500126171818508, 13.055166722009737 ], [ 77.499005659065233, 13.055177554562933 ], [ 77.498606280268916, 13.055576895143973 ] ], [ [ 77.497505195258199, 13.058619621743732 ], [ 77.497360771499714, 13.058764028864093 ], [ 77.497363532207885, 13.059038662246586 ] ] ] } },
{ "type": "Feature", "properties": { "type": "gap" }, "geometry": { "type": "MultiLineString", "coordinates": [ [ [ 77.497363532207885, 13.059038662246586 ], [ 77.497086159621247, 13.059316002070366 ], [ 77.496525892715894, 13.059321414057136 ], [ 77.496242999632798, 13.05904948598473 ], [ 77.495962866331183, 13.05905219116212 ], [ 77.49568549188443, 13.059329529765805 ], [ 77.495125224347888, 13.059334938723923 ], [ 77.494847848539337, 13.059612276647883 ], [ 77.494287580006457, 13.059617683906396 ], [ 77.494010202836094, 13.059895021150529 ], [ 77.493198697059853, 13.05990285027759 ] ], [ [ 77.492636929759726, 13.060158525493597 ], [ 77.492612284249574, 13.060183167132607 ], [ 77.492570453612231, 13.060183570544121 ] ], [ [ 77.491747863757041, 13.060492669844299 ], [ 77.491219869705091, 13.061020575392215 ], [ 77.49093973310606, 13.0610232755291 ], [ 77.49094248721363, 13.061297910212552 ], [ 77.49038221320869, 13.061303309695003 ], [ 77.489827444884241, 13.06185797778309 ], [ 77.487306202051229, 13.0618822560629 ], [ 77.48702881361497, 13.062159587620473 ] ] ] } },
{ "type": "Feature", "properties": { "type": "gap" }, "geometry": { "type": "LineString", "coordinates": [ [ 77.48702881361497, 13.062159587620473 ], [ 77.486188397089293, 13.062167674194621 ], [ 77.485339735835282, 13.061351850511519 ], [ 77.485336987906805, 13.061077214655144 ], [ 77.484776712003296, 13.061082601903616 ], [ 77.483944537016214, 13.061914588932849 ], [ 77.483664397854838, 13.061917281369585 ], [ 77.4833815127393, 13.061645337249891 ], [ 77.483101373761286, 13.061648029022219 ], [ 77.482823979993881, 13.061925356862162 ], [ 77.482543840581329, 13.061928048087145 ], [ 77.481989050449087, 13.062482702701287 ], [ 77.48086848919715, 13.062493462616187 ], [ 77.479736959317449, 13.061405669641047 ], [ 77.477775981607479, 13.061424477709638 ], [ 77.477210223823349, 13.060880573605884 ], [ 77.47693008439245, 13.060883258538464 ], [ 77.476364329572618, 13.060339352007793 ], [ 77.476084190571726, 13.060342035914879 ], [ 77.475518438716094, 13.059798126957556 ], [ 77.475515701977002, 13.059523489016595 ], [ 77.475235563715088, 13.05952617183992 ], [ 77.474669815566614, 13.05898226032679 ], [ 77.474109539840398, 13.058987623619924 ], [ 77.473826667185577, 13.058715666502085 ] ] } },
{ "type": "Feature", "properties": { "type": "gap" }, "geometry": { "type": "LineString", "coordinates": [ [ 77.473826667185577, 13.058715666502085 ], [ 77.473543795148586, 13.05844370895837 ], [ 77.472983520157541, 13.058449069595305 ], [ 77.471852040158225, 13.057361232273054 ], [ 77.471838379980994, 13.05598803842728 ] ] } },
{ "type": "Feature", "properties": { "type": "gap" }, "geometry": { "type": "LineString", "coordinates": [ [ 77.738226592406747, 13.054127852233881 ], [ 77.738503639782763, 13.053850305466424 ], [ 77.738494562467835, 13.053026564466409 ], [ 77.739048653933125, 13.052471470739825 ], [ 77.739045627821412, 13.052196890509535 ], [ 77.739325698740302, 13.052193923606678 ], [ 77.739608796318635, 13.052465536502558 ], [ 77.740716968823904, 13.051355344987618 ], [ 77.740997038401844, 13.051352376463726 ], [ 77.740972816390354, 13.049155737846604 ], [ 77.741252883431613, 13.049152769536983 ], [ 77.741806960645874, 13.048597672678811 ], [ 77.741803932419629, 13.048323093003171 ], [ 77.742080969862542, 13.048045544362671 ], [ 77.742077941466533, 13.047770964738628 ], [ 77.741794848156701, 13.047499353937223 ], [ 77.741782736776358, 13.046401035091558 ], [ 77.741499645593777, 13.04612942356767 ], [ 77.741493591074615, 13.0455802639636 ] ] } },
{ "type": "Feature", "properties": { "type": "gap" }, "geometry": { "type": "LineString", "coordinates": [ [ 77.711065147289261, 13.054963332916754 ], [ 77.711059155737587, 13.05441415971119 ], [ 77.711336239723323, 13.054136636060745 ], [ 77.711616319313563, 13.054133698720282 ], [ 77.711604334838398, 13.053035352716389 ], [ 77.712158498284523, 13.052480304853781 ], [ 77.712438575817913, 13.052477366989178 ], [ 77.712715656238359, 13.052199842547525 ], [ 77.712709662355337, 13.051650669978946 ], [ 77.711860444997768, 13.050835723520768 ], [ 77.711583364645847, 13.051113246959627 ], [ 77.711017222551362, 13.050569946545103 ], [ 77.709896919273532, 13.050581688350185 ], [ 77.709619836522606, 13.050859210061565 ], [ 77.708779607214083, 13.050868012523743 ], [ 77.708773622653766, 13.050318838101729 ], [ 77.709050706055578, 13.05004131722089 ], [ 77.709330781566379, 13.050038383258343 ], [ 77.710716187437512, 13.048650774942752 ], [ 77.71069523139775, 13.046728667117437 ] ] } },
{ "type": "Feature", "properties": { "type": "gap" }, "geometry": { "type": "MultiLineString", "coordinates": [ [ [ 77.566814700860903, 13.056435797398001 ], [ 77.567374930686498, 13.056430234361414 ], [ 77.567940836612749, 13.056973906864737 ], [ 77.567946513232755, 13.057523143589862 ], [ 77.567669235345775, 13.057800544520493 ], [ 77.56768028869304, 13.057811163534357 ] ], [ [ 77.568298157104493, 13.058068943083931 ], [ 77.56845962182021, 13.058067338762704 ] ] ] } },
{ "type": "Feature", "properties": { "type": "gap" }, "geometry": { "type": "LineString", "coordinates": [ [ 77.571457555738093, 13.05789492571275 ], [ 77.571590857556117, 13.057761560881239 ], [ 77.571870972940857, 13.057758774064874 ], [ 77.572148245221385, 13.057481369501392 ], [ 77.572231136341571, 13.057561000759961 ] ] } },
{ "type": "Feature", "properties": { "type": "gap" }, "geometry": { "type": "MultiLineString", "coordinates": [ [ [ 77.57270797508734, 13.057427511665066 ], [ 77.57269994446817, 13.056651942468232 ], [ 77.573063414535554, 13.056288295412534 ] ], [ [ 77.573557321890306, 13.056116174646361 ], [ 77.574100513265066, 13.056638000516681 ], [ 77.574829892510436, 13.056630736913103 ] ] ] } },
{ "type": "Feature", "properties": { "type": "gap" }, "geometry": { "type": "MultiLineString", "coordinates": [ [ [ 77.537133367137983, 13.057827405383238 ], [ 77.536975499692772, 13.057985304400527 ] ], [ [ 77.534023629763013, 13.061215144217776 ], [ 77.533877354835781, 13.061361443525769 ] ] ] } },
{ "type": "Feature", "properties": { "type": "gap" }, "geometry": { "type": "MultiLineString", "coordinates": [ [ [ 77.532423489280532, 13.062996648660647 ], [ 77.532424004922362, 13.063047216712185 ] ], [ [ 77.530149513870114, 13.066410123167238 ], [ 77.529376595816771, 13.066417691789786 ], [ 77.529255278541598, 13.06653902320374 ] ] ] } },
{ "type": "Feature", "properties": { "type": "gap" }, "geometry": { "type": "MultiLineString", "coordinates": [ [ [ 77.524642232533367, 13.068111929887964 ], [ 77.523790645084233, 13.068120251561771 ], [ 77.523773032456106, 13.06813786539597 ] ], [ [ 77.522966640374676, 13.068944309203578 ], [ 77.522681257692057, 13.069229708554065 ], [ 77.521560700992765, 13.069240650351468 ], [ 77.520994844172108, 13.068696863082632 ], [ 77.520882401725359, 13.068697960481753 ] ] ] } },
{ "type": "Feature", "properties": { "type": "gap" }, "geometry": { "type": "MultiLineString", "coordinates": [ [ [ 77.51514589404843, 13.072107441270125 ], [ 77.515153659569336, 13.072873653426488 ], [ 77.515216659171159, 13.072934197501361 ] ], [ [ 77.512935294995629, 13.074543192129784 ], [ 77.512649039017774, 13.074545978005924 ], [ 77.512546795716702, 13.074648217537236 ] ] ] } },
{ "type": "Feature", "properties": { "type": "gap" }, "geometry": { "type": "MultiLineString", "coordinates": [ [ [ 77.578378792120603, 13.057144654517538 ], [ 77.578307909228585, 13.05714536150313 ], [ 77.578030645417186, 13.057422771337652 ], [ 77.577187040765622, 13.056612375564235 ] ], [ [ 77.577181628128045, 13.056594694607918 ], [ 77.57717891055313, 13.056332685205259 ], [ 77.577060768219511, 13.056219192685491 ] ] ] } },
{ "type": "Feature", "properties": { "type": "gap" }, "geometry": { "type": "LineString", "coordinates": [ [ 77.532112503143111, 13.059972659861518 ], [ 77.532113534636778, 13.060073853057943 ], [ 77.532154637965633, 13.060113351847757 ] ] } },
{ "type": "Feature", "properties": { "type": "gap" }, "geometry": { "type": "MultiLineString", "coordinates": [ [ [ 77.632380179241707, 13.057698935330045 ], [ 77.632377269688973, 13.057424331084096 ], [ 77.632654461311105, 13.05714687432442 ], [ 77.63180543157948, 13.056331617770031 ], [ 77.631799549757815, 13.055776301954491 ] ], [ [ 77.630446078478556, 13.055521550242796 ], [ 77.630116108238681, 13.055524907366614 ], [ 77.630111936066271, 13.05552090106262 ] ], [ [ 77.627573632920303, 13.049508792291052 ], [ 77.626691058301162, 13.049517757022082 ], [ 77.6264080633606, 13.049245995698875 ], [ 77.626407830159394, 13.049223921424813 ] ], [ [ 77.626393528278342, 13.047870061460547 ], [ 77.626390253102826, 13.047560001770988 ] ] ] } },
{ "type": "Feature", "properties": { "type": "gap" }, "geometry": { "type": "LineString", "coordinates": [ [ 77.473271859924452, 13.059270304708358 ], [ 77.47354926386393, 13.058992985701552 ], [ 77.473829401883449, 13.058990304812177 ], [ 77.473826667185577, 13.058715666502085 ] ] } },
{ "type": "Feature", "properties": { "type": "gap" }, "geometry": { "type": "LineString", "coordinates": [ [ 77.499158701966905, 13.059021311757911 ], [ 77.499044329175902, 13.059022417553654 ], [ 77.498766958821633, 13.059299758841322 ], [ 77.498484063772594, 13.059027833662721 ], [ 77.497363532207885, 13.059038662246586 ] ] } },
{ "type": "Feature", "properties": { "type": "gap" }, "geometry": { "type": "LineString", "coordinates": [ [ 77.661239137668133, 13.058227981498334 ], [ 77.661230306105665, 13.0574035242772 ], [ 77.661507459280642, 13.05712604271087 ], [ 77.661501576166486, 13.056576847174179 ] ] } },
{ "type": "Feature", "properties": { "type": "gap" }, "geometry": { "type": "MultiLineString", "coordinates": [ [ [ 77.661501576166486, 13.056576847174179 ], [ 77.66128821593415, 13.056372021017539 ] ], [ [ 77.65958808519585, 13.053380987321038 ], [ 77.659543468193206, 13.053338153551895 ] ], [ [ 77.660054975184806, 13.052281762358303 ], [ 77.660054075423787, 13.052197692004162 ], [ 77.660331225516586, 13.051920212465868 ], [ 77.660325347427516, 13.051371016181731 ], [ 77.660147305072655, 13.051372847706379 ] ], [ [ 77.65919412883764, 13.050366922712808 ], [ 77.659191567305044, 13.050127467000943 ] ], [ [ 77.659736436612548, 13.048691190501994 ], [ 77.65973244590262, 13.048318157730087 ] ], [ [ 77.659745669170007, 13.047233207794564 ], [ 77.659998249022053, 13.04698032519237 ], [ 77.660278332398946, 13.046977444977493 ] ] ] } },
{ "type": "Feature", "properties": { "type": "gap" }, "geometry": { "type": "LineString", "coordinates": [ [ 77.548640896896927, 13.059911406917525 ], [ 77.548921019751788, 13.059908644507974 ], [ 77.549198324373194, 13.059631259447437 ], [ 77.549758569142895, 13.059625733234357 ], [ 77.549978278877887, 13.059836837056835 ] ] } },
{ "type": "Feature", "properties": { "type": "gap" }, "geometry": { "type": "LineString", "coordinates": [ [ 77.554014679530113, 13.062330203576604 ], [ 77.554268758202497, 13.062327692290655 ], [ 77.554363223290949, 13.062418452694457 ] ] } },
{ "type": "Feature", "properties": { "type": "gap" }, "geometry": { "type": "LineString", "coordinates": [ [ 77.561093962707488, 13.063908025993038 ], [ 77.562689463233426, 13.063892206557073 ], [ 77.563244042580166, 13.063337410855292 ], [ 77.563508528884157, 13.063334787049138 ] ] } },
{ "type": "Feature", "properties": { "type": "gap" }, "geometry": { "type": "LineString", "coordinates": [ [ 77.566763146225838, 13.061929244356337 ], [ 77.567151572566786, 13.061925386013309 ], [ 77.568260698033512, 13.060815779854526 ] ] } },
{ "type": "Feature", "properties": { "type": "gap" }, "geometry": { "type": "MultiLineString", "coordinates": [ [ [ 77.568260698033512, 13.060815779854526 ], [ 77.568264868949953, 13.060811607106061 ] ], [ [ 77.570250648721611, 13.058824934394373 ], [ 77.570361040237444, 13.058714492026082 ] ] ] } },
{ "type": "Feature", "properties": { "type": "gap" }, "geometry": { "type": "LineString", "coordinates": [ [ 77.593504660420408, 13.061139878733192 ], [ 77.593750930082777, 13.061376418272221 ] ] } },
{ "type": "Feature", "properties": { "type": "gap" }, "geometry": { "type": "MultiLineString", "coordinates": [ [ [ 77.596472077356779, 13.06190709385328 ], [ 77.598527598905463, 13.061886432573568 ], [ 77.599357621907956, 13.062683623218403 ] ], [ [ 77.599826609522708, 13.062806437890153 ], [ 77.599936792873649, 13.062696179131509 ], [ 77.599933918017598, 13.062421567843218 ], [ 77.600774260840339, 13.062413111445778 ], [ 77.601051498957261, 13.062135680991362 ], [ 77.602452067139936, 13.062121579731144 ], [ 77.602735058458151, 13.062393369252257 ], [ 77.603575399307346, 13.062384903769557 ], [ 77.60385839197248, 13.062656691766112 ], [ 77.604858026498164, 13.062646616731643 ] ], [ [ 77.606009993494808, 13.062445979217618 ], [ 77.606096418299245, 13.062359490968126 ], [ 77.606289398334042, 13.062357544645238 ] ], [ [ 77.606679049020869, 13.063190882688719 ], [ 77.606948287484997, 13.063449453562059 ], [ 77.607228401414758, 13.06344662724899 ], [ 77.60836039441503, 13.06453375661463 ], [ 77.608366163781042, 13.065082975399211 ], [ 77.608649164325485, 13.065354756524117 ], [ 77.609209395652627, 13.065349099099977 ], [ 77.609486625199537, 13.065071660796875 ], [ 77.60947796754229, 13.064247833348162 ], [ 77.609755195742494, 13.063970395023873 ], [ 77.609749423815074, 13.063421176802596 ], [ 77.611430102446135, 13.063404196209664 ], [ 77.613093442262709, 13.061739554326484 ] ] ] } },
{ "type": "Feature", "properties": { "type": "gap" }, "geometry": { "type": "MultiLineString", "coordinates": [ [ [ 77.613093442262709, 13.061739554326484 ], [ 77.613626105973381, 13.061206467524146 ] ], [ [ 77.613647073175386, 13.061107626082379 ], [ 77.613644994265968, 13.060910063899572 ], [ 77.613704422018429, 13.060850588706076 ] ] ] } },
{ "type": "Feature", "properties": { "type": "gap" }, "geometry": { "type": "LineString", "coordinates": [ [ 77.615162688334408, 13.059391146680566 ], [ 77.615862734273961, 13.058690528433328 ], [ 77.616422947340993, 13.058684858217784 ], [ 77.617522244451351, 13.057584647166484 ] ] } },
{ "type": "Feature", "properties": { "type": "gap" }, "geometry": { "type": "LineString", "coordinates": [ [ 77.55620984330973, 13.060385957235704 ], [ 77.555935799051781, 13.060660095650618 ] ] } },
{ "type": "Feature", "properties": { "type": "gap" }, "geometry": { "type": "LineString", "coordinates": [ [ 77.645000199564706, 13.059026902453823 ], [ 77.644993461641945, 13.058394071555448 ] ] } },
{ "type": "Feature", "properties": { "type": "gap" }, "geometry": { "type": "MultiLineString", "coordinates": [ [ [ 77.644993461641945, 13.058394071555448 ], [ 77.645100374121327, 13.058287046498187 ] ], [ [ 77.646638573619867, 13.057004076597888 ], [ 77.646659431716643, 13.057003863042224 ], [ 77.646936603949428, 13.056726394074227 ], [ 77.647216701278595, 13.056723525890067 ], [ 77.647862553098818, 13.056076978084203 ] ], [ [ 77.648330809716299, 13.05505315297663 ], [ 77.649151032248639, 13.054232035111548 ], [ 77.649148104976859, 13.053957434522024 ], [ 77.64858206425356, 13.053413972128373 ], [ 77.648579137799885, 13.05313937139462 ], [ 77.648856304019787, 13.052861901528143 ], [ 77.648975922551344, 13.052860676124311 ] ], [ [ 77.649405876584609, 13.051860594472656 ], [ 77.649390146233699, 13.050384757100671 ], [ 77.65079059370747, 13.050370406715453 ], [ 77.651344914690299, 13.049815464076632 ], [ 77.651339057420742, 13.049266263683606 ], [ 77.651616216503683, 13.048988792200232 ], [ 77.651823304922374, 13.048986669068718 ] ], [ [ 77.653070400851746, 13.048365555724747 ], [ 77.654016096941405, 13.047418775295471 ] ], [ [ 77.654455329195969, 13.046423967515691 ], [ 77.654667857197595, 13.046211193272988 ], [ 77.654947940925553, 13.046208318991772 ], [ 77.655225092471667, 13.045930845006216 ], [ 77.655505175756986, 13.04592797018277 ], [ 77.655643467799578, 13.045789516643643 ] ] ] } },
{ "type": "Feature", "properties": { "type": "gap" }, "geometry": { "type": "MultiLineString", "coordinates": [ [ [ 77.66405994204429, 13.060050023396133 ], [ 77.664057754363043, 13.059846047034144 ], [ 77.663263942408747, 13.05908401291356 ] ], [ [ 77.662208248809804, 13.058070568258451 ], [ 77.662076475155402, 13.057944067193086 ], [ 77.662067648127362, 13.057120274312943 ], [ 77.661501576166486, 13.056576847174179 ] ] ] } },
{ "type": "Feature", "properties": { "type": "gap" }, "geometry": { "type": "LineString", "coordinates": [ [ 77.727662141323847, 13.061379504407979 ], [ 77.726821889102553, 13.061388372459644 ], [ 77.726544819395144, 13.061665910784887 ], [ 77.725424480624397, 13.061677729662158 ], [ 77.725147408788899, 13.061955266852781 ], [ 77.724027067405217, 13.061967079932739 ], [ 77.722087536692911, 13.063909828524483 ] ] } },
{ "type": "Feature", "properties": { "type": "gap" }, "geometry": { "type": "LineString", "coordinates": [ [ 77.722087536692911, 13.063909828524483 ], [ 77.721804438725243, 13.063638195414983 ], [ 77.721792400188249, 13.062539859539232 ], [ 77.722069477034765, 13.062262325095702 ], [ 77.722063457699278, 13.061713157234092 ], [ 77.721780362752256, 13.061441523559445 ], [ 77.721777353565273, 13.061166939548245 ], [ 77.721494259613237, 13.060895305365491 ], [ 77.720934089739103, 13.060901204127299 ], [ 77.720650996884359, 13.060629568773466 ], [ 77.720370912084036, 13.060632517333536 ], [ 77.718955458271097, 13.059274332169871 ], [ 77.718952452721339, 13.058999747465631 ], [ 77.718669364188287, 13.058728109050366 ] ] } },
{ "type": "Feature", "properties": { "type": "gap" }, "geometry": { "type": "LineString", "coordinates": [ [ 77.718669364188287, 13.058728109050366 ], [ 77.718386276272568, 13.058456470197838 ], [ 77.718380266888815, 13.057907300487615 ], [ 77.717814094418756, 13.05736402118864 ], [ 77.717534012635085, 13.057366965953346 ], [ 77.717250927565885, 13.057095325281415 ] ] } },
{ "type": "Feature", "properties": { "type": "gap" }, "geometry": { "type": "LineString", "coordinates": [ [ 77.717250927565885, 13.057095325281415 ], [ 77.717528005652852, 13.056817795806863 ], [ 77.717518995694718, 13.055994040538408 ], [ 77.717796072444727, 13.055716511055463 ], [ 77.717790065669689, 13.055167340959096 ], [ 77.717506983378982, 13.054895700089521 ], [ 77.717503980471776, 13.054621114961055 ], [ 77.717781056022417, 13.054343585765823 ], [ 77.71777204699346, 13.053519830514084 ], [ 77.717488966966229, 13.053248189221298 ], [ 77.71747695739829, 13.05214984851257 ] ] } },
{ "type": "Feature", "properties": { "type": "gap" }, "geometry": { "type": "MultiLineString", "coordinates": [ [ [ 77.638630192889963, 13.061754700273397 ], [ 77.638684357189121, 13.061754147202182 ] ], [ [ 77.639015517930162, 13.061895598754258 ], [ 77.639149282741215, 13.062024031837758 ], [ 77.639737628095205, 13.062018022341674 ] ], [ [ 77.642320235775983, 13.06144236350355 ], [ 77.642784799379811, 13.06143761294183 ], [ 77.64389352112029, 13.060327745848499 ], [ 77.643890598241768, 13.060053144216173 ], [ 77.644167776891024, 13.059775677037134 ], [ 77.644161930850686, 13.059226473864781 ], [ 77.644439108398586, 13.058949006612872 ] ] ] } },
{ "type": "Feature", "properties": { "type": "gap" }, "geometry": { "type": "LineString", "coordinates": [ [ 77.644439108398586, 13.058949006612872 ], [ 77.644993461641945, 13.058394071555448 ] ] } },
{ "type": "Feature", "properties": { "type": "gap" }, "geometry": { "type": "MultiLineString", "coordinates": [ [ [ 77.627116321502569, 13.063245184925441 ], [ 77.626875319382776, 13.063247635164805 ] ], [ [ 77.620692703251493, 13.058092329494572 ], [ 77.620618743401977, 13.058093079343109 ], [ 77.620615846749658, 13.057818472503914 ], [ 77.620332845891156, 13.05754670521144 ], [ 77.62005274155247, 13.057549544461901 ], [ 77.619769741553938, 13.057277776372306 ], [ 77.619766846026565, 13.05700316932851 ], [ 77.619494012770758, 13.05674116309274 ] ] ] } },
{ "type": "Feature", "properties": { "type": "gap" }, "geometry": { "type": "LineString", "coordinates": [ [ 77.697144509182237, 13.062798319986328 ], [ 77.697135562516223, 13.061974551155329 ], [ 77.696852488951578, 13.061702884855929 ], [ 77.696843544030116, 13.060879115756398 ], [ 77.69656047221379, 13.060607448810563 ], [ 77.69655749108658, 13.060332859027703 ], [ 77.696274420264615, 13.060061191575549 ], [ 77.696265478422674, 13.059237421977954 ], [ 77.695982409348773, 13.058965753879473 ], [ 77.695979429247984, 13.058691163930609 ], [ 77.695413293706025, 13.058147826284994 ], [ 77.694853117888613, 13.058153667345969 ], [ 77.69428698577822, 13.057610326491069 ], [ 77.694281030030197, 13.057061145759864 ] ] } },
{ "type": "Feature", "properties": { "type": "gap" }, "geometry": { "type": "LineString", "coordinates": [ [ 77.694281030030197, 13.057061145759864 ], [ 77.695112354470041, 13.056228615718386 ], [ 77.695100440905335, 13.055130254862311 ], [ 77.695377546855539, 13.054852744712424 ], [ 77.695371590001074, 13.054303564359524 ], [ 77.695088528430759, 13.054031893902467 ], [ 77.69507661704624, 13.052933532838866 ], [ 77.694793557599752, 13.052661861665795 ], [ 77.695070661762756, 13.052384352268156 ], [ 77.695910905740405, 13.05237559331646 ], [ 77.696188008156369, 13.052098083019882 ], [ 77.695904948878322, 13.051826413100926 ], [ 77.695901970549514, 13.051551822983429 ], [ 77.696182050813562, 13.051548902918432 ], [ 77.697013352917267, 13.050716371279576 ], [ 77.696995478199, 13.049068831846673 ], [ 77.697549673633361, 13.048513810529728 ], [ 77.697543714978337, 13.047964630895189 ] ] } },
{ "type": "Feature", "properties": { "type": "gap" }, "geometry": { "type": "MultiLineString", "coordinates": [ [ [ 77.497141382130366, 13.064808669426451 ], [ 77.497139070319591, 13.064578777249963 ] ], [ [ 77.494315716678955, 13.063737321124727 ], [ 77.494048810127879, 13.063739897447777 ], [ 77.493928764749256, 13.06385992412361 ] ] ] } },
{ "type": "Feature", "properties": { "type": "gap" }, "geometry": { "type": "LineString", "coordinates": [ [ 77.492530941127313, 13.063593176448595 ], [ 77.492090591367443, 13.064033451746479 ], [ 77.491250171751773, 13.064041555912658 ], [ 77.490684382899019, 13.063497687812349 ], [ 77.490404243393186, 13.063500387871738 ], [ 77.490121350139901, 13.063228452819743 ], [ 77.489841210817104, 13.063231152214501 ], [ 77.489275426656619, 13.062687280107012 ], [ 77.488715148806378, 13.062692676541102 ], [ 77.488437761491397, 13.062970009476956 ], [ 77.487871980535374, 13.062426133623166 ], [ 77.487869229574642, 13.062151498319851 ], [ 77.48702881361497, 13.062159587620473 ] ] } },
{ "type": "Feature", "properties": { "type": "gap" }, "geometry": { "type": "LineString", "coordinates": [ [ 77.55167027583218, 13.064649538261518 ], [ 77.551770210754725, 13.06454957349621 ], [ 77.55177011234376, 13.064539996937086 ] ] } },
{ "type": "Feature", "properties": { "type": "gap" }, "geometry": { "type": "MultiLineString", "coordinates": [ [ [ 77.519428272640525, 13.065824840499637 ], [ 77.519045419670661, 13.066207708031371 ] ], [ [ 77.519575474073349, 13.06687043414963 ], [ 77.519583000087451, 13.06761201592213 ], [ 77.51947264980123, 13.067722370184693 ] ] ] } },
{ "type": "Feature", "properties": { "type": "gap" }, "geometry": { "type": "LineString", "coordinates": [ [ 77.462691911155304, 13.065963317995713 ], [ 77.462411762914002, 13.065965988220844 ], [ 77.462134337952662, 13.066243298730287 ], [ 77.461854189277688, 13.06624596840734 ], [ 77.461576763326761, 13.06652327847838 ], [ 77.461016465047337, 13.066528616433205 ], [ 77.460461609805279, 13.067083235014776 ], [ 77.459901309791476, 13.067088570777006 ], [ 77.459346450590957, 13.067643187604261 ], [ 77.459349171215308, 13.067917828733373 ], [ 77.458794309047661, 13.068472444889647 ], [ 77.457953853176846, 13.068480443492049 ] ] } },
{ "type": "Feature", "properties": { "type": "gap" }, "geometry": { "type": "LineString", "coordinates": [ [ 77.457953853176846, 13.068480443492049 ], [ 77.457951133973921, 13.068205802085927 ], [ 77.457668263370209, 13.067933826152121 ], [ 77.457665544600772, 13.067659184675303 ], [ 77.45738267498669, 13.067387208251841 ], [ 77.457374520165175, 13.066563283590183 ], [ 77.457091652283196, 13.066291306548489 ], [ 77.457086216788781, 13.065742023280214 ], [ 77.450863296102128, 13.05975841797634 ], [ 77.450857877183751, 13.059209131856868 ], [ 77.451135310571672, 13.058931832490062 ], [ 77.451132600958488, 13.058657189472157 ], [ 77.451687465386911, 13.058102590260226 ], [ 77.451652239636928, 13.054532231784151 ], [ 77.451086547017582, 13.053988257192751 ], [ 77.451081130084489, 13.053438970921155 ], [ 77.450798285442758, 13.053166982860118 ], [ 77.450787453803301, 13.052068409983905 ], [ 77.451342307124534, 13.051513813729459 ], [ 77.451059464831175, 13.051241825579927 ] ] } },
{ "type": "Feature", "properties": { "type": "gap" }, "geometry": { "type": "LineString", "coordinates": [ [ 77.708363135989998, 13.064054063784665 ], [ 77.708348161755595, 13.062681128600961 ], [ 77.708628251668102, 13.062678192609924 ], [ 77.708905346253133, 13.062400669387571 ], [ 77.709185435719888, 13.062397732854883 ], [ 77.709462529310116, 13.062120209212072 ], [ 77.70974261833112, 13.062117272137755 ], [ 77.710019710926545, 13.061839748074538 ], [ 77.710579888008482, 13.061833872539985 ], [ 77.710856979231863, 13.061556347817568 ], [ 77.710853982085595, 13.061281761310019 ], [ 77.711685251330238, 13.060449186226322 ], [ 77.711965337950559, 13.060446247113582 ], [ 77.712519513605244, 13.059891195673274 ], [ 77.712799599402445, 13.05988825578031 ], [ 77.713630857122155, 13.059055676543698 ], [ 77.713627857505898, 13.058781090616812 ], [ 77.713904941937656, 13.058503563899514 ], [ 77.71390194214996, 13.058228978023584 ], [ 77.714179025724349, 13.057951451182513 ], [ 77.714176025765212, 13.057676865357548 ], [ 77.714456108681432, 13.057673924160229 ], [ 77.715010272743768, 13.057118869572118 ], [ 77.715293355893252, 13.057390513176973 ], [ 77.716413684813546, 13.057378741986055 ], [ 77.716690764272371, 13.057101213169721 ], [ 77.717250927565885, 13.057095325281415 ] ] } },
{ "type": "Feature", "properties": { "type": "gap" }, "geometry": { "type": "LineString", "coordinates": [ [ 77.71816930203471, 13.064225697556914 ], [ 77.718166296174047, 13.063951112777485 ], [ 77.71788320156675, 13.063679474531973 ], [ 77.717877190806576, 13.063130304812519 ], [ 77.718154273418563, 13.062852773594773 ], [ 77.718142251762629, 13.06175443430806 ], [ 77.718419332796927, 13.061476903139397 ], [ 77.718410316556515, 13.060653148778782 ], [ 77.718687396253358, 13.060375617601713 ], [ 77.718669364188287, 13.058728109050366 ] ] } },
{ "type": "Feature", "properties": { "type": "gap" }, "geometry": { "type": "MultiLineString", "coordinates": [ [ [ 77.579516773052532, 13.065647272897367 ], [ 77.579513920093618, 13.065372657217926 ], [ 77.578953675478246, 13.065378250300693 ], [ 77.578387727351625, 13.064834610307281 ], [ 77.577924939479189, 13.064839228341869 ] ], [ [ 77.576869272923403, 13.063751180646031 ], [ 77.576695596562431, 13.063752912656861 ], [ 77.576412626385135, 13.063481089563178 ], [ 77.576132505555705, 13.0634838824987 ], [ 77.575283599462296, 13.062668409542344 ], [ 77.575003479299099, 13.062671201084219 ], [ 77.574154579497474, 13.061855723160974 ], [ 77.573874460000567, 13.06185851330936 ], [ 77.57274260322248, 13.060771201929098 ], [ 77.572739758850176, 13.060496584676711 ], [ 77.572456796573917, 13.060224755688211 ], [ 77.572453952640558, 13.059950138362334 ], [ 77.572170991355875, 13.059678308876279 ], [ 77.572166488676302, 13.05924344872669 ] ] ] } },
{ "type": "Feature", "properties": { "type": "gap" }, "geometry": { "type": "LineString", "coordinates": [ [ 77.494404924752502, 13.065602974400218 ], [ 77.494625641530604, 13.065382292069454 ], [ 77.494622882460419, 13.065107658245749 ], [ 77.494900263558762, 13.064830319517727 ], [ 77.494894745115758, 13.064281051955936 ], [ 77.494611846810542, 13.064009122886961 ], [ 77.493977929883016, 13.06401524218378 ] ] } },
{ "type": "Feature", "properties": { "type": "gap" }, "geometry": { "type": "LineString", "coordinates": [ [ 77.692126646207328, 13.06504762381117 ], [ 77.692114737509883, 13.063949260992519 ], [ 77.691831665638901, 13.063677588590336 ], [ 77.691828689011587, 13.063402997799528 ], [ 77.691545618135109, 13.063131324891284 ], [ 77.691539665838363, 13.062582143150371 ], [ 77.692093899909878, 13.062027125810101 ], [ 77.692081994207271, 13.060928762705995 ], [ 77.691798926481567, 13.060657089534645 ], [ 77.692353156429618, 13.060102072513081 ], [ 77.692633247146219, 13.060099154413654 ], [ 77.692630270477451, 13.059824563728847 ], [ 77.692907383907837, 13.059547054762335 ], [ 77.692904407066521, 13.059272464128007 ], [ 77.693181519638856, 13.058994955036212 ], [ 77.693172588801531, 13.058171183265237 ], [ 77.694281030030197, 13.057061145759864 ] ] } },
{ "type": "Feature", "properties": { "type": "gap" }, "geometry": { "type": "MultiLineString", "coordinates": [ [ [ 77.570216100047375, 13.066350947659867 ], [ 77.570250027068937, 13.066317005690127 ] ], [ [ 77.56997201617169, 13.063756416120574 ], [ 77.569969830840051, 13.063545250447925 ], [ 77.569686866889583, 13.063273418562172 ], [ 77.569684025329963, 13.062998800701058 ], [ 77.569403903556974, 13.063001586245962 ], [ 77.569126622660747, 13.063278989470202 ], [ 77.568846500448899, 13.063281774469882 ], [ 77.568280575865316, 13.062738107226435 ], [ 77.568279830906775, 13.062666070005278 ] ], [ [ 77.568265008079891, 13.061232618076328 ], [ 77.568260698033512, 13.060815779854526 ] ] ] } },
{ "type": "Feature", "properties": { "type": "gap" }, "geometry": { "type": "MultiLineString", "coordinates": [ [ [ 77.538552320226799, 13.069724905055102 ], [ 77.538377369204767, 13.06989988761257 ], [ 77.538097232781823, 13.069902640667937 ], [ 77.537819904174569, 13.070180017988799 ], [ 77.537539767314129, 13.070182770497819 ], [ 77.53726243771527, 13.070460147385523 ], [ 77.53677259242555, 13.070464959241214 ] ], [ [ 77.53558792076295, 13.071094096332056 ], [ 77.535590029762901, 13.07130052969786 ], [ 77.535312696570855, 13.071577905095769 ], [ 77.53475241853964, 13.071583404952611 ] ] ] } },
{ "type": "Feature", "properties": { "type": "gap" }, "geometry": { "type": "MultiLineString", "coordinates": [ [ [ 77.53475241853964, 13.071583404952611 ], [ 77.534475083982656, 13.071860779673736 ], [ 77.533634665335242, 13.071869026455376 ], [ 77.533392048628585, 13.071635898490158 ] ], [ [ 77.531965067663307, 13.072987310337988 ], [ 77.531970638288044, 13.073533266407908 ], [ 77.531697805913481, 13.073806130912198 ] ], [ [ 77.531315645549938, 13.077798690482902 ], [ 77.531455187703713, 13.077932772802104 ], [ 77.531463595774738, 13.078756650052357 ], [ 77.531186250362154, 13.079034023236742 ], [ 77.531190331705972, 13.079433954443857 ] ] ] } },
{ "type": "Feature", "properties": { "type": "gap" }, "geometry": { "type": "MultiLineString", "coordinates": [ [ [ 77.529966322064183, 13.080144597679569 ], [ 77.528395962832931, 13.080159986534854 ], [ 77.528076809691228, 13.079853316864826 ] ], [ [ 77.525598947885797, 13.078795808580201 ], [ 77.525580475985478, 13.078814281495905 ], [ 77.525863421817121, 13.079086167103789 ], [ 77.525871812093243, 13.079910047853202 ], [ 77.525594458232078, 13.080187416375921 ], [ 77.525597254873034, 13.080462043332673 ], [ 77.52531990014748, 13.080739411717808 ], [ 77.525322696606793, 13.08101403872125 ], [ 77.525045341016849, 13.081291406968774 ], [ 77.525048137294462, 13.081566034018904 ], [ 77.524770780840058, 13.081843402128776 ], [ 77.524773576935956, 13.082118029225583 ] ] ] } },
{ "type": "Feature", "properties": { "type": "gap" }, "geometry": { "type": "LineString", "coordinates": [ [ 77.524773576935956, 13.082118029225583 ], [ 77.524218861679202, 13.082672764979161 ], [ 77.524009965479465, 13.082674808332863 ] ] } },
{ "type": "Feature", "properties": { "type": "gap" }, "geometry": { "type": "LineString", "coordinates": [ [ 77.52295048719543, 13.082269799235126 ], [ 77.52281250341079, 13.082137208610458 ], [ 77.522535143478791, 13.08241457487531 ], [ 77.521974835436339, 13.082420051481195 ], [ 77.520588022759227, 13.08380687750191 ], [ 77.520307866776008, 13.083809614129825 ], [ 77.520024919511471, 13.083537722385241 ], [ 77.520022128357652, 13.083263094309759 ], [ 77.519739182085345, 13.082991202070723 ], [ 77.519736391368497, 13.082716573923012 ], [ 77.519456236432021, 13.082719309403071 ], [ 77.519173291397635, 13.082447416306822 ], [ 77.518332826943123, 13.082455619838241 ], [ 77.518049883264979, 13.08218372522513 ], [ 77.517769728565185, 13.082186458766049 ] ] } },
{ "type": "Feature", "properties": { "type": "gap" }, "geometry": { "type": "LineString", "coordinates": [ [ 77.517769728565185, 13.082186458766049 ], [ 77.517492361915288, 13.08246382063906 ], [ 77.515531274621878, 13.082482945221917 ], [ 77.514421791384962, 13.083592383967309 ], [ 77.51414163431032, 13.08359511386041 ], [ 77.514138849656007, 13.083320484538966 ], [ 77.513572968055115, 13.082776684397208 ], [ 77.513292811718202, 13.082779413202278 ], [ 77.513015438606871, 13.083056771275199 ], [ 77.512735281833329, 13.083059499532673 ], [ 77.512457907729939, 13.083336857170043 ], [ 77.512177750519797, 13.0833395848799 ], [ 77.511894811131356, 13.083067682484581 ], [ 77.511054339857537, 13.083075862705702 ], [ 77.510499586555341, 13.083630574858349 ], [ 77.505456733487733, 13.083679590043026 ] ] } },
{ "type": "Feature", "properties": { "type": "gap" }, "geometry": { "type": "LineString", "coordinates": [ [ 77.746208268315399, 13.0666752848068 ], [ 77.74649139167164, 13.06694688511752 ], [ 77.747891819896097, 13.066931990781189 ], [ 77.748168865667708, 13.066654433189086 ], [ 77.748729035714561, 13.066648472858795 ], [ 77.749578414099503, 13.067463262550373 ], [ 77.749858499736703, 13.067460280828232 ] ] } },
{ "type": "Feature", "properties": { "type": "gap" }, "geometry": { "type": "LineString", "coordinates": [ [ 77.727168321849504, 13.067426236510277 ], [ 77.72688521465237, 13.067154610925989 ], [ 77.726044942356225, 13.067163480300954 ], [ 77.725761836496659, 13.066891853177568 ], [ 77.725201655101174, 13.066897763845901 ], [ 77.723503035795375, 13.065267987508239 ] ] } },
{ "type": "Feature", "properties": { "type": "gap" }, "geometry": { "type": "LineString", "coordinates": [ [ 77.723503035795375, 13.065267987508239 ], [ 77.722087536692911, 13.063909828524483 ] ] } },
{ "type": "Feature", "properties": { "type": "gap" }, "geometry": { "type": "MultiLineString", "coordinates": [ [ [ 77.621583716255827, 13.069892638509055 ], [ 77.621303598282054, 13.069895481750386 ], [ 77.621020580431264, 13.069623718188803 ], [ 77.620910348986797, 13.069624836829396 ] ], [ [ 77.618419307099899, 13.069375467204107 ], [ 77.618216502822889, 13.069377523165674 ], [ 77.618216702938994, 13.069396494673832 ] ], [ [ 77.61737124518865, 13.068921067074514 ], [ 77.617367461388767, 13.068562218737029 ], [ 77.617087343966617, 13.068565057124861 ], [ 77.616521319919784, 13.068021517945771 ], [ 77.616241202917166, 13.068024355301354 ], [ 77.616238308823384, 13.067749747707094 ], [ 77.61567807523771, 13.06775542138606 ], [ 77.615395065245011, 13.06748364998545 ], [ 77.615392172210534, 13.067209042193337 ], [ 77.615109163210946, 13.066937270291959 ], [ 77.615106270617716, 13.066662662425308 ], [ 77.614823262611196, 13.066390890023188 ], [ 77.614543147065675, 13.066393725191251 ], [ 77.614537363445663, 13.065844509179186 ], [ 77.613971351272369, 13.065300962075767 ], [ 77.61396133484871, 13.064349489739229 ] ] ] } },
{ "type": "Feature", "properties": { "type": "gap" }, "geometry": { "type": "LineString", "coordinates": [ [ 77.738670167645694, 13.068952213419191 ], [ 77.73867622715089, 13.069501373337262 ], [ 77.738959347821734, 13.069772982858348 ], [ 77.738965408360286, 13.070322142608257 ], [ 77.739248530405362, 13.070593751548733 ], [ 77.739257622867228, 13.071417490911557 ], [ 77.7395407466649, 13.071689099200313 ], [ 77.739549840884862, 13.072512838291299 ] ] } },
{ "type": "Feature", "properties": { "type": "gap" }, "geometry": { "type": "LineString", "coordinates": [ [ 77.739549840884862, 13.072512838291299 ], [ 77.740110028208036, 13.072506894023471 ], [ 77.74011912490549, 13.073330632668434 ], [ 77.740685379853076, 13.073873845607087 ], [ 77.740688412980774, 13.074148425000189 ], [ 77.74097154175999, 13.074420030740416 ], [ 77.742091923395748, 13.074408133125043 ], [ 77.742375053751957, 13.074679736956151 ], [ 77.742381124201174, 13.075228894921478 ], [ 77.742947388281578, 13.075772100982777 ], [ 77.742950424367066, 13.076046679813363 ], [ 77.743516691677016, 13.076589883977046 ], [ 77.744356983553061, 13.076580951487308 ], [ 77.745489528467999, 13.077667350135313 ], [ 77.745498646735811, 13.078491084724556 ], [ 77.74578178564586, 13.078762683075473 ], [ 77.746061884924984, 13.078759702939918 ], [ 77.746628165079429, 13.079302897589013 ] ] } },
{ "type": "Feature", "properties": { "type": "gap" }, "geometry": { "type": "LineString", "coordinates": [ [ 77.746628165079429, 13.079302897589013 ], [ 77.746911306084129, 13.079574494254956 ], [ 77.747471505872298, 13.079568530867569 ] ] } },
{ "type": "Feature", "properties": { "type": "gap" }, "geometry": { "type": "LineString", "coordinates": [ [ 77.747471505872298, 13.079568530867569 ], [ 77.749152103569145, 13.079550633430705 ], [ 77.749435247109631, 13.079822226714516 ], [ 77.749995446265103, 13.079816257741518 ] ] } },
{ "type": "Feature", "properties": { "type": "gap" }, "geometry": { "type": "LineString", "coordinates": [ [ 77.468915247853488, 13.07194655713305 ], [ 77.468637826007367, 13.072223874415831 ], [ 77.468357671964384, 13.072226552343297 ], [ 77.465583415765337, 13.074999712090632 ], [ 77.465303257943035, 13.075002387264034 ], [ 77.465025828549031, 13.07527970193013 ], [ 77.4647456702927, 13.075282376555094 ], [ 77.464179898530062, 13.074738444948316 ], [ 77.464177171092089, 13.074463804965292 ], [ 77.462776382892216, 13.07447716963717 ] ] } },
{ "type": "Feature", "properties": { "type": "gap" }, "geometry": { "type": "LineString", "coordinates": [ [ 77.462776382892216, 13.07447716963717 ], [ 77.462496225065351, 13.07447984166177 ], [ 77.46221334196575, 13.074207872987262 ], [ 77.461372868852578, 13.07421588615764 ], [ 77.460524225488967, 13.073399974328531 ], [ 77.459403596764744, 13.073410649975258 ], [ 77.459400874896346, 13.073136008973808 ], [ 77.459117996372129, 13.072864036003628 ] ] } },
{ "type": "Feature", "properties": { "type": "gap" }, "geometry": { "type": "LineString", "coordinates": [ [ 77.459117996372129, 13.072864036003628 ], [ 77.45910711100646, 13.071765471676567 ], [ 77.45854135878534, 13.071221523944859 ], [ 77.45853863834229, 13.070946882718451 ], [ 77.458255763530872, 13.070674908150046 ], [ 77.458533197642709, 13.070397600246483 ], [ 77.458527757191874, 13.069848317748994 ], [ 77.458244883866044, 13.069576342923266 ], [ 77.458239444406658, 13.069027060271576 ], [ 77.45795657244193, 13.068755084891786 ], [ 77.457953853176846, 13.068480443492049 ] ] } },
{ "type": "Feature", "properties": { "type": "gap" }, "geometry": { "type": "MultiLineString", "coordinates": [ [ [ 77.587420287825751, 13.071335732781558 ], [ 77.587417424841547, 13.071061118942207 ], [ 77.587134435295994, 13.070789311490845 ], [ 77.587132781527202, 13.070630660413629 ] ], [ [ 77.587583280882356, 13.067842908661424 ], [ 77.58766319729628, 13.067762946340963 ], [ 77.587943320392426, 13.067760140011323 ], [ 77.588144695754082, 13.067558648228445 ] ], [ [ 77.589715667825885, 13.066264232861281 ], [ 77.58988699172609, 13.066092806879791 ], [ 77.59044723309735, 13.066087189802367 ], [ 77.590495525211495, 13.066038868643584 ] ], [ [ 77.591204877705309, 13.065329086703036 ], [ 77.59127899665917, 13.065254922572789 ], [ 77.592399474121606, 13.065243681880395 ], [ 77.592953977077187, 13.06468883418998 ], [ 77.592951109484375, 13.064414221416966 ], [ 77.593228359791951, 13.064136797345737 ], [ 77.593225492021332, 13.063862184620955 ], [ 77.593502741467717, 13.063584760417305 ], [ 77.594041137442616, 13.063579355806427 ] ] ] } },
{ "type": "Feature", "properties": { "type": "gap" }, "geometry": { "type": "MultiLineString", "coordinates": [ [ [ 77.602284215584604, 13.072834217181271 ], [ 77.602561461069897, 13.072556783433564 ], [ 77.604242211170174, 13.07253983793866 ], [ 77.604519453787333, 13.072262402553779 ], [ 77.60479957819858, 13.072259577002143 ], [ 77.605082585331303, 13.072531361099584 ], [ 77.605922958899527, 13.072522881532775 ], [ 77.60647743901545, 13.071968007676208 ], [ 77.606476392841799, 13.071868400445975 ] ], [ [ 77.608719271632367, 13.070022901366652 ], [ 77.609258462796404, 13.070017454482018 ], [ 77.609612112585637, 13.070357071967202 ] ], [ [ 77.610759830796383, 13.070551557703274 ], [ 77.611896925157865, 13.070540060083234 ] ] ] } },
{ "type": "Feature", "properties": { "type": "gap" }, "geometry": { "type": "MultiLineString", "coordinates": [ [ [ 77.613006848502479, 13.070428738710232 ], [ 77.613737496181628, 13.069697526626204 ], [ 77.613493667742432, 13.069463379881558 ] ], [ [ 77.613995432050856, 13.067588116003179 ], [ 77.613994481337798, 13.067497827058201 ], [ 77.613775633745959, 13.067287667094428 ] ], [ [ 77.613107810649225, 13.063105138004726 ], [ 77.613093442262709, 13.061739554326484 ] ] ] } },
{ "type": "Feature", "properties": { "type": "gap" }, "geometry": { "type": "LineString", "coordinates": [ [ 77.722738066798826, 13.07214143571248 ], [ 77.72329223441092, 13.071586361176745 ] ] } },
{ "type": "Feature", "properties": { "type": "gap" }, "geometry": { "type": "LineString", "coordinates": [ [ 77.72329223441092, 13.071586361176745 ], [ 77.723569317289972, 13.071308823637214 ], [ 77.723503035795375, 13.065267987508239 ] ] } },
{ "type": "Feature", "properties": { "type": "gap" }, "geometry": { "type": "LineString", "coordinates": [ [ 77.738989653284619, 13.072518781347318 ], [ 77.739549840884862, 13.072512838291299 ] ] } },
{ "type": "Feature", "properties": { "type": "gap" }, "geometry": { "type": "MultiLineString", "coordinates": [ [ [ 77.605937378461718, 13.073895930275667 ], [ 77.606657528941128, 13.073888660863553 ] ], [ [ 77.60785289716793, 13.073601951564653 ], [ 77.607895372425915, 13.073601522555942 ], [ 77.60789345691623, 13.07341926725025 ] ], [ [ 77.607934531332049, 13.073284837882408 ], [ 77.608051525304418, 13.073167759464283 ] ], [ [ 77.608220344892715, 13.07309808584157 ], [ 77.608452735931252, 13.073321254072022 ], [ 77.609216046438206, 13.07331354179426 ] ], [ [ 77.610576485762849, 13.072860938604213 ], [ 77.610778711644855, 13.072658562216116 ] ] ] } },
{ "type": "Feature", "properties": { "type": "gap" }, "geometry": { "type": "LineString", "coordinates": [ [ 77.482395518392622, 13.075113282896849 ], [ 77.48128588686069, 13.076222600382282 ], [ 77.48129138041422, 13.076771873141439 ], [ 77.481013970491333, 13.077049202135273 ], [ 77.481019463802667, 13.07759847497303 ], [ 77.480464641114096, 13.078153132590785 ], [ 77.478503532259808, 13.078171969855367 ] ] } },
{ "type": "Feature", "properties": { "type": "gap" }, "geometry": { "type": "LineString", "coordinates": [ [ 77.478503532259808, 13.078171969855367 ], [ 77.478220629882628, 13.07790002269245 ], [ 77.476539678471397, 13.077916154918855 ], [ 77.475984843382534, 13.078470804803649 ], [ 77.475990326182469, 13.079020079680692 ], [ 77.475435487631103, 13.079574729001305 ], [ 77.474595004758754, 13.079582788429756 ], [ 77.474029203812464, 13.079038884196958 ], [ 77.471507756259896, 13.079063039590363 ], [ 77.471224858936978, 13.078791083579596 ] ] } },
{ "type": "Feature", "properties": { "type": "gap" }, "geometry": { "type": "LineString", "coordinates": [ [ 77.471224858936978, 13.078791083579596 ], [ 77.470947433893684, 13.079068404118601 ], [ 77.469826788411282, 13.079079129534739 ], [ 77.469549361261414, 13.079356448899937 ], [ 77.469554830202725, 13.079905726419902 ], [ 77.468999973058388, 13.080460364777531 ], [ 77.469005441261544, 13.08100964247919 ], [ 77.468728011266904, 13.081286961471543 ], [ 77.468736213298911, 13.082110878131502 ], [ 77.468181349970308, 13.082665515846701 ], [ 77.46706068589674, 13.082676232153004 ] ] } },
{ "type": "Feature", "properties": { "type": "gap" }, "geometry": { "type": "LineString", "coordinates": [ [ 77.46706068589674, 13.082676232153004 ], [ 77.465940020824647, 13.082686943604084 ], [ 77.464525540928776, 13.081327127328064 ], [ 77.46424537574056, 13.081329802624472 ], [ 77.463962481865579, 13.081057837729679 ], [ 77.46368231686219, 13.081060512361162 ], [ 77.46311653146347, 13.080516580570716 ] ] } },
{ "type": "Feature", "properties": { "type": "gap" }, "geometry": { "type": "LineString", "coordinates": [ [ 77.46311653146347, 13.080516580570716 ], [ 77.462267858007507, 13.079700679690724 ], [ 77.462259679013059, 13.078876758848089 ], [ 77.461976790214081, 13.078604790843075 ], [ 77.461965887246905, 13.077506229372419 ], [ 77.462243322705817, 13.077228916990336 ], [ 77.462226968640678, 13.075581074902642 ], [ 77.463059266857499, 13.074749137524625 ], [ 77.462776382892216, 13.07447716963717 ] ] } },
{ "type": "Feature", "properties": { "type": "gap" }, "geometry": { "type": "LineString", "coordinates": [ [ 77.537507073347641, 13.073686401053036 ], [ 77.535878586611105, 13.072121653917254 ], [ 77.535598447137431, 13.072124404723018 ], [ 77.535315502053194, 13.071852530163918 ], [ 77.535035362760453, 13.071855280303657 ], [ 77.53475241853964, 13.071583404952611 ] ] } },
{ "type": "Feature", "properties": { "type": "gap" }, "geometry": { "type": "LineString", "coordinates": [ [ 77.474553911190682, 13.07546322204432 ], [ 77.473999075335783, 13.076017867564502 ], [ 77.47400181397532, 13.076292505472139 ], [ 77.473724394873059, 13.076569827994595 ], [ 77.47344423700612, 13.076572512312502 ], [ 77.473166816913178, 13.076849834396889 ], [ 77.473169554812316, 13.077124472460275 ], [ 77.472892133853819, 13.077401794403464 ], [ 77.472900347186055, 13.078225708710974 ], [ 77.471779707167059, 13.078236441921879 ], [ 77.471224858936978, 13.078791083579596 ] ] } },
{ "type": "Feature", "properties": { "type": "gap" }, "geometry": { "type": "LineString", "coordinates": [ [ 77.658054369983532, 13.074737803442579 ], [ 77.659735059584676, 13.074720494163483 ], [ 77.660018118393111, 13.07499220594338 ], [ 77.660572458816063, 13.074437237830699 ], [ 77.660852573003268, 13.07443435104352 ], [ 77.661129741910941, 13.074156866470585 ], [ 77.661409855654441, 13.074153979139975 ], [ 77.662241357538818, 13.073321523595569 ], [ 77.662521470085736, 13.073318635240927 ], [ 77.663087589393058, 13.073862051741921 ], [ 77.663099379032147, 13.074960439903011 ], [ 77.66338244111904, 13.075232147223957 ], [ 77.665063126756976, 13.075214802640254 ], [ 77.665346190912786, 13.07548650733078 ], [ 77.665623354763866, 13.075209018687632 ], [ 77.665903468666201, 13.075206126256692 ], [ 77.665900517996647, 13.074931529860564 ], [ 77.666180631522423, 13.074928637189362 ], [ 77.666463696268607, 13.075200340485539 ], [ 77.667584150664212, 13.075188765306196 ], [ 77.667861311260964, 13.07491127479747 ], [ 77.66870165021956, 13.074902589509945 ], [ 77.668704603980487, 13.07517718527747 ], [ 77.668987671278416, 13.075448885210722 ], [ 77.66954789801494, 13.075443092645868 ], [ 77.669830966414452, 13.075714791411736 ], [ 77.669833921614469, 13.075989386908189 ] ] } },
{ "type": "Feature", "properties": { "type": "gap" }, "geometry": { "type": "LineString", "coordinates": [ [ 77.669833921614469, 13.075989386908189 ], [ 77.670114035432249, 13.075986489742183 ], [ 77.670397105068389, 13.076258187637196 ], [ 77.671237446841474, 13.076249493222443 ], [ 77.673454682863664, 13.074029537226568 ] ] } },
{ "type": "Feature", "properties": { "type": "gap" }, "geometry": { "type": "LineString", "coordinates": [ [ 77.673454682863664, 13.074029537226568 ], [ 77.673731834584345, 13.073752041901006 ], [ 77.673725916677441, 13.073202852560929 ], [ 77.674003067296965, 13.072925357164918 ], [ 77.674283176700911, 13.072922456145648 ], [ 77.67456032632559, 13.072644960326167 ], [ 77.675120544177176, 13.072639156898576 ], [ 77.675674840065327, 13.072084163749437 ], [ 77.675391771490879, 13.071812471767153 ], [ 77.677054645133325, 13.07014748969836 ], [ 77.677048721568354, 13.069598301702905 ], [ 77.677325864529735, 13.069320804163121 ], [ 77.677308094011778, 13.067673240360806 ], [ 77.677585234907667, 13.067395742977476 ], [ 77.677558581529354, 13.06492439734596 ], [ 77.677835719636676, 13.064646900289048 ], [ 77.677821980846858, 13.063372921994576 ] ] } },
{ "type": "Feature", "properties": { "type": "gap" }, "geometry": { "type": "MultiLineString", "coordinates": [ [ [ 77.678201748818879, 13.062059922030347 ], [ 77.678366300923031, 13.061895154871808 ], [ 77.678363527440212, 13.061637979575076 ] ], [ [ 77.678391493190475, 13.061592370560044 ], [ 77.678640473677774, 13.061343063902005 ], [ 77.678605307895722, 13.061309310224988 ] ], [ [ 77.677686685939378, 13.060699323104306 ], [ 77.677511211285392, 13.060530892704801 ], [ 77.677496411638145, 13.059157922164246 ], [ 77.677773544682566, 13.058880426296369 ], [ 77.67833373002108, 13.058874621907659 ], [ 77.678371005255485, 13.058837297645429 ] ], [ [ 77.677402331733475, 13.05703166537238 ], [ 77.677472735722517, 13.05696116896247 ], [ 77.677466817420495, 13.056411980597243 ], [ 77.676900720435384, 13.055868593390748 ], [ 77.676897762138552, 13.055593999059289 ], [ 77.67717489280291, 13.055316504406511 ], [ 77.678427753259186, 13.055303527349103 ] ], [ [ 77.679127051318915, 13.054511354314501 ], [ 77.67912663147402, 13.054472412191711 ], [ 77.679076637743961, 13.054424424296087 ] ], [ [ 77.677978032699599, 13.051862493155264 ], [ 77.677976692210493, 13.051738077944734 ], [ 77.67853094316726, 13.051183088126109 ], [ 77.679651278196317, 13.051171481576723 ], [ 77.680205523675113, 13.050616489112315 ] ] ] } },
{ "type": "Feature", "properties": { "type": "gap" }, "geometry": { "type": "LineString", "coordinates": [ [ 77.50963585317713, 13.077633287198763 ], [ 77.509880903649716, 13.077868790096316 ] ] } },
{ "type": "Feature", "properties": { "type": "gap" }, "geometry": { "type": "LineString", "coordinates": [ [ 77.45805450738942, 13.078642171031255 ], [ 77.458331949040044, 13.078364861877683 ], [ 77.458612112131718, 13.07836219359068 ], [ 77.45888955279186, 13.078084883997869 ], [ 77.459169715449733, 13.078082215162121 ], [ 77.459158825356809, 13.076983651320312 ], [ 77.459436264037748, 13.076706341494658 ], [ 77.459414484860417, 13.074509213917219 ], [ 77.459691920945502, 13.074231904310546 ], [ 77.459126161049468, 13.073687959181886 ], [ 77.459117996372129, 13.072864036003628 ] ] } },
{ "type": "Feature", "properties": { "type": "gap" }, "geometry": { "type": "LineString", "coordinates": [ [ 77.69085418431888, 13.076869621341441 ], [ 77.690013853998963, 13.076878379977137 ], [ 77.689730766335018, 13.076606707929601 ], [ 77.688330215647184, 13.076621297761273 ], [ 77.687764044585762, 13.076077948692534 ], [ 77.686923714804337, 13.076086696755736 ], [ 77.686640630924614, 13.075815020467722 ], [ 77.685520191229656, 13.075826678843177 ], [ 77.685243053407063, 13.076104184698723 ], [ 77.68412261111736, 13.076115837265567 ] ] } },
{ "type": "Feature", "properties": { "type": "gap" }, "geometry": { "type": "LineString", "coordinates": [ [ 77.68412261111736, 13.076115837265567 ], [ 77.683282278687372, 13.076124573508228 ], [ 77.682999197943843, 13.075852892457485 ], [ 77.682990288957569, 13.075029114842213 ], [ 77.682707209963255, 13.074757433146292 ], [ 77.68270424081382, 13.074482840525176 ], [ 77.682421162814677, 13.074211158323552 ], [ 77.681580835655126, 13.074219887783192 ], [ 77.681303694002381, 13.074497389940605 ], [ 77.680737541035185, 13.073954021438903 ], [ 77.680734574252909, 13.073679428355931 ], [ 77.679885350569108, 13.072864372125347 ], [ 77.679876454020572, 13.072040592210637 ], [ 77.679593381826038, 13.071768905719868 ], [ 77.679313274944406, 13.071771812243981 ], [ 77.679030203609244, 13.071500124951305 ], [ 77.679018346743618, 13.070401750831273 ], [ 77.679298452147876, 13.070398844925844 ], [ 77.679295487791819, 13.070124251442762 ], [ 77.679012418717249, 13.069852563732345 ], [ 77.679009454805666, 13.069577970173155 ], [ 77.678726386725799, 13.069306281957424 ], [ 77.678723423258688, 13.069031688322136 ], [ 77.678443319263891, 13.069034593306018 ], [ 77.678160252419914, 13.068762904218962 ], [ 77.678099597108144, 13.063139923215424 ] ] } },
{ "type": "Feature", "properties": { "type": "gap" }, "geometry": { "type": "MultiLineString", "coordinates": [ [ [ 77.651080815808811, 13.077555804933606 ], [ 77.651073848079093, 13.076903851606783 ] ], [ [ 77.649663601587363, 13.075922576166407 ], [ 77.649382498381343, 13.075925461250371 ], [ 77.648306872120173, 13.074892866892569 ] ], [ [ 77.647319342868713, 13.072857680026479 ], [ 77.647106391954836, 13.072653242785597 ], [ 77.647102865724136, 13.07232268196071 ] ] ] } },
{ "type": "Feature", "properties": { "type": "gap" }, "geometry": { "type": "MultiLineString", "coordinates": [ [ [ 77.646511829049217, 13.069908130581938 ], [ 77.646233837542297, 13.069641246749887 ], [ 77.646229712281283, 13.069254309804109 ] ], [ [ 77.644897105018444, 13.065368194024854 ], [ 77.644503434873599, 13.064990238857893 ], [ 77.64450051024086, 13.064715637460088 ], [ 77.644576137963327, 13.064639931620427 ] ], [ [ 77.644457738897501, 13.060699006204445 ], [ 77.644439108398586, 13.058949006612872 ] ] ] } },
{ "type": "Feature", "properties": { "type": "gap" }, "geometry": { "type": "LineString", "coordinates": [ [ 77.491684712166048, 13.079418376733949 ], [ 77.491407313552671, 13.079695715304513 ], [ 77.490846998241921, 13.079701123260771 ], [ 77.490849756324153, 13.079975757567933 ], [ 77.490294955258179, 13.080530433258124 ], [ 77.490014796453977, 13.080533136350589 ], [ 77.489737394620221, 13.080810473662437 ], [ 77.4872159591973, 13.080834785640006 ], [ 77.486933045452346, 13.080562850344595 ], [ 77.486652885892809, 13.080565549796486 ], [ 77.486369973013325, 13.080293613712049 ], [ 77.485529494696991, 13.08030170916147 ], [ 77.485246583176121, 13.080029771564131 ], [ 77.484966423858168, 13.080032469078558 ], [ 77.484683513202754, 13.079760530692342 ], [ 77.484403354068547, 13.079763227541456 ], [ 77.483837535107511, 13.079219348764498 ], [ 77.483557376403652, 13.079222044586425 ], [ 77.482142841063649, 13.077862338365179 ], [ 77.481862683530011, 13.077865032074449 ], [ 77.48130786258109, 13.078419691265427 ], [ 77.478786435255785, 13.078443916591709 ], [ 77.478503532259808, 13.078171969855367 ] ] } },
{ "type": "Feature", "properties": { "type": "gap" }, "geometry": { "type": "MultiLineString", "coordinates": [ [ [ 77.623634553480173, 13.078385508386587 ], [ 77.623354426386697, 13.078388355665654 ], [ 77.622222305336848, 13.077301317500959 ], [ 77.621942179148732, 13.0773041630168 ], [ 77.621659150675441, 13.077032402027493 ], [ 77.621379024663952, 13.077035246875193 ], [ 77.621217111508003, 13.076879778746822 ] ], [ [ 77.614089889012348, 13.076555282134406 ], [ 77.614078363288669, 13.075461459157351 ], [ 77.613795344247677, 13.075189687474918 ], [ 77.613789558251284, 13.074640471506237 ], [ 77.613506540579237, 13.074368699254897 ], [ 77.613501263226553, 13.073867677528092 ] ], [ [ 77.613485730715112, 13.072392929375068 ], [ 77.613483402239638, 13.072171834577516 ], [ 77.613029442781439, 13.071735905098167 ] ] ] } },
{ "type": "Feature", "properties": { "type": "gap" }, "geometry": { "type": "MultiLineString", "coordinates": [ [ [ 77.551642552894052, 13.079381905356422 ], [ 77.552751823687444, 13.07827233998418 ], [ 77.553031966348826, 13.078269569303767 ], [ 77.553096472560725, 13.078205045420139 ] ], [ [ 77.557889260070823, 13.073827110125633 ], [ 77.558309354211744, 13.073822948118528 ], [ 77.559420303271708, 13.072711629404855 ] ], [ [ 77.559874971685048, 13.072256805968991 ], [ 77.559973173492097, 13.072158570394263 ], [ 77.560253307668859, 13.072155793156519 ], [ 77.560253700339771, 13.072193854896044 ] ], [ [ 77.560824694992064, 13.073227740234152 ], [ 77.56082491145969, 13.07324871606774 ], [ 77.560898236067274, 13.073247988861688 ] ] ] } },
{ "type": "Feature", "properties": { "type": "gap" }, "geometry": { "type": "MultiLineString", "coordinates": [ [ [ 77.562419002470776, 13.072061152752518 ], [ 77.562399472966675, 13.072042391368655 ] ], [ [ 77.562665734329499, 13.068286800819639 ], [ 77.563014944702658, 13.068283336024349 ], [ 77.563292238218267, 13.068005937161498 ], [ 77.563289402662178, 13.06773131801844 ], [ 77.563006438961551, 13.067459478413941 ], [ 77.563003603844152, 13.067184859197617 ], [ 77.562723475879025, 13.067187638379197 ], [ 77.562481659646124, 13.066955326933547 ] ], [ [ 77.562438978642703, 13.06676709612767 ], [ 77.562432010499791, 13.066091939845 ], [ 77.562376921251911, 13.066039015543259 ] ] ] } },
{ "type": "Feature", "properties": { "type": "gap" }, "geometry": { "type": "LineString", "coordinates": [ [ 77.502058797479606, 13.080141997486473 ], [ 77.502907579361235, 13.080957743612336 ], [ 77.50291312283268, 13.081507007094606 ], [ 77.503193279969736, 13.081504289811022 ], [ 77.503476209493087, 13.081776203837558 ], [ 77.503756366812965, 13.081773485888174 ], [ 77.503759139635406, 13.082048117436269 ], [ 77.504042070396665, 13.082320030607129 ], [ 77.504044843655237, 13.082594662083379 ], [ 77.504327775408299, 13.08286657476094 ], [ 77.504330549103059, 13.083141206165351 ], [ 77.504613481847969, 13.08341311834957 ], [ 77.504616255978959, 13.083687749682127 ], [ 77.504899189715772, 13.083959661372974 ], [ 77.504901964283007, 13.084234292633669 ] ] } },
{ "type": "Feature", "properties": { "type": "gap" }, "geometry": { "type": "LineString", "coordinates": [ [ 77.534654089278931, 13.082224141102111 ], [ 77.534304360070607, 13.08257391087515 ] ] } },
{ "type": "Feature", "properties": { "type": "gap" }, "geometry": { "type": "MultiLineString", "coordinates": [ [ [ 77.534304360070607, 13.08257391087515 ], [ 77.533749669226168, 13.083128663418321 ], [ 77.533469516866262, 13.083131414187681 ], [ 77.53318655880652, 13.082859539370837 ], [ 77.533178142283802, 13.082035663483902 ], [ 77.532895185963611, 13.08176378803944 ], [ 77.532892380957705, 13.08148916266482 ], [ 77.532556946279044, 13.081492454707007 ] ], [ [ 77.531923328594686, 13.081224018908594 ], [ 77.531488823445429, 13.081228281456481 ], [ 77.531486020114798, 13.080953655770593 ], [ 77.531057842176125, 13.080542237336598 ] ] ] } },
{ "type": "Feature", "properties": { "type": "gap" }, "geometry": { "type": "MultiLineString", "coordinates": [ [ [ 77.590643046023857, 13.082540177465146 ], [ 77.590619261373263, 13.082563975443779 ], [ 77.590620926449688, 13.082723345240261 ] ], [ [ 77.590625885627546, 13.083197991502672 ], [ 77.590626422666602, 13.083249390747484 ] ], [ [ 77.590409186672844, 13.085549004976251 ], [ 77.59009340943129, 13.085864955655923 ], [ 77.590096278734876, 13.086139568598067 ], [ 77.58981900443591, 13.08641699413506 ], [ 77.589821873560993, 13.086691607125355 ], [ 77.589544598399016, 13.086969032529147 ], [ 77.58982761200771, 13.087240833086588 ], [ 77.589829326218648, 13.08740489511381 ] ], [ [ 77.590961133833119, 13.088467805013003 ], [ 77.590964210566113, 13.088762110777783 ] ] ] } },
{ "type": "Feature", "properties": { "type": "gap" }, "geometry": { "type": "MultiLineString", "coordinates": [ [ [ 77.594587850507239, 13.091587249713807 ], [ 77.59616592016998, 13.091571367119148 ] ], [ [ 77.604207339075757, 13.095892135736115 ], [ 77.604211206981361, 13.096260019410265 ] ], [ [ 77.603827285746007, 13.097652211950621 ], [ 77.603667163908213, 13.09781243392017 ], [ 77.60368159985147, 13.099185482455789 ], [ 77.603404331858755, 13.09946292225454 ], [ 77.603407219001056, 13.099737531997185 ] ] ] } },
{ "type": "Feature", "properties": { "type": "gap" }, "geometry": { "type": "LineString", "coordinates": [ [ 77.520557316063645, 13.080785969696242 ], [ 77.519725229138473, 13.081618061268003 ], [ 77.518044305990955, 13.081634468172311 ], [ 77.518047094596128, 13.081909096701933 ], [ 77.517769728565185, 13.082186458766049 ] ] } },
{ "type": "Feature", "properties": { "type": "gap" }, "geometry": { "type": "MultiLineString", "coordinates": [ [ [ 77.63990519422974, 13.080416664362819 ], [ 77.640182396441418, 13.080139196665515 ], [ 77.640181325612616, 13.080038610554809 ] ], [ [ 77.64317563271851, 13.07575539141493 ], [ 77.643771337006143, 13.075159093119614 ], [ 77.644051455836021, 13.075156224392906 ], [ 77.64432864780116, 13.074878754142274 ], [ 77.64432572107016, 13.074604152914993 ], [ 77.644486187361323, 13.074443525049066 ] ], [ [ 77.645220560555316, 13.072598283413404 ], [ 77.645699959310377, 13.072118395311126 ], [ 77.645839071272434, 13.072116969955957 ] ] ] } },
{ "type": "Feature", "properties": { "type": "gap" }, "geometry": { "type": "LineString", "coordinates": [ [ 77.740475057180788, 13.080192144699049 ], [ 77.74075515932384, 13.080189169999452 ], [ 77.741032226436005, 13.079911615811605 ], [ 77.741029191543731, 13.079637036619978 ], [ 77.741309292929813, 13.079634061443308 ], [ 77.741875567202939, 13.080177268169715 ], [ 77.742155668999388, 13.080174291954451 ], [ 77.742432734218966, 13.079896736573991 ], [ 77.742992936846747, 13.07989078275706 ], [ 77.743270000690856, 13.079613226719237 ], [ 77.744110302976608, 13.079604293004998 ], [ 77.744387365066686, 13.079326736071462 ], [ 77.744667465311252, 13.079323757322038 ], [ 77.74494452640441, 13.079046199969788 ], [ 77.745504725928157, 13.079040241084781 ], [ 77.745787865595361, 13.079311839293247 ], [ 77.746628165079429, 13.079302897589013 ] ] } },
{ "type": "Feature", "properties": { "type": "gap" }, "geometry": { "type": "MultiLineString", "coordinates": [ [ [ 77.567919242295332, 13.081966939723658 ], [ 77.567918661823782, 13.081910885969467 ] ], [ [ 77.565926967131858, 13.078964260220676 ], [ 77.565924826337721, 13.078757321268794 ] ], [ [ 77.564986906724926, 13.078062599447556 ], [ 77.564512081468308, 13.077606472963838 ], [ 77.564508759615777, 13.077285154008226 ] ] ] } },
{ "type": "Feature", "properties": { "type": "gap" }, "geometry": { "type": "MultiLineString", "coordinates": [ [ [ 77.564465794018773, 13.074323275984055 ], [ 77.564478017002088, 13.074311048424351 ], [ 77.564376162847452, 13.074213203102376 ] ], [ [ 77.563239928801366, 13.073937362221887 ], [ 77.563071664551131, 13.073775718614895 ], [ 77.562791529167043, 13.073778499246213 ], [ 77.562784631370661, 13.073110622602139 ] ] ] } },
{ "type": "Feature", "properties": { "type": "gap" }, "geometry": { "type": "LineString", "coordinates": [ [ 77.567324367309723, 13.078631327462519 ], [ 77.567321998649959, 13.078402480528943 ], [ 77.567321548914919, 13.078402048514787 ] ] } },
{ "type": "Feature", "properties": { "type": "gap" }, "geometry": { "type": "LineString", "coordinates": [ [ 77.747486716584106, 13.080941419323494 ], [ 77.74720357320669, 13.080669823749572 ], [ 77.747200531304046, 13.080395246000169 ] ] } },
{ "type": "Feature", "properties": { "type": "gap" }, "geometry": { "type": "LineString", "coordinates": [ [ 77.747200531304046, 13.080395246000169 ], [ 77.747477589948588, 13.080117686269503 ], [ 77.747471505872298, 13.079568530867569 ] ] } },
{ "type": "Feature", "properties": { "type": "gap" }, "geometry": { "type": "LineString", "coordinates": [ [ 77.696787237385564, 13.081476253312498 ], [ 77.696227009587858, 13.081482107596901 ], [ 77.695949881036555, 13.081759623757776 ], [ 77.695109537696254, 13.081768402191255 ], [ 77.694555276473238, 13.082323432526824 ], [ 77.693995045729153, 13.082329282340833 ], [ 77.693440780521996, 13.082884310986513 ], [ 77.692600431630382, 13.082893081994694 ], [ 77.69231733349541, 13.082621414784693 ], [ 77.691476984714598, 13.082630181963589 ], [ 77.691193887921941, 13.082358513216931 ] ] } },
{ "type": "Feature", "properties": { "type": "gap" }, "geometry": { "type": "LineString", "coordinates": [ [ 77.691193887921941, 13.082358513216931 ], [ 77.690913771766759, 13.08236143463675 ], [ 77.690630675833944, 13.082089765086863 ], [ 77.690350559851979, 13.082092685836802 ], [ 77.689784370324602, 13.08154934469416 ], [ 77.689504254757097, 13.081552264407636 ], [ 77.689227117148661, 13.081829774814333 ], [ 77.688666885055028, 13.08183561285194 ], [ 77.688383791807013, 13.081563940229369 ], [ 77.688103675899498, 13.081566858426756 ], [ 77.687820583511339, 13.081295185001188 ], [ 77.687808678540478, 13.080196819657321 ], [ 77.687528564043333, 13.080199736931563 ], [ 77.686396207676623, 13.079113036282358 ], [ 77.686390259234969, 13.078563852886255 ], [ 77.685541000716441, 13.077748822399647 ], [ 77.684700663739662, 13.077757564327717 ], [ 77.684417579527462, 13.077485885527208 ], [ 77.684405693203018, 13.076387516781219 ], [ 77.68412261111736, 13.076115837265567 ] ] } },
{ "type": "Feature", "properties": { "type": "gap" }, "geometry": { "type": "MultiLineString", "coordinates": [ [ [ 77.543852017168049, 13.084677171577367 ], [ 77.543564457865614, 13.084680006655047 ] ], [ [ 77.542774162714935, 13.085200337623883 ], [ 77.542737042441644, 13.085237464363615 ], [ 77.542176736814412, 13.085242985975214 ], [ 77.541344723650781, 13.086075136569306 ], [ 77.540224107138897, 13.086086173228473 ], [ 77.539669425610498, 13.086640937392071 ], [ 77.539109115473792, 13.086646452926406 ], [ 77.539103489598901, 13.086097205032164 ], [ 77.53882052252176, 13.08582533820781 ], [ 77.538817710054431, 13.085550714184775 ], [ 77.537685849431483, 13.084463242326796 ], [ 77.537683038523255, 13.08418861803232 ], [ 77.536551189299203, 13.083101139037636 ], [ 77.535710733950665, 13.083109399537545 ], [ 77.53514481452433, 13.082565655284721 ], [ 77.534304360070607, 13.08257391087515 ] ] ] } },
{ "type": "Feature", "properties": { "type": "gap" }, "geometry": { "type": "LineString", "coordinates": [ [ 77.624047520350246, 13.089350282274983 ], [ 77.623753701221119, 13.089644338302527 ] ] } },
{ "type": "Feature", "properties": { "type": "gap" }, "geometry": { "type": "MultiLineString", "coordinates": [ [ [ 77.623753701221119, 13.089644338302527 ], [ 77.623470654381578, 13.089372582576571 ], [ 77.623467747387764, 13.089097977029871 ], [ 77.622851915673508, 13.089104240453848 ] ], [ [ 77.620880914655245, 13.089124276984084 ], [ 77.620386212246586, 13.089129303597968 ], [ 77.620197895487266, 13.088948493806472 ] ], [ [ 77.618886282208948, 13.087689153422925 ], [ 77.618687962518081, 13.087498735622932 ], [ 77.618518971667527, 13.087667856454942 ] ], [ [ 77.616028615347702, 13.08834962986773 ], [ 77.615895269488732, 13.088350982286311 ], [ 77.615882887534269, 13.088339093458615 ] ], [ [ 77.61403861060667, 13.087545894691278 ], [ 77.612805040192413, 13.087558392919108 ], [ 77.612522005847893, 13.087286622406541 ], [ 77.612520585346189, 13.087151851859106 ] ], [ [ 77.612508945931722, 13.086047501797021 ], [ 77.61248130577782, 13.083424591428859 ] ], [ [ 77.612464723683274, 13.081850759897991 ], [ 77.612446084763363, 13.080081465771968 ] ] ] } },
{ "type": "Feature", "properties": { "type": "gap" }, "geometry": { "type": "LineString", "coordinates": [ [ 77.715033581573749, 13.084854935132963 ], [ 77.715316702624762, 13.085126571985576 ], [ 77.715876929775746, 13.085120674674421 ], [ 77.716431138882243, 13.084565606677117 ], [ 77.716991364246311, 13.084559707195844 ], [ 77.717274486603813, 13.084831341548009 ], [ 77.717551589335528, 13.084553806501519 ], [ 77.717831701777044, 13.084550855699465 ], [ 77.718397948554369, 13.085094121762044 ] ] } },
{ "type": "Feature", "properties": { "type": "gap" }, "geometry": { "type": "LineString", "coordinates": [ [ 77.718397948554369, 13.085094121762044 ], [ 77.718678061408326, 13.085091169922071 ], [ 77.719232262953483, 13.084536097140264 ], [ 77.719226239272061, 13.083986928922176 ], [ 77.718946127792933, 13.083989881112378 ], [ 77.718663005126103, 13.083718248752374 ], [ 77.718659994075935, 13.083443664498903 ], [ 77.71837687240577, 13.083172031630431 ], [ 77.718367840801889, 13.082348278619229 ], [ 77.718644939856375, 13.082070743133897 ], [ 77.718925049239218, 13.082067791695447 ], [ 77.718919027414159, 13.081518623232023 ], [ 77.7191961249911, 13.081241087441128 ], [ 77.71919311394123, 13.080966503257221 ], [ 77.720024402239801, 13.080133894968199 ], [ 77.720021390537354, 13.079859310950528 ], [ 77.719738272579008, 13.079587679000717 ], [ 77.719729239018292, 13.078763926696825 ], [ 77.720006333056872, 13.078486390764526 ], [ 77.720003321767138, 13.078211806707801 ], [ 77.72028342647711, 13.078208854650804 ], [ 77.720280414946998, 13.077934270651667 ], [ 77.720557507508531, 13.077656734414141 ], [ 77.720554495806851, 13.077382150466104 ], [ 77.72083158750975, 13.077104614104805 ], [ 77.721111690776738, 13.077101661394973 ], [ 77.721388781483427, 13.076824124613376 ], [ 77.721668884303654, 13.076821171361518 ], [ 77.72305432667379, 13.075433483539628 ], [ 77.723051312740665, 13.07515890011679 ], [ 77.723328399119879, 13.074881362066384 ], [ 77.72329223441092, 13.071586361176745 ] ] } },
{ "type": "Feature", "properties": { "type": "gap" }, "geometry": { "type": "LineString", "coordinates": [ [ 77.694027867858537, 13.085349770867808 ], [ 77.693747748981579, 13.085352696018321 ], [ 77.693464646484628, 13.085081030904968 ], [ 77.693455696237748, 13.084257260984284 ], [ 77.693172595491944, 13.083985595224258 ], [ 77.692332242684088, 13.083994366084225 ], [ 77.692329260710167, 13.083719775837313 ], [ 77.692046161684203, 13.083448108470449 ], [ 77.692043180155792, 13.083173518147101 ], [ 77.691763063276881, 13.083176440666946 ], [ 77.691196868318187, 13.082633103750073 ], [ 77.691193887921941, 13.082358513216931 ] ] } },
{ "type": "Feature", "properties": { "type": "gap" }, "geometry": { "type": "LineString", "coordinates": [ [ 77.74277054694592, 13.085110755853137 ], [ 77.743610868202808, 13.085101820078926 ], [ 77.74388793584717, 13.084824262459582 ], [ 77.743881857450376, 13.084275105597124 ], [ 77.743315568461043, 13.083731906154568 ], [ 77.743312530124072, 13.0834573275712 ], [ 77.744152845397309, 13.083448391141349 ], [ 77.744149806201904, 13.083173812745432 ], [ 77.74386666267273, 13.082902213326822 ], [ 77.743863623925378, 13.082627634853198 ], [ 77.744143728019267, 13.082624655934033 ], [ 77.744697856856845, 13.082069540607332 ], [ 77.745258063321813, 13.082063580905427 ], [ 77.745255023236453, 13.08178900273562 ], [ 77.745809147605883, 13.081233885850036 ], [ 77.746089249667691, 13.081230905132097 ], [ 77.746366310546094, 13.080953346180459 ], [ 77.7463632695016, 13.08067876824339 ], [ 77.746643370806098, 13.080675787048589 ], [ 77.746920430447673, 13.080398227736509 ], [ 77.747200531304046, 13.080395246000169 ] ] } },
{ "type": "Feature", "properties": { "type": "gap" }, "geometry": { "type": "MultiLineString", "coordinates": [ [ [ 77.586808059585351, 13.087059478137682 ], [ 77.587026162439841, 13.087268944241218 ], [ 77.587029028666123, 13.087543557822256 ], [ 77.58730917422703, 13.087540748011341 ], [ 77.587592186633316, 13.087812551349591 ], [ 77.587872332372868, 13.087809740870769 ], [ 77.588017648586685, 13.087949300943885 ] ], [ [ 77.588926087409874, 13.089637323526192 ], [ 77.589012995719727, 13.089720787773343 ], [ 77.589015864702148, 13.089995400869329 ], [ 77.589298881948437, 13.090267201413479 ], [ 77.589303022202216, 13.0906634350243 ] ] ] } },
{ "type": "Feature", "properties": { "type": "gap" }, "geometry": { "type": "MultiLineString", "coordinates": [ [ [ 77.526637954348445, 13.086628861018413 ], [ 77.526499270543269, 13.0864956048817 ], [ 77.526496471568109, 13.086220978244791 ], [ 77.525930560126696, 13.085677211481713 ], [ 77.525928720598657, 13.085496671094356 ] ], [ [ 77.525398770915643, 13.084894289108783 ], [ 77.525361853744187, 13.084858816095586 ], [ 77.52536168043423, 13.084841801775733 ] ], [ [ 77.525013422775885, 13.084312917587852 ], [ 77.524795948002264, 13.084315045769022 ], [ 77.524621307050566, 13.084147235075095 ] ], [ [ 77.524332926809052, 13.083054310959163 ], [ 77.523975661167995, 13.082711013977486 ] ] ] } },
{ "type": "Feature", "properties": { "type": "gap" }, "geometry": { "type": "LineString", "coordinates": [ [ 77.479448362668137, 13.088600090461091 ], [ 77.479170939527904, 13.088877419978953 ], [ 77.478610598254775, 13.088882805095601 ], [ 77.478055748626687, 13.089437462571308 ], [ 77.478061240773314, 13.089986736119121 ], [ 77.477783814536167, 13.090264064671247 ], [ 77.477503642068996, 13.090266756155442 ], [ 77.477226214840016, 13.090544084269137 ], [ 77.47582534970222, 13.090557535909515 ], [ 77.47554243304414, 13.09028558804331 ], [ 77.474701913951066, 13.090293654298007 ], [ 77.474147051426499, 13.090848305426759 ], [ 77.473866877525609, 13.090850993080453 ], [ 77.473583962225007, 13.09057904274519 ], [ 77.473581220950479, 13.090304405053477 ], [ 77.473015392952206, 13.089760502973606 ], [ 77.47273522003988, 13.089763189179557 ], [ 77.472457786975539, 13.090040513019591 ], [ 77.472174874027559, 13.089768560680611 ], [ 77.471897440218697, 13.090045884029966 ], [ 77.471056919614441, 13.090053938268342 ], [ 77.470779484069425, 13.090331260688103 ], [ 77.470219135942884, 13.090336628171457 ] ] } },
{ "type": "Feature", "properties": { "type": "gap" }, "geometry": { "type": "LineString", "coordinates": [ [ 77.470219135942884, 13.090336628171457 ], [ 77.469653313877032, 13.089792717406265 ], [ 77.469650577126075, 13.089518078879664 ], [ 77.469367667394465, 13.089246122792771 ], [ 77.469364931078161, 13.088971484195167 ], [ 77.469642367248099, 13.088694163261486 ], [ 77.469636894308522, 13.088144886150724 ], [ 77.469353986437682, 13.087872929740779 ], [ 77.469345778613274, 13.087049013832837 ], [ 77.467931254129851, 13.085689224418864 ], [ 77.467928520173672, 13.085414585447159 ], [ 77.468205954990708, 13.085137266413694 ], [ 77.468486123639053, 13.085134586054824 ], [ 77.468469717872779, 13.083486752750145 ], [ 77.467903917377427, 13.082942834414091 ], [ 77.467343584721576, 13.082948192683581 ], [ 77.46706068589674, 13.082676232153004 ] ] } },
{ "type": "Feature", "properties": { "type": "gap" }, "geometry": { "type": "MultiLineString", "coordinates": [ [ [ 77.530268546577645, 13.085909355986679 ], [ 77.530135709385618, 13.085910658793512 ], [ 77.529569792305566, 13.085366901337995 ], [ 77.529566990181138, 13.085092275330885 ], [ 77.529286834694148, 13.085095021966527 ], [ 77.528437965574255, 13.084279381277533 ], [ 77.52815781075995, 13.084282126520572 ], [ 77.527882820331797, 13.084017897856093 ] ], [ [ 77.526219859012826, 13.08241999600415 ], [ 77.526177139530958, 13.082378947356119 ], [ 77.525896986371677, 13.082381689754873 ], [ 77.525614036060361, 13.082109804938412 ], [ 77.524773576935956, 13.082118029225583 ] ] ] } },
{ "type": "Feature", "properties": { "type": "gap" }, "geometry": { "type": "LineString", "coordinates": [ [ 77.457322890595236, 13.089635821846951 ], [ 77.45843269752541, 13.088526578766558 ], [ 77.458712872070649, 13.088523908335237 ] ] } },
{ "type": "Feature", "properties": { "type": "gap" }, "geometry": { "type": "LineString", "coordinates": [ [ 77.458712872070649, 13.088523908335237 ], [ 77.458990321882837, 13.088246596834242 ], [ 77.458987597274188, 13.087971956061777 ], [ 77.459265046219571, 13.087694644418317 ], [ 77.458982148243535, 13.087422674497686 ], [ 77.459259596694011, 13.087145362957381 ], [ 77.459256872024554, 13.086870722217325 ], [ 77.460089212918007, 13.086038786587194 ], [ 77.460086487568546, 13.085764145995526 ], [ 77.459520695957238, 13.085220206996395 ], [ 77.462017685215457, 13.082724395447681 ], [ 77.462012231738981, 13.082175114916792 ], [ 77.463121986668469, 13.081065860713888 ], [ 77.46311653146347, 13.080516580570716 ] ] } },
{ "type": "Feature", "properties": { "type": "gap" }, "geometry": { "type": "MultiLineString", "coordinates": [ [ [ 77.576311584494078, 13.090397267462137 ], [ 77.577532601309656, 13.090385066983043 ], [ 77.577815608916126, 13.090656882401129 ], [ 77.578936213013449, 13.090645678719897 ], [ 77.579213505597863, 13.090368261825841 ], [ 77.579773806505386, 13.090362657678499 ], [ 77.579941262217375, 13.090195125759085 ] ], [ [ 77.581821088132983, 13.090153984520592 ], [ 77.582298019040735, 13.090612038536369 ], [ 77.582303742602036, 13.091161267608555 ], [ 77.582586755487412, 13.091433076630743 ], [ 77.582900921476423, 13.09142993012987 ] ], [ [ 77.583304168011367, 13.091578354639481 ], [ 77.583713085910716, 13.091971080002915 ] ] ] } },
{ "type": "Feature", "properties": { "type": "gap" }, "geometry": { "type": "LineString", "coordinates": [ [ 77.583713085910716, 13.091971080002915 ], [ 77.584273388443975, 13.091965465411706 ], [ 77.584550675126053, 13.091688043634374 ], [ 77.584830825919582, 13.091685235640778 ], [ 77.58511384175354, 13.091957041248147 ], [ 77.585674143632943, 13.091951423621273 ], [ 77.586505996195584, 13.09111915408552 ], [ 77.587346445148441, 13.09111072318516 ], [ 77.587912480331326, 13.091654327676295 ], [ 77.589033079972111, 13.091643079309762 ], [ 77.589040206457099, 13.091635949088001 ] ] } },
{ "type": "Feature", "properties": { "type": "gap" }, "geometry": { "type": "LineString", "coordinates": [ [ 77.660180148059894, 13.090095070593479 ], [ 77.661029390339934, 13.090910191907934 ], [ 77.66158965563325, 13.090904409898029 ], [ 77.661872738115918, 13.091176115399694 ], [ 77.662152870903824, 13.09117322357333 ], [ 77.66270723461362, 13.090618245456518 ], [ 77.662704283882675, 13.090343648669959 ], [ 77.663544678652258, 13.090334970114068 ], [ 77.66353877553523, 13.08978577689809 ], [ 77.663815954604331, 13.089508287009833 ] ] } },
{ "type": "Feature", "properties": { "type": "gap" }, "geometry": { "type": "LineString", "coordinates": [ [ 77.663815954604331, 13.089508287009833 ], [ 77.664093133054408, 13.089230796937224 ], [ 77.664653393151582, 13.089225009004581 ], [ 77.66463863102193, 13.08785202704202 ], [ 77.666301676939497, 13.08618708153894 ], [ 77.666292816114108, 13.085363293297586 ], [ 77.666569987541735, 13.085085801904809 ], [ 77.666567033826198, 13.084811205867744 ], [ 77.666283955895665, 13.084539504997863 ], [ 77.666269190213612, 13.083166524368625 ], [ 77.667655031487712, 13.081779067818532 ], [ 77.667652077344229, 13.081504471955077 ], [ 77.667929243501291, 13.081226980149404 ], [ 77.667923334933079, 13.080677788515819 ], [ 77.669586315984262, 13.07901283449622 ], [ 77.669574493855436, 13.077914452505119 ], [ 77.669851654232403, 13.077636959750732 ], [ 77.669848698627277, 13.077362364293183 ], [ 77.669565627967671, 13.077090665943718 ], [ 77.669559717713398, 13.076541474870366 ], [ 77.669836876882002, 13.076263982398153 ], [ 77.669833921614469, 13.075989386908189 ] ] } },
{ "type": "Feature", "properties": { "type": "gap" }, "geometry": { "type": "MultiLineString", "coordinates": [ [ [ 77.607236898005951, 13.090910394485837 ], [ 77.607234008636681, 13.090635785396159 ], [ 77.607788517882426, 13.090080902346656 ], [ 77.607785628091847, 13.089806293360512 ], [ 77.608062881542352, 13.089528851610213 ], [ 77.608059991574137, 13.089254242672622 ], [ 77.608337244161902, 13.088976800790336 ], [ 77.608331463936224, 13.088427583005796 ], [ 77.608608715417773, 13.088150141046576 ], [ 77.608605825160339, 13.087875532199641 ], [ 77.608883075779289, 13.087598090108507 ], [ 77.608877496877085, 13.087068055034637 ] ], [ [ 77.609149564310641, 13.086298297777011 ], [ 77.6091458730467, 13.085947604049199 ], [ 77.609423121210128, 13.085670161859449 ], [ 77.609421425421289, 13.085509061224194 ] ], [ [ 77.609411528077999, 13.084568766452414 ], [ 77.609408668910248, 13.084297118191934 ], [ 77.609608084902803, 13.084097561465622 ] ], [ [ 77.60983941638446, 13.083033562292044 ], [ 77.609954488897586, 13.082918407854718 ], [ 77.609951598346825, 13.082643799192573 ], [ 77.610228842462888, 13.082366356937884 ], [ 77.610208608752458, 13.080444096507454 ], [ 77.610485850546411, 13.080166654451507 ], [ 77.610482960037118, 13.079892045847828 ], [ 77.610841915551461, 13.079532829605736 ] ], [ [ 77.611305138297737, 13.078153315250182 ], [ 77.611293766946346, 13.077073127560521 ] ], [ [ 77.61125938724966, 13.073806739423139 ], [ 77.611246579200511, 13.072589629428172 ] ] ] } },
{ "type": "Feature", "properties": { "type": "gap" }, "geometry": { "type": "MultiLineString", "coordinates": [ [ [ 77.63973911020534, 13.0911290087761 ], [ 77.640019247981044, 13.091126140987525 ], [ 77.641717640123886, 13.092756536556335 ], [ 77.641997779289568, 13.092753666269708 ], [ 77.64284698444888, 13.093568857090686 ], [ 77.643127124276077, 13.093565985403053 ], [ 77.643370400009587, 13.093799514670232 ] ], [ [ 77.644545753999168, 13.095231308432679 ], [ 77.644548343235755, 13.095473827739324 ], [ 77.644831416953267, 13.095745554466907 ], [ 77.645111558789608, 13.095742680155709 ], [ 77.646526937882115, 13.097101305442015 ], [ 77.646767662873245, 13.09709883375073 ] ], [ [ 77.647091323974493, 13.09747916626424 ], [ 77.64709309385519, 13.097644752512604 ], [ 77.647373237324032, 13.097641875335855 ], [ 77.647656316482554, 13.097913597852749 ], [ 77.647936460127184, 13.097910720006304 ], [ 77.648219540147949, 13.098182441722194 ], [ 77.648222476658077, 13.098457041581698 ], [ 77.649071721567793, 13.099272203912715 ], [ 77.649074659275243, 13.099546803559001 ], [ 77.649357742527712, 13.099818523397028 ], [ 77.650198178559563, 13.099809882169531 ] ] ] } },
{ "type": "Feature", "properties": { "type": "gap" }, "geometry": { "type": "LineString", "coordinates": [ [ 77.685403656886152, 13.090932144104482 ], [ 77.685120554082559, 13.090660469386078 ], [ 77.68511757852167, 13.090385877647565 ], [ 77.684834476714528, 13.090114202422884 ], [ 77.685111627603675, 13.089836694151051 ], [ 77.685108652246541, 13.08956210239305 ], [ 77.685662951684677, 13.089007085412932 ], [ 77.685379851281454, 13.088735410572735 ], [ 77.685373900559512, 13.088186227124835 ], [ 77.685090801529981, 13.087914551708609 ], [ 77.684810677691644, 13.087917467722701 ], [ 77.684244481972371, 13.087374114847691 ] ] } },
{ "type": "Feature", "properties": { "type": "gap" }, "geometry": { "type": "LineString", "coordinates": [ [ 77.684244481972371, 13.087374114847691 ], [ 77.683678288728601, 13.086830760227162 ], [ 77.68339816578856, 13.086833674471398 ], [ 77.682831975503277, 13.086290317372342 ], [ 77.682829003504267, 13.086015725023858 ], [ 77.683106153411245, 13.085738219284268 ], [ 77.683100209133727, 13.085189034681294 ], [ 77.682817116186783, 13.084917355564984 ], [ 77.682811172935146, 13.084368170796587 ], [ 77.682528081361369, 13.084096491104596 ], [ 77.682525110214542, 13.083821898640938 ], [ 77.681964870530251, 13.083827723008541 ], [ 77.681115602101755, 13.083012678907377 ], [ 77.681112632772923, 13.082738086101736 ], [ 77.680829544911219, 13.082466403792724 ], [ 77.680820638462862, 13.081642625127831 ], [ 77.680537552351083, 13.081370942173718 ], [ 77.680534584047649, 13.08109634920277 ], [ 77.680251498931497, 13.08082466574294 ], [ 77.679971381983222, 13.08082757495734 ], [ 77.679688297727111, 13.080555890695113 ], [ 77.679685330554832, 13.080281297515208 ], [ 77.678553001223634, 13.079194555827998 ], [ 77.677152423049776, 13.079209087878271 ], [ 77.676869343470742, 13.078937399535262 ], [ 77.674348300667134, 13.078963534829722 ], [ 77.673782147712586, 13.078420150244419 ], [ 77.673779187575875, 13.078145555687859 ], [ 77.673496112403086, 13.077873862672201 ], [ 77.673454682863664, 13.074029537226568 ] ] } },
{ "type": "Feature", "properties": { "type": "gap" }, "geometry": { "type": "LineString", "coordinates": [ [ 77.682888456377171, 13.09150757075952 ], [ 77.682322254228964, 13.090964214564577 ], [ 77.682042126307451, 13.090967128240253 ], [ 77.682039154083441, 13.090692535812522 ], [ 77.682870617665259, 13.089860017311626 ], [ 77.682858726547835, 13.088761648216446 ], [ 77.684244481972371, 13.087374114847691 ] ] } },
{ "type": "Feature", "properties": { "type": "gap" }, "geometry": { "type": "LineString", "coordinates": [ [ 77.715946139646306, 13.091436124687171 ], [ 77.715663009417398, 13.091164490190906 ], [ 77.715650971820608, 13.090066151023624 ] ] } },
{ "type": "Feature", "properties": { "type": "gap" }, "geometry": { "type": "LineString", "coordinates": [ [ 77.715650971820608, 13.090066151023624 ], [ 77.71759072583869, 13.088123404281207 ], [ 77.717870842302105, 13.088120452646534 ], [ 77.71815397029701, 13.088392084979422 ], [ 77.718431075022721, 13.088114548467143 ], [ 77.718428063181832, 13.087839964253781 ], [ 77.718144935702597, 13.087568332147157 ], [ 77.718132890539167, 13.086469994946309 ], [ 77.718687096002739, 13.085914922545763 ], [ 77.718403970929842, 13.085643290312484 ], [ 77.718397948554369, 13.085094121762044 ] ] } },
{ "type": "Feature", "properties": { "type": "gap" }, "geometry": { "type": "LineString", "coordinates": [ [ 77.71118407912337, 13.091486238168216 ], [ 77.711467205876403, 13.091757878472153 ] ] } },
{ "type": "Feature", "properties": { "type": "gap" }, "geometry": { "type": "LineString", "coordinates": [ [ 77.711467205876403, 13.091757878472153 ], [ 77.71174732787351, 13.091754932680447 ], [ 77.712030455486513, 13.092026572179275 ], [ 77.712307571661952, 13.091749040186716 ], [ 77.712304565736531, 13.09147445465015 ], [ 77.712581681052015, 13.0911969225329 ], [ 77.712861802155686, 13.091193975655299 ], [ 77.712858795748474, 13.090919390233568 ], [ 77.71369915771929, 13.09091054797204 ], [ 77.713982285884171, 13.091182185110636 ], [ 77.715102768514328, 13.091170389711177 ], [ 77.715379879807472, 13.090892855256701 ], [ 77.715373861628066, 13.090343685545067 ], [ 77.715650971820608, 13.090066151023624 ] ] } },
{ "type": "Feature", "properties": { "type": "gap" }, "geometry": { "type": "MultiLineString", "coordinates": [ [ [ 77.549826617897665, 13.093505566611533 ], [ 77.549828429759557, 13.093681611223959 ], [ 77.550111417248573, 13.093953461944787 ], [ 77.550142516128915, 13.096974297261696 ], [ 77.551274488750138, 13.098061692913127 ], [ 77.551834819363847, 13.098056146228025 ], [ 77.552070667652785, 13.098282703769542 ] ], [ [ 77.552120104380265, 13.098550192327513 ], [ 77.55212064460855, 13.098602614237699 ], [ 77.552127111760043, 13.098602550202916 ] ] ] } },
{ "type": "Feature", "properties": { "type": "gap" }, "geometry": { "type": "LineString", "coordinates": [ [ 77.705870749359491, 13.092365904573734 ], [ 77.706150873345976, 13.092362964723366 ], [ 77.70643399689483, 13.092634611427483 ], [ 77.707834617005759, 13.092619905787432 ] ] } },
{ "type": "Feature", "properties": { "type": "gap" }, "geometry": { "type": "LineString", "coordinates": [ [ 77.707834617005759, 13.092619905787432 ], [ 77.708394864570749, 13.092614021407154 ], [ 77.708949107096771, 13.092058963239259 ], [ 77.709229230020398, 13.09205602011469 ], [ 77.709512355842762, 13.092327662849103 ], [ 77.710632847815887, 13.092315885847047 ], [ 77.711187083810714, 13.091760823960415 ], [ 77.711467205876403, 13.091757878472153 ] ] } },
{ "type": "Feature", "properties": { "type": "gap" }, "geometry": { "type": "LineString", "coordinates": [ [ 77.458215186144102, 13.094845988748826 ], [ 77.458770098024502, 13.094291364163437 ], [ 77.458487191616626, 13.094019395064125 ], [ 77.458481741087908, 13.093470113549431 ], [ 77.458198836043707, 13.093198143895393 ], [ 77.458190661833129, 13.092374221382368 ], [ 77.458468115854629, 13.092096909650822 ], [ 77.458459941461072, 13.091272987234948 ], [ 77.45873739412032, 13.090995675463931 ], [ 77.458734669199316, 13.09072103469742 ], [ 77.459012120991531, 13.090443722783847 ], [ 77.459006670841092, 13.089894441334796 ], [ 77.458723770137354, 13.089622471567459 ], [ 77.458712872070649, 13.088523908335237 ] ] } },
{ "type": "Feature", "properties": { "type": "gap" }, "geometry": { "type": "LineString", "coordinates": [ [ 77.473350394484356, 13.095250570504579 ], [ 77.471087045722413, 13.093074958365463 ], [ 77.47052669152572, 13.093080327620978 ], [ 77.470243776213323, 13.092808373459805 ], [ 77.47023830016019, 13.092259096773841 ], [ 77.469955386211893, 13.091987142056862 ], [ 77.469944436344576, 13.090888588349664 ], [ 77.470221873500734, 13.090611266562416 ], [ 77.470219135942884, 13.090336628171457 ] ] } },
{ "type": "Feature", "properties": { "type": "gap" }, "geometry": { "type": "MultiLineString", "coordinates": [ [ [ 77.628929515881367, 13.093798082078459 ], [ 77.62742462990505, 13.092353309484167 ], [ 77.627144487893133, 13.092356163862828 ], [ 77.626861434375499, 13.092084413204889 ], [ 77.627033368321847, 13.091912337576382 ] ], [ [ 77.627080934034609, 13.090936100859304 ], [ 77.626704507714706, 13.090574702633134 ] ], [ [ 77.625568757796529, 13.090175136049194 ], [ 77.624319796757547, 13.090187848453548 ], [ 77.623753701221119, 13.089644338302527 ] ] ] } },
{ "type": "Feature", "properties": { "type": "gap" }, "geometry": { "type": "LineString", "coordinates": [ [ 77.517900853301398, 13.095093994908124 ], [ 77.51706034516144, 13.095102202077529 ], [ 77.516777385540223, 13.09483030867497 ], [ 77.516497216278978, 13.094833043427665 ], [ 77.516219836448343, 13.095110406513589 ], [ 77.515099157272999, 13.09512134150979 ], [ 77.514816199374792, 13.094849445566163 ], [ 77.514536029668037, 13.094852178192962 ], [ 77.514258647223315, 13.095129539568024 ], [ 77.513975690063674, 13.094857642535459 ], [ 77.513695520166081, 13.094860374251153 ], [ 77.512846653143257, 13.094044679492862 ], [ 77.512006145284857, 13.09405286955139 ], [ 77.50945958431879, 13.09160575233898 ], [ 77.509448459765096, 13.090507231732618 ], [ 77.508882567127756, 13.089963422670769 ], [ 77.508322236132457, 13.089968872736238 ], [ 77.507473403298818, 13.089153153755174 ], [ 77.507193238444657, 13.089155877244442 ], [ 77.506915851465905, 13.089433231155533 ], [ 77.50635552082116, 13.089438676734392 ], [ 77.505506695397074, 13.088622949744254 ], [ 77.504946365976323, 13.088628391932993 ], [ 77.504380486441818, 13.088084570348668 ], [ 77.504100322128934, 13.088087290262516 ], [ 77.50381738353687, 13.087815378465731 ], [ 77.503537219406937, 13.087818097713464 ], [ 77.503254281680412, 13.087546185126131 ], [ 77.502974117733444, 13.087548903707777 ], [ 77.502691180872446, 13.087276990329951 ], [ 77.501850689390579, 13.087285143166104 ], [ 77.501001884739765, 13.086469397202684 ], [ 77.500721721524869, 13.086472113120223 ] ] } },
{ "type": "Feature", "properties": { "type": "gap" }, "geometry": { "type": "MultiLineString", "coordinates": [ [ [ 77.579083773458535, 13.092995326339404 ], [ 77.579239232438255, 13.092839798527814 ], [ 77.579519385711492, 13.092836996058729 ], [ 77.579796679501314, 13.092559578244343 ], [ 77.580201325776898, 13.092555529535977 ] ], [ [ 77.582594054541318, 13.092535686735722 ], [ 77.582598204893827, 13.092531534428465 ], [ 77.582878357073866, 13.092528728377168 ], [ 77.582936622715224, 13.09247043514458 ] ], [ [ 77.583563390531154, 13.091972579840762 ], [ 77.583713085910716, 13.091971080002915 ] ] ] } },
{ "type": "Feature", "properties": { "type": "gap" }, "geometry": { "type": "LineString", "coordinates": [ [ 77.540319824069513, 13.095423375792263 ], [ 77.539479329424807, 13.095431656206811 ], [ 77.538924628963699, 13.095986422541529 ], [ 77.538644463205571, 13.095989181584633 ], [ 77.538647277803747, 13.096263805423236 ], [ 77.538367111671576, 13.09626656422247 ], [ 77.536980344707032, 13.09765347455415 ], [ 77.536420008509765, 13.097658988802293 ], [ 77.534755863213846, 13.099323271983268 ], [ 77.534761485338819, 13.099872521173998 ] ] } },
{ "type": "Feature", "properties": { "type": "gap" }, "geometry": { "type": "LineString", "coordinates": [ [ 77.727458233630557, 13.093786140430772 ], [ 77.727735330682748, 13.093508594870499 ], [ 77.728015450856674, 13.093505631029801 ], [ 77.72829254691122, 13.093228085048942 ], [ 77.728572666637589, 13.093225120665609 ], [ 77.728849761694477, 13.092947574264215 ], [ 77.728846737163039, 13.092672992543093 ], [ 77.729406975032546, 13.092667062516409 ], [ 77.729684068472764, 13.092389515513217 ], [ 77.729967212625922, 13.092661131275941 ], [ 77.730527449943096, 13.092655198821697 ], [ 77.731081633175862, 13.092100102721263 ], [ 77.73136477815271, 13.09237171671592 ], [ 77.731644896190943, 13.092368749187678 ], [ 77.731928042027263, 13.092640362375823 ], [ 77.732488278377303, 13.092634425673378 ], [ 77.733054572868753, 13.093177649262085 ], [ 77.733608750247924, 13.092622548627194 ], [ 77.73444910342495, 13.092613637656441 ], [ 77.735015401281771, 13.093156856094932 ], [ 77.735855755278408, 13.093147940185805 ], [ 77.736138905856464, 13.093419547642966 ], [ 77.736419023957268, 13.09341657469842 ], [ 77.736702175394726, 13.093688181348689 ], [ 77.737262411869366, 13.093682233813315 ], [ 77.737265445963516, 13.093956813576055 ], [ 77.737548598879499, 13.094228418980364 ], [ 77.737551633421717, 13.094502998665543 ], [ 77.737834787335615, 13.094774603559779 ], [ 77.738114906568811, 13.094771628471875 ], [ 77.738681216734719, 13.095314836207107 ], [ 77.738684252792268, 13.095589415608069 ], [ 77.739250566192609, 13.09613262144471 ], [ 77.739253603077188, 13.096407200696996 ], [ 77.739536761085063, 13.096678802885505 ], [ 77.740377123831337, 13.096669869892574 ], [ 77.740654206106186, 13.096392312698306 ], [ 77.740934326504046, 13.096389334187995 ], [ 77.740931287761811, 13.096114755323164 ], [ 77.742331887162976, 13.096099858541836 ], [ 77.742334927453243, 13.096374437083607 ], [ 77.742901249374512, 13.096917632922619 ], [ 77.74346149022962, 13.096911670483538 ], [ 77.743738568576006, 13.096634110603212 ], [ 77.744018688520441, 13.096631128689504 ], [ 77.744301850991818, 13.096902724548418 ], [ 77.746262690340387, 13.096881840076209 ], [ 77.746539764896269, 13.096604277807517 ], [ 77.746819884146319, 13.096601292858569 ], [ 77.747669380623208, 13.097416068069736 ], [ 77.747949500524143, 13.09741308171243 ], [ 77.748232667495074, 13.097684672202046 ], [ 77.748512787566639, 13.097681685172883 ], [ 77.748795955396957, 13.097953274854566 ], [ 77.748802051262118, 13.098502428863739 ], [ 77.748524978058356, 13.098779993450343 ], [ 77.74852802585508, 13.099054570503377 ], [ 77.748250951791846, 13.099332134967668 ], [ 77.74853412165713, 13.09960372458985 ], [ 77.748537169662441, 13.09987830162329 ] ] } },
{ "type": "Feature", "properties": { "type": "gap" }, "geometry": { "type": "MultiLineString", "coordinates": [ [ [ 77.558816233187684, 13.095789754228203 ], [ 77.557706931124756, 13.096899353805819 ], [ 77.556866442896649, 13.09690769179017 ], [ 77.556740298895832, 13.09678652072426 ] ], [ [ 77.553871559908231, 13.098238573627325 ], [ 77.553521472788461, 13.098588740088967 ], [ 77.553523539853018, 13.098789208912018 ] ] ] } },
{ "type": "Feature", "properties": { "type": "gap" }, "geometry": { "type": "LineString", "coordinates": [ [ 77.656328957254914, 13.096725851139901 ], [ 77.656606152181411, 13.096448366107973 ], [ 77.656886292130395, 13.096445478857984 ], [ 77.657163486060568, 13.096167993400211 ], [ 77.657446571826711, 13.09643970344719 ], [ 77.657726711574043, 13.096436815286387 ], [ 77.658003904373473, 13.096159329105706 ], [ 77.65828404367663, 13.096156440400341 ], [ 77.658561235479752, 13.09587895379393 ], [ 77.658841374338721, 13.095876064544033 ], [ 77.659395755332994, 13.095321090295123 ], [ 77.659675893370832, 13.09531820025982 ], [ 77.660507459086446, 13.094485736778601 ], [ 77.660504509889648, 13.094211139581009 ], [ 77.662721989278694, 13.091991229292017 ], [ 77.663002122793259, 13.091988336366951 ], [ 77.662999171415962, 13.091713739675583 ], [ 77.663276352934105, 13.091436249874702 ] ] } },
{ "type": "Feature", "properties": { "type": "gap" }, "geometry": { "type": "LineString", "coordinates": [ [ 77.663276352934105, 13.091436249874702 ], [ 77.66383071411299, 13.090881269719674 ], [ 77.663815954604331, 13.089508287009833 ] ] } },
{ "type": "Feature", "properties": { "type": "gap" }, "geometry": { "type": "LineString", "coordinates": [ [ 77.702557189142411, 13.09679456233175 ], [ 77.702834322271201, 13.09651703751482 ], [ 77.703114451654173, 13.096514100046997 ], [ 77.703391583785645, 13.096236574807547 ], [ 77.703379595737005, 13.095138224870199 ], [ 77.703656726284223, 13.094860699676943 ], [ 77.703936853604262, 13.094857761680771 ], [ 77.704213983154247, 13.094580236065131 ], [ 77.704494110027866, 13.094577297525653 ], [ 77.704488114210591, 13.094028123001703 ], [ 77.704765242281013, 13.093750597078195 ], [ 77.705045368089046, 13.093747658122929 ], [ 77.705328492563424, 13.094019305944665 ], [ 77.705605619499821, 13.093741779301917 ], [ 77.706165870636838, 13.093735899266926 ], [ 77.706442996198035, 13.093458371962278 ], [ 77.706723121285847, 13.093455431249836 ], [ 77.707000245849869, 13.093177903523067 ], [ 77.706997245463, 13.092903316805719 ], [ 77.707557494058022, 13.092897434118624 ], [ 77.707834617005759, 13.092619905787432 ] ] } },
{ "type": "Feature", "properties": { "type": "gap" }, "geometry": { "type": "LineString", "coordinates": [ [ 77.67034181243757, 13.097130318645219 ], [ 77.670064635260928, 13.097407815647118 ], [ 77.668944082770793, 13.097419420908704 ], [ 77.668660985560649, 13.097147726160095 ], [ 77.666980156253445, 13.097165122744949 ], [ 77.666413966598, 13.096621727542313 ], [ 77.665853690591462, 13.096627522509216 ], [ 77.665850734972068, 13.096352926556131 ], [ 77.665570597177322, 13.09635582352135 ], [ 77.665004412207182, 13.095812424238439 ], [ 77.664163999872031, 13.095821111114132 ], [ 77.663880909042803, 13.095549409719984 ], [ 77.663875002746181, 13.095000216876095 ], [ 77.663591913290361, 13.094728514907771 ], [ 77.66358896062016, 13.094453918406826 ], [ 77.663022784320418, 13.093910513024866 ], [ 77.663010977329307, 13.092812126402126 ], [ 77.663288159816304, 13.092534636376127 ], [ 77.663276352934105, 13.091436249874702 ] ] } },
{ "type": "Feature", "properties": { "type": "gap" }, "geometry": { "type": "LineString", "coordinates": [ [ 77.477877210996013, 13.099601712834712 ], [ 77.478160142296645, 13.099873655601023 ] ] } },
{ "type": "Feature", "properties": { "type": "gap" }, "geometry": { "type": "LineString", "coordinates": [ [ 77.526913869058731, 13.099674929142678 ], [ 77.5266364986242, 13.099952302222579 ], [ 77.526076152729104, 13.09995779494577 ] ] } }
]
}
