{
"type": "FeatureCollection",
"name": "ghost_drains",
"crs": { "type": "name", "properties": { "name": "urn:ogc:def:crs:OGC:1.3:CRS84" } },
"features": [
{ "type": "Feature", "properties": { "type": "ghost_drain" }, "geometry": { "type": "LineString", "coordinates": [ [ 77.534194624042442, 12.850491843299658 ], [ 77.534191868916864, 12.850217213339002 ], [ 77.533911977095244, 12.85021991648936 ] ] } },
{ "type": "Feature", "properties": { "type": "ghost_drain" }, "geometry": { "type": "LineString", "coordinates": [ [ 77.513773264007, 12.851786932061914 ], [ 77.51209387515695, 12.851803017821901 ], [ 77.511539540145506, 12.852357646836268 ], [ 77.511259641048397, 12.852360326276234 ], [ 77.510694382707129, 12.851816414430273 ], [ 77.510691652823482, 12.8515417795047 ], [ 77.51041175444719, 12.851544457873612 ], [ 77.510134585284135, 12.851821770988472 ], [ 77.509014989678946, 12.851832480530316 ], [ 77.508732362860755, 12.851560521831749 ], [ 77.508172565159299, 12.851565874101471 ], [ 77.507607314305517, 12.851021954009553 ], [ 77.507599135430439, 12.850198047207071 ] ] } },
{ "type": "Feature", "properties": { "type": "ghost_drain" }, "geometry": { "type": "LineString", "coordinates": [ [ 77.738239368363892, 12.850364069761472 ], [ 77.738236391595152, 12.850089485100597 ] ] } },
{ "type": "Feature", "properties": { "type": "ghost_drain" }, "geometry": { "type": "LineString", "coordinates": [ [ 77.585998865098347, 12.85245819466042 ], [ 77.586838513465409, 12.852449916322035 ], [ 77.587121209257035, 12.852721774780113 ], [ 77.587401092153954, 12.852719014379582 ], [ 77.587683788790883, 12.852990872052866 ], [ 77.589083203488457, 12.852977063788817 ], [ 77.591344807969023, 12.855151895481614 ], [ 77.591361718981105, 12.856799600517226 ], [ 77.590807582154696, 12.857354366395448 ], [ 77.591655701276878, 12.858169921783894 ], [ 77.591675438175017, 12.860092243387491 ], [ 77.591398367574413, 12.860369627310856 ], [ 77.591412466126812, 12.861742714253628 ], [ 77.592260604392052, 12.862558264253781 ] ] } },
{ "type": "Feature", "properties": { "type": "ghost_drain" }, "geometry": { "type": "LineString", "coordinates": [ [ 77.592260604392052, 12.862558264253781 ], [ 77.592814746585518, 12.862003493927698 ], [ 77.593654422132602, 12.861995187733848 ], [ 77.593937136556349, 12.862267035220114 ], [ 77.59393995932723, 12.862541652027403 ], [ 77.594788107351022, 12.863357191724299 ], [ 77.594793755303996, 12.863906424915161 ], [ 77.595359191834419, 12.864450115643375 ], [ 77.595362016647456, 12.864724732094349 ], [ 77.595927456346786, 12.865268420980817 ], [ 77.595930281963774, 12.865543037290486 ], [ 77.596210177107906, 12.86554026478394 ], [ 77.59705834303729, 12.866355793632637 ], [ 77.597618134559411, 12.866350245569372 ], [ 77.597900858227987, 12.866622086946668 ], [ 77.599020441439734, 12.866610985804993 ], [ 77.599303166669401, 12.866882825317996 ], [ 77.599305996325455, 12.867157440855445 ], [ 77.59986578862258, 12.867151887654499 ], [ 77.600148515306032, 12.867423725954199 ], [ 77.600151346004779, 12.867698341295267 ], [ 77.600431242597224, 12.867695563826901 ] ] } },
{ "type": "Feature", "properties": { "type": "ghost_drain" }, "geometry": { "type": "LineString", "coordinates": [ [ 77.600431242597224, 12.867695563826901 ], [ 77.601270931981205, 12.867687229632745 ], [ 77.601273763961032, 12.867961844722466 ], [ 77.601556492944383, 12.868233681022229 ], [ 77.60156499038581, 12.869057526050408 ], [ 77.601847721085448, 12.869329361720212 ], [ 77.601856220225727, 12.870153206488318 ], [ 77.602138952641809, 12.870425041528094 ], [ 77.602141786189321, 12.870699656370451 ], [ 77.602424519582868, 12.870971490915425 ], [ 77.602435855907274, 12.872069949950729 ], [ 77.602718591387131, 12.872341783797912 ], [ 77.602721426001864, 12.8726163984732 ], [ 77.604135114369612, 12.873975560961824 ] ] } },
{ "type": "Feature", "properties": { "type": "ghost_drain" }, "geometry": { "type": "LineString", "coordinates": [ [ 77.604135114369612, 12.873975560961824 ], [ 77.604700593973149, 12.874519222966006 ], [ 77.60498049711488, 12.874516439193201 ], [ 77.605545979627564, 12.875060098768454 ], [ 77.605548817939223, 12.875334712766856 ], [ 77.605271752089976, 12.875612111373819 ], [ 77.605283105040044, 12.87671056752384 ], [ 77.606131339311261, 12.877526053540993 ], [ 77.606411245469488, 12.877523267601321 ], [ 77.606688311508265, 12.877245867661223 ], [ 77.606685471520251, 12.876971253952853 ], [ 77.606962536712402, 12.876693853885817 ], [ 77.607242441761102, 12.876691067235122 ], [ 77.607525187578688, 12.87696289381657 ], [ 77.607805092800021, 12.87696010650769 ], [ 77.608653334617202, 12.877775582607027 ], [ 77.608659019311247, 12.878324809119436 ], [ 77.609224518377033, 12.878868457442891 ], [ 77.609504425332673, 12.878865667913482 ], [ 77.609518643439301, 12.88023873309783 ], [ 77.609801395972923, 12.880510555918994 ] ] } },
{ "type": "Feature", "properties": { "type": "ghost_drain" }, "geometry": { "type": "LineString", "coordinates": [ [ 77.609801395972923, 12.880510555918994 ], [ 77.610084149114954, 12.880782378312391 ], [ 77.610364058002446, 12.880779587457347 ], [ 77.610646811991273, 12.881051409062993 ] ] } },
{ "type": "Feature", "properties": { "type": "ghost_drain" }, "geometry": { "type": "LineString", "coordinates": [ [ 77.610646811991273, 12.881051409062993 ], [ 77.611495077608367, 12.881866871312907 ], [ 77.611774987383555, 12.881864078719426 ], [ 77.612623259191963, 12.8826795360383 ], [ 77.612631802662932, 12.883503372871351 ], [ 77.612914562259846, 12.883775190918053 ], [ 77.612917410585425, 12.884049803115104 ], [ 77.612640346726835, 12.884327209647104 ], [ 77.612360434410874, 12.884330003689859 ], [ 77.612371826201198, 12.885428452881184 ], [ 77.612094760410073, 12.885705859214902 ], [ 77.612111848641021, 12.887353533141804 ], [ 77.611834780810298, 12.887630939624501 ], [ 77.612117545244971, 12.887902757733164 ], [ 77.612120393645753, 12.888177370019294 ], [ 77.611566255944425, 12.888732183133575 ], [ 77.611286338495376, 12.888734976966132 ], [ 77.611303425594215, 12.890382651579957 ], [ 77.611586193254595, 12.890654469730205 ], [ 77.611589041705201, 12.890929082075676 ], [ 77.611871810344837, 12.891200899729933 ], [ 77.611880357202892, 12.892024736524485 ], [ 77.613294215091273, 12.89338381735487 ] ] } },
{ "type": "Feature", "properties": { "type": "ghost_drain" }, "geometry": { "type": "LineString", "coordinates": [ [ 77.613294215091273, 12.89338381735487 ], [ 77.61357698849605, 12.893655632236271 ], [ 77.613588394119077, 12.894754079576701 ] ] } },
{ "type": "Feature", "properties": { "type": "ghost_drain" }, "geometry": { "type": "LineString", "coordinates": [ [ 77.613588394119077, 12.894754079576701 ], [ 77.612757175029998, 12.895586306504821 ], [ 77.61276002588454, 12.895860918489525 ], [ 77.612482951397851, 12.896138327156494 ], [ 77.612494354520123, 12.897236775252239 ], [ 77.612777132395635, 12.897508590263936 ], [ 77.612782835093185, 12.898057814137758 ], [ 77.61250575869667, 12.898335223246027 ], [ 77.612574205896721, 12.904925909067066 ] ] } },
{ "type": "Feature", "properties": { "type": "ghost_drain" }, "geometry": { "type": "LineString", "coordinates": [ [ 77.612574205896721, 12.904925909067066 ], [ 77.612582764465628, 12.905749744536495 ], [ 77.613996717389327, 12.907108804782904 ], [ 77.61400242713934, 12.907658027718004 ], [ 77.61428522029496, 12.907929838345582 ], [ 77.614288075639706, 12.908204449735614 ], [ 77.615136459877988, 12.909019878842425 ], [ 77.615142172990616, 12.909569101195553 ], [ 77.615424969698225, 12.909840909904434 ], [ 77.615430683816584, 12.910390132096085 ], [ 77.615713481875957, 12.910661940240233 ], [ 77.615724912388274, 12.911760384275018 ], [ 77.616007712541474, 12.912032191718394 ], [ 77.616016287231588, 12.91285602447349 ], [ 77.617713107640199, 12.914486858902988 ] ] } },
{ "type": "Feature", "properties": { "type": "ghost_drain" }, "geometry": { "type": "LineString", "coordinates": [ [ 77.617713107640199, 12.914486858902988 ], [ 77.617995913176983, 12.914758663139915 ], [ 77.617998774136524, 12.91503327356935 ], [ 77.618847195521226, 12.915848683501858 ], [ 77.618850057660254, 12.91612329372073 ], [ 77.619132866380042, 12.916395096105383 ], [ 77.619692759211176, 12.916389479551734 ], [ 77.619975569019232, 12.916661280785231 ], [ 77.619978432576943, 12.91693589073815 ], [ 77.61942426475072, 12.917490728270783 ], [ 77.619429991108277, 12.918039948378752 ], [ 77.619995615311339, 12.918583550321582 ], [ 77.620275564002782, 12.918580740802717 ], [ 77.620558377258874, 12.918852540769254 ], [ 77.620281292720065, 12.919129960489339 ], [ 77.620284157177878, 12.919404570323072 ], [ 77.620566971547845, 12.919676370085281 ], [ 77.620846921327782, 12.919673559720742 ] ] } },
{ "type": "Feature", "properties": { "type": "ghost_drain" }, "geometry": { "type": "LineString", "coordinates": [ [ 77.620846921327782, 12.919673559720742 ], [ 77.621678172319648, 12.918841298255552 ], [ 77.621958120919501, 12.91883848687867 ], [ 77.622789365304328, 12.918006223060285 ], [ 77.623629207364971, 12.917997784995007 ] ] } },
{ "type": "Feature", "properties": { "type": "ghost_drain" }, "geometry": { "type": "LineString", "coordinates": [ [ 77.623629207364971, 12.917997784995007 ], [ 77.62754846243466, 12.917958371733272 ] ] } },
{ "type": "Feature", "properties": { "type": "ghost_drain" }, "geometry": { "type": "LineString", "coordinates": [ [ 77.62754846243466, 12.917958371733272 ], [ 77.628102609679615, 12.917403520201317 ], [ 77.628099737140957, 12.917128912053592 ], [ 77.628379682386694, 12.917126094162439 ], [ 77.628656754483544, 12.916848667941659 ], [ 77.629216644033207, 12.91684303078652 ], [ 77.629499462706491, 12.917114819604476 ], [ 77.629776533317553, 12.916837392434072 ], [ 77.629773659080854, 12.916562784645111 ], [ 77.630053603318402, 12.916559965081838 ], [ 77.630044980091071, 12.915736141862444 ], [ 77.63032492334699, 12.91573332218571 ], [ 77.630607741489484, 12.916005109831953 ], [ 77.630887684917752, 12.916002289494655 ], [ 77.631164752716558, 12.91572486135971 ], [ 77.631444695707003, 12.915722040485779 ], [ 77.631727514804325, 12.915993826686922 ], [ 77.632847287056876, 12.915982538753015 ] ] } },
{ "type": "Feature", "properties": { "type": "ghost_drain" }, "geometry": { "type": "LineString", "coordinates": [ [ 77.632847287056876, 12.915982538753015 ], [ 77.633130107719097, 12.916254323079244 ], [ 77.633410050854849, 12.916251499986174 ], [ 77.633687115548881, 12.915974069659891 ], [ 77.634247000878005, 12.915968422101296 ], [ 77.634529822733441, 12.916240204620822 ], [ 77.636769363299877, 12.91621759952333 ], [ 77.637046423535082, 12.915940166350238 ], [ 77.637326365435001, 12.915937339128982 ], [ 77.637603424688422, 12.91565990553725 ], [ 77.638443248874069, 12.915651421366212 ], [ 77.638726073936439, 12.915923198533239 ], [ 77.6387808787903, 12.921140707948153 ], [ 77.639063711525637, 12.921412483382698 ], [ 77.639069482599297, 12.921961694628646 ], [ 77.639352316688701, 12.922233469495918 ], [ 77.639355202697246, 12.922508075040735 ], [ 77.639638037768989, 12.922779849409263 ], [ 77.639649583956512, 12.923878271250279 ] ] } },
{ "type": "Feature", "properties": { "type": "ghost_drain" }, "geometry": { "type": "LineString", "coordinates": [ [ 77.639649583956512, 12.923878271250279 ], [ 77.639095455726775, 12.924433144918767 ], [ 77.639378293162906, 12.924704919168972 ], [ 77.63938983999401, 12.925803341079542 ], [ 77.639672679528445, 12.926075114625217 ], [ 77.640232584648942, 12.926069449894658 ], [ 77.641363950803381, 12.927156536880256 ], [ 77.641369729559699, 12.927705746862443 ], [ 77.641935417789384, 12.928249287498438 ], [ 77.641944088656061, 12.929073102011969 ] ] } },
{ "type": "Feature", "properties": { "type": "ghost_drain" }, "geometry": { "type": "LineString", "coordinates": [ [ 77.641944088656061, 12.929073102011969 ], [ 77.641946979078284, 12.929347706837008 ], [ 77.642506890461632, 12.929342035820165 ], [ 77.642783954714815, 12.929064595224 ], [ 77.643063909934369, 12.929061759028796 ], [ 77.64361803586408, 12.928506876817286 ], [ 77.643897990272748, 12.928504039847807 ], [ 77.644180837346781, 12.928775806918521 ], [ 77.646140518009602, 12.928755937210285 ], [ 77.646423367365045, 12.92902770131705 ], [ 77.647823138457156, 12.929013497870644 ], [ 77.648100195400701, 12.928736052821787 ], [ 77.650339822695557, 12.928713309830673 ] ] } },
{ "type": "Feature", "properties": { "type": "ghost_drain" }, "geometry": { "type": "LineString", "coordinates": [ [ 77.650339822695557, 12.928713309830673 ], [ 77.650619775806547, 12.928710465608617 ], [ 77.651751192161825, 12.929797496283358 ] ] } },
{ "type": "Feature", "properties": { "type": "ghost_drain" }, "geometry": { "type": "LineString", "coordinates": [ [ 77.651751192161825, 12.929797496283358 ], [ 77.652316904004479, 12.930341009035134 ], [ 77.65259685847964, 12.930338162341069 ], [ 77.652599760842108, 12.93061276476455 ], [ 77.65287971555577, 12.930609917708376 ], [ 77.653156767229135, 12.930332468054063 ], [ 77.653436721503482, 12.930329620461114 ], [ 77.653719579295071, 12.930601374742041 ], [ 77.653999533740929, 12.930598526487326 ], [ 77.654276583924712, 12.930321075884505 ], [ 77.655408021618086, 12.931408086075805 ], [ 77.666046262939744, 12.931299566297245 ] ] } },
{ "type": "Feature", "properties": { "type": "ghost_drain" }, "geometry": { "type": "LineString", "coordinates": [ [ 77.666046262939744, 12.931299566297245 ], [ 77.667446024311189, 12.931285255167396 ], [ 77.667728895508489, 12.931556991056739 ], [ 77.671088318789984, 12.931522609432001 ], [ 77.672785575945696, 12.933152989596859 ] ] } },
{ "type": "Feature", "properties": { "type": "ghost_drain" }, "geometry": { "type": "LineString", "coordinates": [ [ 77.672785575945696, 12.933152989596859 ], [ 77.67674592818382, 12.936957149493013 ] ] } },
{ "type": "Feature", "properties": { "type": "ghost_drain" }, "geometry": { "type": "LineString", "coordinates": [ [ 77.67674592818382, 12.936957149493013 ], [ 77.677022953891225, 12.936679678347559 ], [ 77.677302909781005, 12.936676803774025 ], [ 77.677579934504124, 12.936399332211815 ], [ 77.677859889953211, 12.936396457101841 ], [ 77.677856958616104, 12.936121860469576 ], [ 77.679242070009565, 12.934734499058576 ], [ 77.679522023219846, 12.934731622528775 ] ] } },
{ "type": "Feature", "properties": { "type": "ghost_drain" }, "geometry": { "type": "LineString", "coordinates": [ [ 77.679522023219846, 12.934731622528775 ], [ 77.679804909500433, 12.935003341921949 ], [ 77.679816642728312, 12.936101726748445 ], [ 77.679539621228429, 12.936379200147236 ], [ 77.679545487772231, 12.936928392635345 ], [ 77.679268465185302, 12.937205865967572 ], [ 77.679271398320651, 12.937480462258682 ], [ 77.679837178480668, 12.938023899947551 ], [ 77.680957005042018, 12.938012386601933 ], [ 77.682371470897706, 12.939370965996648 ], [ 77.684611130289241, 12.939347910396014 ], [ 77.684894027197458, 12.939619622072959 ], [ 77.685453941843761, 12.939613854448524 ], [ 77.686585537492675, 12.94070069392404 ], [ 77.686865495665629, 12.940697808209679 ], [ 77.689411623780785, 12.943143168437979 ], [ 77.689417515107507, 12.943692356178479 ], [ 77.690832055863723, 12.945050873785577 ], [ 77.691951903642646, 12.945039307081279 ], [ 77.692234814579891, 12.945311007849959 ], [ 77.692511827124505, 12.945033521929464 ], [ 77.694191595939003, 12.945016159275401 ] ] } },
{ "type": "Feature", "properties": { "type": "ghost_drain" }, "geometry": { "type": "LineString", "coordinates": [ [ 77.694191595939003, 12.945016159275401 ], [ 77.696431283883655, 12.94499299227331 ], [ 77.697280029943201, 12.945808075835432 ] ] } },
{ "type": "Feature", "properties": { "type": "ghost_drain" }, "geometry": { "type": "LineString", "coordinates": [ [ 77.697280029943201, 12.945808075835432 ], [ 77.697845863707428, 12.946351462709577 ] ] } },
{ "type": "Feature", "properties": { "type": "ghost_drain" }, "geometry": { "type": "LineString", "coordinates": [ [ 77.697845863707428, 12.946351462709577 ], [ 77.698125825582906, 12.946348563667149 ], [ 77.698402831228563, 12.946071072552616 ], [ 77.698682792662041, 12.946068172973817 ], [ 77.698959797322203, 12.945790681443617 ], [ 77.700919522831668, 12.945770374338558 ], [ 77.701196524262798, 12.945492880974669 ], [ 77.702316364415736, 12.945481269370426 ], [ 77.702593363739467, 12.945203774882209 ], [ 77.702873323233248, 12.945200870995006 ] ] } },
{ "type": "Feature", "properties": { "type": "ghost_drain" }, "geometry": { "type": "LineString", "coordinates": [ [ 77.702873323233248, 12.945200870995006 ], [ 77.703704316413393, 12.944368385747335 ], [ 77.703984274717001, 12.944365480851452 ], [ 77.704538266365006, 12.94381048931896 ] ] } },
{ "type": "Feature", "properties": { "type": "ghost_drain" }, "geometry": { "type": "LineString", "coordinates": [ [ 77.704538266365006, 12.94381048931896 ], [ 77.706200226634493, 12.942145510427769 ], [ 77.70676013705318, 12.94213969595763 ], [ 77.707043056844867, 12.942411378161511 ], [ 77.707323012189121, 12.942408470113026 ], [ 77.707600002168888, 12.942130972003477 ], [ 77.707317082276475, 12.941859290456652 ], [ 77.707871060675245, 12.941304294288166 ], [ 77.708151014591806, 12.94130138559523 ], [ 77.709258962557598, 12.940191390169757 ], [ 77.709541881867125, 12.940463069592578 ], [ 77.709821834456591, 12.940460159292094 ], [ 77.710375803750296, 12.939905159448859 ] ] } },
{ "type": "Feature", "properties": { "type": "ghost_drain" }, "geometry": { "type": "LineString", "coordinates": [ [ 77.710375803750296, 12.939905159448859 ], [ 77.710929770599023, 12.93935015889139 ], [ 77.712889426336886, 12.939329771786861 ], [ 77.713166406226151, 12.939052269589002 ], [ 77.713446356397981, 12.93904935571047 ], [ 77.714012199751693, 12.939592703774546 ], [ 77.714015171462137, 12.939867292125122 ], [ 77.713461211894099, 12.940422298102547 ], [ 77.713464183198752, 12.940696886561641 ], [ 77.71318720226067, 12.940974389340191 ], [ 77.713190173396612, 12.941248977850316 ], [ 77.713473097523533, 12.941520651900278 ], [ 77.713753050377576, 12.94151773714672 ], [ 77.714030031041744, 12.941240233781391 ], [ 77.714309983453148, 12.941237318492087 ], [ 77.714875834215675, 12.941780663247785 ], [ 77.714598854199679, 12.942058167435814 ], [ 77.714601827137884, 12.942332755600557 ], [ 77.715167681368214, 12.942876099065574 ] ] } },
{ "type": "Feature", "properties": { "type": "ghost_drain" }, "geometry": { "type": "LineString", "coordinates": [ [ 77.715167681368214, 12.942876099065574 ], [ 77.715450609400463, 12.943147770146767 ], [ 77.715730563609043, 12.943144852910565 ] ] } },
{ "type": "Feature", "properties": { "type": "ghost_drain" }, "geometry": { "type": "LineString", "coordinates": [ [ 77.715730563609043, 12.943144852910565 ], [ 77.716010517749083, 12.943141935374493 ], [ 77.716293446867056, 12.943413605293744 ], [ 77.718533079416346, 12.943390251298629 ], [ 77.71938187612983, 12.94420524971685 ], [ 77.719390812386791, 12.945029010773236 ], [ 77.719673746970614, 12.945300675832266 ], [ 77.721353479694429, 12.945283137852643 ], [ 77.721630453572502, 12.945005627313048 ], [ 77.721913390053004, 12.945277289460062 ], [ 77.72219334512927, 12.945274364813892 ], [ 77.722470317884031, 12.944996853566888 ], [ 77.723030227081523, 12.944991002903214 ], [ 77.723313164747225, 12.945262663230016 ], [ 77.723593119479915, 12.945259737084248 ], [ 77.723590136004134, 12.944985151039889 ], [ 77.723867106649578, 12.944707638671707 ], [ 77.725546829520596, 12.944690074469476 ], [ 77.726961532755695, 12.94604835572499 ], [ 77.741799039805628, 12.945892639843336 ] ] } },
{ "type": "Feature", "properties": { "type": "ghost_drain" }, "geometry": { "type": "LineString", "coordinates": [ [ 77.741799039805628, 12.945892639843336 ], [ 77.742081994834734, 12.946164275480106 ], [ 77.744881505067653, 12.946134797004754 ], [ 77.74516446307338, 12.946406428560511 ] ] } },
{ "type": "Feature", "properties": { "type": "ghost_drain" }, "geometry": { "type": "LineString", "coordinates": [ [ 77.74516446307338, 12.946406428560511 ], [ 77.745730380919383, 12.946949690364901 ] ] } },
{ "type": "Feature", "properties": { "type": "ghost_drain" }, "geometry": { "type": "LineString", "coordinates": [ [ 77.745730380919383, 12.946949690364901 ], [ 77.746296301211544, 12.947492950426325 ], [ 77.746576253036295, 12.947489999106201 ], [ 77.746582271582909, 12.948039160494085 ], [ 77.748280053057783, 12.9496689271768 ], [ 77.748560006843661, 12.949665973239149 ] ] } },
{ "type": "Feature", "properties": { "type": "ghost_drain" }, "geometry": { "type": "LineString", "coordinates": [ [ 77.748560006843661, 12.949665973239149 ], [ 77.748839960560147, 12.949663019001502 ], [ 77.749405893557508, 12.950206269616189 ], [ 77.749408906547856, 12.950480849601485 ], [ 77.74996881533022, 12.950474938637598 ] ] } },
{ "type": "Feature", "properties": { "type": "ghost_drain" }, "geometry": { "type": "LineString", "coordinates": [ [ 77.46676293152872, 12.853606500155035 ], [ 77.466480339253067, 12.853334487947995 ], [ 77.466466929041829, 12.851961267080007 ], [ 77.466744155107634, 12.851683991346519 ] ] } },
{ "type": "Feature", "properties": { "type": "ghost_drain" }, "geometry": { "type": "LineString", "coordinates": [ [ 77.466744155107634, 12.851683991346519 ], [ 77.466728063457552, 12.850036126408355 ] ] } },
{ "type": "Feature", "properties": { "type": "ghost_drain" }, "geometry": { "type": "LineString", "coordinates": [ [ 77.685367729132679, 12.85283296903296 ], [ 77.686207311292179, 12.852824372623571 ], [ 77.686772875456811, 12.853367832912442 ], [ 77.68901176200707, 12.853344890276992 ], [ 77.690425692466192, 12.854703519018942 ], [ 77.690428618383123, 12.854978114512978 ], [ 77.690708480378717, 12.854975243474781 ], [ 77.690985415782635, 12.854697776771481 ], [ 77.691265277339127, 12.854694905201079 ], [ 77.691548065958571, 12.854966628573466 ], [ 77.692387650927898, 12.854958010992066 ], [ 77.692670440861122, 12.855229732849972 ], [ 77.692673369341477, 12.8555043278242 ], [ 77.69295616025299, 12.855776049181308 ], [ 77.693795746935606, 12.855767426562323 ] ] } },
{ "type": "Feature", "properties": { "type": "ghost_drain" }, "geometry": { "type": "LineString", "coordinates": [ [ 77.693795746935606, 12.855767426562323 ], [ 77.696314503316415, 12.855741542623974 ], [ 77.69769914066454, 12.854354183043881 ], [ 77.697693273390797, 12.853804995322619 ], [ 77.697413414306467, 12.853807873551339 ], [ 77.697410481075011, 12.853533279617599 ], [ 77.697964331096216, 12.85297833535688 ], [ 77.698524047104371, 12.852972577791883 ], [ 77.699077893212674, 12.852417631886153 ], [ 77.699360685455204, 12.852689345703247 ], [ 77.70019144965859, 12.851856924643238 ], [ 77.70018851386925, 12.851582331300238 ], [ 77.700742353167101, 12.851027383156575 ], [ 77.701302063567198, 12.851021620527362 ], [ 77.701296190038121, 12.850472434305358 ], [ 77.70157310756359, 12.850194959614464 ], [ 77.702132815735155, 12.850189195580869 ] ] } },
{ "type": "Feature", "properties": { "type": "ghost_drain" }, "geometry": { "type": "LineString", "coordinates": [ [ 77.603645513174015, 12.853656861082099 ], [ 77.603368463921143, 12.853934253924878 ], [ 77.603651175974392, 12.854206090799813 ], [ 77.603668165950594, 12.85585377980059 ], [ 77.603114063030873, 12.856408566183926 ], [ 77.603153708832679, 12.860253174502315 ], [ 77.602322539901508, 12.861085355022535 ], [ 77.602605260602814, 12.861357191575516 ], [ 77.602616588957133, 12.862455651255189 ], [ 77.602899311743258, 12.86272748711062 ], [ 77.602902144365231, 12.863002101947018 ], [ 77.603182035136882, 12.86299932253905 ], [ 77.603736149482486, 12.862444533517646 ], [ 77.604301597567186, 12.862988201926564 ], [ 77.604307266045609, 12.863537430967135 ], [ 77.604872718038067, 12.864081097396969 ], [ 77.604884058738364, 12.86517955486033 ], [ 77.604329942585437, 12.865734346875277 ], [ 77.604338447371163, 12.866558190235986 ], [ 77.604061387668665, 12.866835586135677 ], [ 77.604135114369612, 12.873975560961824 ] ] } },
{ "type": "Feature", "properties": { "type": "ghost_drain" }, "geometry": { "type": "LineString", "coordinates": [ [ 77.568659967269426, 12.854001792658194 ], [ 77.568651587384096, 12.853177925195192 ], [ 77.568368906968047, 12.852906043139987 ], [ 77.568360528770214, 12.852082175419532 ], [ 77.568077850066004, 12.851810292738726 ], [ 77.568072265660945, 12.851261047426474 ], [ 77.567789588300172, 12.850989164186945 ], [ 77.567786796562942, 12.850714541454513 ], [ 77.567504120177333, 12.850442657723104 ], [ 77.567501328873021, 12.850168034917548 ] ] } },
{ "type": "Feature", "properties": { "type": "ghost_drain" }, "geometry": { "type": "LineString", "coordinates": [ [ 77.616802659545286, 12.853800574885479 ], [ 77.617085383009496, 12.854072394513546 ], [ 77.617362414403843, 12.853794990033771 ], [ 77.617359568164346, 12.853520378184042 ], [ 77.617639445191159, 12.85351758537308 ], [ 77.618487618434258, 12.854333039943596 ], [ 77.61849046608576, 12.854607651527663 ], [ 77.619050221973581, 12.854602062731992 ], [ 77.619898403213782, 12.855417511093496 ], [ 77.619901252647054, 12.855692122343733 ], [ 77.620466710581837, 12.856235752310569 ], [ 77.621306348391641, 12.856227361304585 ], [ 77.62158907898224, 12.856499174567684 ], [ 77.621600485454223, 12.857597617947579 ], [ 77.621883218130677, 12.857869430510567 ] ] } },
{ "type": "Feature", "properties": { "type": "ghost_drain" }, "geometry": { "type": "LineString", "coordinates": [ [ 77.621883218130677, 12.857869430510567 ], [ 77.622165951414331, 12.85814124264579 ], [ 77.622445832479002, 12.858138443722103 ], [ 77.623011301343041, 12.85868206598977 ], [ 77.623850945565394, 12.858673665272898 ], [ 77.624127972126516, 12.858396254183964 ], [ 77.624410708049609, 12.858668063305284 ], [ 77.624690589192497, 12.858665261874568 ], [ 77.624699155553387, 12.859489092227875 ], [ 77.62583011070619, 12.860576322176602 ], [ 77.625832967771501, 12.86085093200891 ], [ 77.62696393412142, 12.861938154836469 ], [ 77.626966792732532, 12.862212764389563 ], [ 77.627532280291817, 12.862756373098321 ], [ 77.627537999192526, 12.863305591912482 ], [ 77.627820744623293, 12.863577395488154 ], [ 77.627823604542982, 12.863852004817442 ], [ 77.628106350951271, 12.864123807896672 ], [ 77.628112071729404, 12.864673026399654 ], [ 77.629808567378262, 12.866303835062537 ] ] } },
{ "type": "Feature", "properties": { "type": "ghost_drain" }, "geometry": { "type": "LineString", "coordinates": [ [ 77.629808567378262, 12.866303835062537 ], [ 77.629531541328305, 12.866581252484252 ], [ 77.629537266337309, 12.867130470253569 ], [ 77.629817155703833, 12.867127661540273 ], [ 77.630099908215655, 12.867399461280083 ], [ 77.631219465968741, 12.867388222005177 ], [ 77.631784974715671, 12.867931817318762 ] ] } },
{ "type": "Feature", "properties": { "type": "ghost_drain" }, "geometry": { "type": "LineString", "coordinates": [ [ 77.631784974715671, 12.867931817318762 ], [ 77.631230924340002, 12.868486655955248 ], [ 77.630951033785792, 12.868489466469036 ], [ 77.630396980238757, 12.869044303910666 ], [ 77.63011708887781, 12.869047113653835 ], [ 77.629563032159297, 12.869601949900334 ], [ 77.629651822205105, 12.878114820290591 ] ] } },
{ "type": "Feature", "properties": { "type": "ghost_drain" }, "geometry": { "type": "LineString", "coordinates": [ [ 77.629651822205105, 12.878114820290591 ], [ 77.629374785564877, 12.878392239865011 ], [ 77.629394842083215, 12.880314500462463 ] ] } },
{ "type": "Feature", "properties": { "type": "ghost_drain" }, "geometry": { "type": "LineString", "coordinates": [ [ 77.629394842083215, 12.880314500462463 ], [ 77.629960382314351, 12.880858094397333 ], [ 77.629406304409429, 12.881412934949379 ], [ 77.62940917015672, 12.881687543555175 ], [ 77.629974714092938, 12.88223113680699 ], [ 77.629977580647605, 12.8825057452698 ], [ 77.630543127758727, 12.883049336669968 ], [ 77.630545995120841, 12.883323944989765 ], [ 77.630825902227016, 12.88332113172687 ], [ 77.631391452989106, 12.883864720554199 ], [ 77.63139432146302, 12.884139328668976 ], [ 77.631677098127483, 12.884411122371016 ], [ 77.631694312588351, 12.886058770515708 ] ] } },
{ "type": "Feature", "properties": { "type": "ghost_drain" }, "geometry": { "type": "LineString", "coordinates": [ [ 77.631694312588351, 12.886058770515708 ], [ 77.631140230089215, 12.886613616018703 ], [ 77.631148836787645, 12.887437440338555 ], [ 77.63143161766223, 12.887709233580949 ], [ 77.631466054876768, 12.891004529466217 ] ] } },
{ "type": "Feature", "properties": { "type": "ghost_drain" }, "geometry": { "type": "LineString", "coordinates": [ [ 77.631466054876768, 12.891004529466217 ], [ 77.631477536071856, 12.892102961223873 ] ] } },
{ "type": "Feature", "properties": { "type": "ghost_drain" }, "geometry": { "type": "LineString", "coordinates": [ [ 77.631477536071856, 12.892102961223873 ], [ 77.632043111512644, 12.892646544234228 ], [ 77.632045982719035, 12.892921152020971 ], [ 77.631768936193467, 12.893198576489775 ], [ 77.630649264336469, 12.893209840255953 ], [ 77.630372215718467, 12.8934872635964 ], [ 77.630092297217487, 12.893490078554231 ], [ 77.629538197412657, 12.894044924217711 ], [ 77.629541066210209, 12.894319532530201 ], [ 77.629823854925775, 12.894591326228277 ], [ 77.629829593461523, 12.895140542697495 ], [ 77.630112383527958, 12.895412335829878 ], [ 77.629835332262559, 12.89568975914119 ], [ 77.629555411192626, 12.895692573996968 ], [ 77.629278358947204, 12.89596999689007 ], [ 77.628998437440046, 12.895972811210129 ], [ 77.628721384214586, 12.89625023368496 ], [ 77.629004174811541, 12.896522027987116 ], [ 77.629843940961592, 12.896513583758884 ], [ 77.630126732882545, 12.896785376549651 ], [ 77.630129602952465, 12.897059984674467 ], [ 77.63041239585354, 12.897331776967786 ] ] } },
{ "type": "Feature", "properties": { "type": "ghost_drain" }, "geometry": { "type": "LineString", "coordinates": [ [ 77.63041239585354, 12.897331776967786 ], [ 77.6301353432913, 12.897609200904954 ], [ 77.63013821356023, 12.897883809010622 ], [ 77.631552189722825, 12.899242765160384 ], [ 77.631555061913076, 12.899517372917948 ], [ 77.631278008928518, 12.899794798247466 ], [ 77.631292369683862, 12.901167837217514 ], [ 77.631575169103385, 12.901439627042171 ], [ 77.631578041824639, 12.90171423474867 ], [ 77.632143643234215, 12.902257812973309 ], [ 77.63214939036034, 12.902807028093664 ], [ 77.632432192721609, 12.903078816425205 ], [ 77.632435066755406, 12.903353423907426 ], [ 77.63300067404883, 12.903896999145555 ], [ 77.633009298775761, 12.90472082114354 ], [ 77.633292104450419, 12.904992607913252 ] ] } },
{ "type": "Feature", "properties": { "type": "ghost_drain" }, "geometry": { "type": "LineString", "coordinates": [ [ 77.633292104450419, 12.904992607913252 ], [ 77.633574910734694, 12.905264394253495 ], [ 77.633854841539502, 12.905261573043211 ], [ 77.634986073726452, 12.906348712664665 ], [ 77.63415490843046, 12.907181000812766 ], [ 77.633035176542975, 12.90719228679265 ], [ 77.632758118739716, 12.907469714864318 ], [ 77.63276099414081, 12.907744322182358 ], [ 77.632483935489361, 12.908021750128176 ], [ 77.632492561375699, 12.908845572210835 ], [ 77.632215501398989, 12.909123000142003 ], [ 77.632227002556391, 12.910221429718577 ], [ 77.631949941015733, 12.910498857690643 ], [ 77.631952816232527, 12.910773465124425 ], [ 77.633366886777409, 12.912132394376057 ], [ 77.633372641124097, 12.912681608540476 ], [ 77.633655457805801, 12.912953392965088 ], [ 77.633664090938439, 12.913777213958541 ] ] } },
{ "type": "Feature", "properties": { "type": "ghost_drain" }, "geometry": { "type": "LineString", "coordinates": [ [ 77.633664090938439, 12.913777213958541 ], [ 77.633109964758276, 12.914332073539283 ], [ 77.633112842124817, 12.914606680635588 ], [ 77.632832900753073, 12.914609503057241 ], [ 77.632555836137755, 12.914886932393568 ], [ 77.632275894328117, 12.914889754278683 ], [ 77.631998828731213, 12.915167183196074 ], [ 77.632281647562948, 12.915438968811412 ], [ 77.632561589982714, 12.915436146802289 ], [ 77.632564467004826, 12.915710753997066 ], [ 77.632847287056876, 12.915982538753015 ] ] } },
{ "type": "Feature", "properties": { "type": "ghost_drain" }, "geometry": { "type": "LineString", "coordinates": [ [ 77.650390364176559, 12.853737979767402 ], [ 77.650950103709448, 12.853732323316528 ], [ 77.652081118394662, 12.854819423377112 ], [ 77.653480470790285, 12.854805269833239 ], [ 77.65376322716223, 12.855077041974216 ], [ 77.653768999549769, 12.855626249441519 ], [ 77.654617274530253, 12.85644156287603 ], [ 77.654897146362302, 12.856438729707435 ], [ 77.655451113394349, 12.855883855797739 ], [ 77.655733872904236, 12.856155625140754 ], [ 77.656573486485755, 12.856147121354752 ], [ 77.657139008746213, 12.856690656590404 ], [ 77.657418880279266, 12.856687820678529 ], [ 77.657701642556688, 12.856959587291854 ], [ 77.657704533435009, 12.857234190108541 ], [ 77.660783121817246, 12.857202970765051 ], [ 77.661065887674098, 12.857474732914509 ], [ 77.662185373292971, 12.857463370047659 ], [ 77.662750908719815, 12.858006890173296 ], [ 77.663310652072468, 12.858001205510286 ], [ 77.663864599708077, 12.857446316811153 ], [ 77.664144470542311, 12.857443473562508 ], [ 77.664710009279162, 12.857986988639746 ], [ 77.664712908014863, 12.85826158986425 ], [ 77.664435934903508, 12.858539035177746 ], [ 77.664441732103541, 12.859088237720341 ], [ 77.663887783113566, 12.859643128036369 ], [ 77.663896477998534, 12.860466932140575 ], [ 77.664179250905207, 12.860738689494442 ], [ 77.664459125315446, 12.860735845195043 ], [ 77.664462024419166, 12.861010446418497 ], [ 77.664741899065888, 12.861007601758402 ], [ 77.66530744838866, 12.861551113595585 ], [ 77.665310348604848, 12.861825714611632 ], [ 77.666158678256522, 12.862640978935795 ], [ 77.666161579652524, 12.862915579737994 ] ] } },
{ "type": "Feature", "properties": { "type": "ghost_drain" }, "geometry": { "type": "LineString", "coordinates": [ [ 77.666161579652524, 12.862915579737994 ], [ 77.666164481115743, 12.863190180533813 ], [ 77.666730038737356, 12.863733687656865 ], [ 77.666735843349102, 12.864282888952662 ], [ 77.66701862381295, 12.864554641730832 ] ] } },
{ "type": "Feature", "properties": { "type": "ghost_drain" }, "geometry": { "type": "LineString", "coordinates": [ [ 77.66701862381295, 12.864554641730832 ], [ 77.668138135369119, 12.864543247309808 ], [ 77.668420917386385, 12.864814998214484 ], [ 77.668423821750011, 12.865089598463129 ], [ 77.668706604745779, 12.865361348868475 ], [ 77.669826118332495, 12.865349946540235 ], [ 77.669831930433674, 12.86589914637706 ], [ 77.670680288130143, 12.866714390265415 ], [ 77.670957260174205, 12.866436938085043 ], [ 77.671522834740344, 12.866980431275953 ], [ 77.671802714387468, 12.866977577782931 ], [ 77.672651081502934, 12.867792813258886 ], [ 77.672928051894729, 12.86751535920614 ], [ 77.673767691446187, 12.867506792983683 ], [ 77.678858019330491, 12.872398099724132 ], [ 77.679137903301211, 12.872395237219052 ], [ 77.679691834433655, 12.871840316193223 ], [ 77.679971717593901, 12.87183745291971 ], [ 77.680254519563832, 12.872109186785476 ] ] } },
{ "type": "Feature", "properties": { "type": "ghost_drain" }, "geometry": { "type": "LineString", "coordinates": [ [ 77.680254519563832, 12.872109186785476 ], [ 77.680257438508633, 12.872383784216563 ], [ 77.680540241457891, 12.872655517581977 ], [ 77.680820125327187, 12.872652653224474 ], [ 77.681102929120655, 12.872924385797671 ], [ 77.681105849179986, 12.873198983020194 ], [ 77.681388653952851, 12.87347071509296 ], [ 77.681948423041916, 12.873464983911504 ], [ 77.682514035356718, 12.874008445318628 ], [ 77.682793920272502, 12.874005578557716 ], [ 77.683359535491633, 12.874549037518005 ], [ 77.683919306065548, 12.874543301655635 ], [ 77.684196267509989, 12.874265836781419 ], [ 77.684476152323811, 12.874262968167789 ], [ 77.684758961418879, 12.874534695625103 ], [ 77.684764810319805, 12.875083888344314 ], [ 77.685330431820518, 12.875627341687098 ] ] } },
{ "type": "Feature", "properties": { "type": "ghost_drain" }, "geometry": { "type": "LineString", "coordinates": [ [ 77.685330431820518, 12.875627341687098 ], [ 77.685613243482877, 12.875899067711758 ], [ 77.685893129782144, 12.875896197227368 ], [ 77.686175942288799, 12.876167922459301 ], [ 77.694572506832714, 12.87608165837325 ] ] } },
{ "type": "Feature", "properties": { "type": "ghost_drain" }, "geometry": { "type": "LineString", "coordinates": [ [ 77.694572506832714, 12.87608165837325 ], [ 77.694849455566342, 12.875804184229702 ] ] } },
{ "type": "Feature", "properties": { "type": "ghost_drain" }, "geometry": { "type": "LineString", "coordinates": [ [ 77.694849455566342, 12.875804184229702 ], [ 77.695126403692001, 12.875526709908389 ], [ 77.695406287380976, 12.875523829345676 ], [ 77.695683234526712, 12.875246354611818 ], [ 77.695963117775818, 12.875243473516038 ], [ 77.69624006394163, 12.874965998369698 ], [ 77.700438298937968, 12.874922742620123 ], [ 77.701269117048014, 12.874090305553803 ], [ 77.701834764173938, 12.874633716636543 ], [ 77.702114645318176, 12.874630829106191 ], [ 77.702111702055703, 12.874356236675908 ], [ 77.702942512053667, 12.873523795729792 ], [ 77.703502271297396, 12.873518018494122 ], [ 77.70405614010177, 12.872963056038525 ], [ 77.704336018877228, 12.872960166504283 ], [ 77.704612951995585, 12.872682684776072 ], [ 77.706572098909689, 12.87266244804519 ], [ 77.707402886803607, 12.871829996873521 ], [ 77.70739404194336, 12.871006223001817 ], [ 77.70794789608685, 12.870451255012787 ] ] } },
{ "type": "Feature", "properties": { "type": "ghost_drain" }, "geometry": { "type": "LineString", "coordinates": [ [ 77.70794789608685, 12.870451255012787 ], [ 77.708224822247047, 12.870173770752741 ], [ 77.708221873390059, 12.869899179621438 ], [ 77.709606493898605, 12.868511755953639 ], [ 77.709886366447606, 12.868508861476311 ], [ 77.70988341617749, 12.868234270689337 ], [ 77.710991099217452, 12.867124327863653 ], [ 77.710979295053136, 12.866025965570428 ], [ 77.711256213352726, 12.865748479651732 ], [ 77.711539033931885, 12.866020174485959 ], [ 77.712098772537217, 12.866014382209357 ], [ 77.712375689348477, 12.865736895353958 ], [ 77.71293542693617, 12.86573110141692 ], [ 77.713489257248014, 12.865176126239533 ], [ 77.713483350519311, 12.864626946165668 ], [ 77.713760264293526, 12.864349458427025 ], [ 77.714040131261086, 12.864346560436926 ] ] } },
{ "type": "Feature", "properties": { "type": "ghost_drain" }, "geometry": { "type": "LineString", "coordinates": [ [ 77.714040131261086, 12.864346560436926 ], [ 77.714034223728078, 12.863797380580236 ], [ 77.714864958878877, 12.862964915947714 ], [ 77.714844279728752, 12.861042787455336 ], [ 77.71399583143338, 12.860227710887315 ] ] } },
{ "type": "Feature", "properties": { "type": "ghost_drain" }, "geometry": { "type": "LineString", "coordinates": [ [ 77.71399583143338, 12.860227710887315 ], [ 77.714272740699926, 12.859950223600604 ], [ 77.714252071068344, 12.858028093720245 ], [ 77.714528978081873, 12.857750606659662 ], [ 77.714526025315905, 12.857476016708656 ], [ 77.716741257692178, 12.85525611433575 ] ] } },
{ "type": "Feature", "properties": { "type": "ghost_drain" }, "geometry": { "type": "LineString", "coordinates": [ [ 77.716741257692178, 12.85525611433575 ], [ 77.716458447152263, 12.854984423633709 ], [ 77.716449584740005, 12.854160654912187 ], [ 77.71616677592263, 12.853888963566966 ], [ 77.716160868733823, 12.853339784246552 ], [ 77.716437769148783, 12.853062296527197 ], [ 77.715872155095681, 12.852518912841845 ], [ 77.715857390865182, 12.851145964013019 ], [ 77.715574586607744, 12.850874271170598 ], [ 77.715571634338744, 12.850599681315284 ], [ 77.715288831059766, 12.850327987970573 ], [ 77.715565730006077, 12.850050501585466 ], [ 77.715845580712752, 12.850047604834756 ] ] } },
{ "type": "Feature", "properties": { "type": "ghost_drain" }, "geometry": { "type": "LineString", "coordinates": [ [ 77.488334761001624, 12.855325422479012 ], [ 77.488611961647905, 12.855048127380238 ], [ 77.488609255056048, 12.854773487873105 ], [ 77.489163654044802, 12.854218897219075 ], [ 77.489443559942814, 12.854216240961703 ], [ 77.490829544955602, 12.852829759857988 ], [ 77.490824127980801, 12.852280481674896 ], [ 77.489976295156779, 12.851464534940968 ], [ 77.489962759313642, 12.850091338398801 ] ] } },
{ "type": "Feature", "properties": { "type": "ghost_drain" }, "geometry": { "type": "LineString", "coordinates": [ [ 77.461466046351845, 12.855853617578244 ], [ 77.461745959946256, 12.855850990530056 ], [ 77.462023195611636, 12.855573718150755 ], [ 77.462020517806693, 12.855299073111373 ], [ 77.46257498683201, 12.854744527891247 ], [ 77.462564274300178, 12.853645948084541 ], [ 77.46284150693549, 12.853368675398929 ], [ 77.462838828716158, 12.853094030483259 ], [ 77.463116060502642, 12.852816757661145 ], [ 77.463110703767185, 12.852267467914402 ], [ 77.463390613041554, 12.852264839832332 ], [ 77.463667843372036, 12.851987566685571 ], [ 77.463947752218601, 12.851984938065666 ], [ 77.463945073095303, 12.851710293350653 ], [ 77.464504889994885, 12.851705035333154 ], [ 77.465059346156963, 12.851150487139472 ], [ 77.465339253782119, 12.85114785720414 ], [ 77.465893706784072, 12.850593307778515 ], [ 77.466173613615609, 12.85059067706564 ], [ 77.466728063457552, 12.850036126408355 ] ] } },
{ "type": "Feature", "properties": { "type": "ghost_drain" }, "geometry": { "type": "LineString", "coordinates": [ [ 77.632218722814869, 12.855843425746764 ], [ 77.631941709114869, 12.856120843180364 ], [ 77.631950297367766, 12.856944668877636 ], [ 77.63167328234897, 12.857222086297806 ], [ 77.631676144995367, 12.857496694906452 ], [ 77.631399129132149, 12.857774112201909 ], [ 77.631404854149437, 12.858323329511327 ], [ 77.631687596244333, 12.858595129277399 ], [ 77.631710501926406, 12.860791997713843 ], [ 77.631433483215559, 12.861069415676589 ], [ 77.631436346487007, 12.861344024258111 ], [ 77.631159326931453, 12.861621442096043 ], [ 77.631193688513832, 12.86491674524504 ], [ 77.629808567378262, 12.866303835062537 ] ] } },
{ "type": "Feature", "properties": { "type": "ghost_drain" }, "geometry": { "type": "LineString", "coordinates": [ [ 77.560291131277623, 12.856830126275479 ], [ 77.560008453243071, 12.856558234338817 ], [ 77.559728560042387, 12.856560966334076 ], [ 77.559445882854206, 12.856289073614326 ], [ 77.558046417078643, 12.856302727330345 ], [ 77.557198392744525, 12.855487041249463 ], [ 77.556918500113397, 12.855489770024342 ], [ 77.556353154071715, 12.854945976463949 ], [ 77.556350373875347, 12.854671351346274 ], [ 77.556067702133348, 12.85439945386257 ], [ 77.55606492236943, 12.854124828672038 ], [ 77.555782251602579, 12.853852930697192 ], [ 77.555779472271084, 12.853578305433818 ], [ 77.555214133294726, 12.853034508077343 ], [ 77.555205797894544, 12.852210631850195 ], [ 77.555482908628022, 12.851933280223518 ], [ 77.555480130050995, 12.851658654855674 ], [ 77.555197463074023, 12.85138675556612 ], [ 77.554357797294486, 12.851394932033003 ], [ 77.553792466596221, 12.850851130032503 ], [ 77.553786913663714, 12.850301878517937 ], [ 77.554064024562891, 12.850024528456427 ] ] } },
{ "type": "Feature", "properties": { "type": "ghost_drain" }, "geometry": { "type": "LineString", "coordinates": [ [ 77.674205232197991, 12.855967922635147 ], [ 77.673651314364648, 12.856522828160601 ], [ 77.673371446728083, 12.856525681347861 ], [ 77.673094486529962, 12.856803133608247 ], [ 77.672814618455106, 12.856805986262762 ], [ 77.672817525724767, 12.857080585690296 ], [ 77.670878783089506, 12.859022745269471 ], [ 77.670313230987375, 12.858479246616756 ], [ 77.670033360417833, 12.858482096670029 ], [ 77.66975639411551, 12.858759546506594 ], [ 77.669476523107804, 12.858762396026949 ], [ 77.66919374830546, 12.858490645042496 ], [ 77.66891387746675, 12.858493493904197 ], [ 77.668636909680984, 12.858770942800607 ], [ 77.668357038404167, 12.858773791129364 ], [ 77.668080069640382, 12.859051239612109 ], [ 77.668088777784718, 12.859875040929508 ], [ 77.667811807704666, 12.860152489402955 ], [ 77.667814710317572, 12.86042708988577 ], [ 77.666975090215246, 12.860435632427848 ], [ 77.666698118178985, 12.860713080073664 ], [ 77.666715528384344, 12.862360684305683 ], [ 77.666161579652524, 12.862915579737994 ] ] } },
{ "type": "Feature", "properties": { "type": "ghost_drain" }, "geometry": { "type": "LineString", "coordinates": [ [ 77.478287710177952, 12.858441883445938 ], [ 77.478005101417651, 12.858169887006206 ], [ 77.47800240567787, 12.857895245345761 ], [ 77.478556837809393, 12.857340671746055 ], [ 77.478836749427501, 12.857338026169028 ], [ 77.479391178396753, 12.856783451339712 ], [ 77.47967108921992, 12.856780804985368 ], [ 77.479948302427161, 12.856503517049791 ], [ 77.479945604936276, 12.856228875760294 ], [ 77.480222817294944, 12.855951587689345 ], [ 77.480212026991936, 12.85485302267689 ], [ 77.480491935501718, 12.854850375837403 ], [ 77.481046355735387, 12.854295799071062 ], [ 77.481040959387258, 12.853746516852457 ], [ 77.48131816811096, 12.853469228292482 ], [ 77.481035563289311, 12.853197234608674 ], [ 77.481032865334143, 12.852922593477343 ], [ 77.480750261485895, 12.852650599307713 ], [ 77.481027469611462, 12.852373311195807 ], [ 77.481022074138934, 12.851824028889098 ], [ 77.480739471755228, 12.851552034460576 ], [ 77.481016678916575, 12.851274746557223 ], [ 77.481013981399201, 12.851000105381848 ], [ 77.481845598517452, 12.850168240704424 ] ] } },
{ "type": "Feature", "properties": { "type": "ghost_drain" }, "geometry": { "type": "LineString", "coordinates": [ [ 77.470732726370443, 12.858787842776184 ], [ 77.470730038403644, 12.858513199613077 ], [ 77.470164834525036, 12.857969187070207 ], [ 77.470162147352596, 12.857694543771853 ], [ 77.470439373732034, 12.857417263831497 ], [ 77.47043668638041, 12.857142620578749 ], [ 77.47015408620895, 12.856870613839051 ], [ 77.470431311864004, 12.856593334054372 ], [ 77.470428624699224, 12.856318690782754 ], [ 77.470146025625738, 12.856046683849643 ], [ 77.469866113592488, 12.856049319896428 ], [ 77.469860740789116, 12.855500033089021 ], [ 77.469295546411033, 12.85495601699065 ], [ 77.469572771473949, 12.854678738288667 ], [ 77.469567399900527, 12.85412945130204 ], [ 77.469284804478846, 12.853857442784747 ], [ 77.469279433886243, 12.853308155644067 ], [ 77.468149061199256, 12.852220116853934 ], [ 77.467309336359378, 12.852228015400726 ], [ 77.467026745429905, 12.851956003583831 ], [ 77.466746837266967, 12.85195863548088 ], [ 77.466744155107634, 12.851683991346519 ] ] } },
{ "type": "Feature", "properties": { "type": "ghost_drain" }, "geometry": { "type": "LineString", "coordinates": [ [ 77.575147801318863, 12.858881853146638 ], [ 77.574870710151345, 12.859159222804916 ], [ 77.574590817344017, 12.859161971197331 ], [ 77.574308123807967, 12.85889009814197 ], [ 77.574028231174537, 12.858892845877769 ], [ 77.573751138532685, 12.859170214586593 ], [ 77.573471245465811, 12.859172961787019 ], [ 77.573188552884957, 12.858901087297214 ], [ 77.572634364782559, 12.859455823107389 ], [ 77.570955002029876, 12.859472295051377 ], [ 77.570677904856424, 12.859749661257046 ], [ 77.570398010468935, 12.859752405300547 ], [ 77.570120912319567, 12.860029771085468 ], [ 77.569841017498774, 12.860032514593465 ], [ 77.568732617352893, 12.861141974949854 ], [ 77.568735412461038, 12.861416597260169 ], [ 77.568458310666898, 12.861693961944987 ], [ 77.568178413635096, 12.861696704027766 ], [ 77.56790131086494, 12.861974068291582 ], [ 77.567904105256048, 12.862248690764348 ], [ 77.567072792583161, 12.863080782617399 ], [ 77.56707838012521, 12.863630027868716 ], [ 77.567361073714324, 12.863901909110664 ], [ 77.567363867950959, 12.864176531660018 ], [ 77.566809655288694, 12.864731259552766 ], [ 77.565690051852826, 12.864742221601212 ], [ 77.565412943136053, 12.865019584321416 ] ] } },
{ "type": "Feature", "properties": { "type": "ghost_drain" }, "geometry": { "type": "LineString", "coordinates": [ [ 77.565412943136053, 12.865019584321416 ], [ 77.564013435543387, 12.865033278985166 ], [ 77.563730743350035, 12.864761393707639 ], [ 77.562611137069212, 12.864772342637934 ], [ 77.562056910921314, 12.865327062663884 ], [ 77.561217203321704, 12.865335269804236 ], [ 77.560934513152361, 12.865063381008406 ], [ 77.560657397932417, 12.865340739740352 ], [ 77.560377495140941, 12.865343474261177 ], [ 77.560100378944853, 12.865620832571389 ], [ 77.559820475720429, 12.865623566556186 ], [ 77.559543358548211, 12.865900924444606 ], [ 77.558423743531634, 12.86591185645055 ], [ 77.558146624278109, 12.866189213203382 ], [ 77.557586815646047, 12.866194676941454 ], [ 77.557309695048033, 12.866472033034379 ], [ 77.555910170497853, 12.86648568597154 ], [ 77.555633047450314, 12.866763040690488 ], [ 77.555635829570576, 12.867037665710241 ], [ 77.555358705675758, 12.8673150202989 ], [ 77.555641394004411, 12.867586915730755 ], [ 77.555652523645293, 12.868685415695779 ], [ 77.555098272373741, 12.869240125335127 ], [ 77.5548183640378, 12.869242854735161 ], [ 77.554541237121768, 12.869520209040402 ], [ 77.553421601660503, 12.869531122705546 ], [ 77.552856224286941, 12.868987326613526 ], [ 77.551736589712505, 12.868998232639418 ], [ 77.551453902896029, 12.868726332522714 ], [ 77.550334268250779, 12.868737232343221 ] ] } },
{ "type": "Feature", "properties": { "type": "ghost_drain" }, "geometry": { "type": "LineString", "coordinates": [ [ 77.550334268250779, 12.868737232343221 ], [ 77.550328714851361, 12.868187980088509 ], [ 77.549480663134432, 12.867372272491902 ], [ 77.548640940455869, 12.867380440640895 ], [ 77.548632616888071, 12.86655656107356 ], [ 77.548349936021566, 12.866284656418266 ], [ 77.548330519189165, 12.864362270075192 ] ] } },
{ "type": "Feature", "properties": { "type": "ghost_drain" }, "geometry": { "type": "LineString", "coordinates": [ [ 77.548330519189165, 12.864362270075192 ], [ 77.547765164432946, 12.863818458562198 ], [ 77.546925452449173, 12.863826619003458 ], [ 77.546922680520595, 12.863551992045046 ], [ 77.546640005140858, 12.863280084511159 ], [ 77.546634462212353, 12.862730830442741 ], [ 77.546351788176253, 12.862458922351856 ], [ 77.546349017176311, 12.862184295241853 ], [ 77.546066344115772, 12.861912386660304 ], [ 77.546060803044398, 12.861363132288739 ], [ 77.545778131327367, 12.861091223150277 ], [ 77.545758742174826, 12.859168832186553 ], [ 77.546313000018444, 12.858614142236219 ], [ 77.546279763039649, 12.855318615436197 ] ] } },
{ "type": "Feature", "properties": { "type": "ghost_drain" }, "geometry": { "type": "LineString", "coordinates": [ [ 77.546279763039649, 12.855318615436197 ], [ 77.545997099176276, 12.855046705197392 ], [ 77.545980486359568, 12.853398941058215 ], [ 77.545132505032029, 12.852583206603974 ], [ 77.545126970146157, 12.852033951442712 ], [ 77.544847078696392, 12.852036666627338 ], [ 77.544564420442839, 12.851764753804135 ], [ 77.544841544674185, 12.851487411320919 ], [ 77.54512143551689, 12.851484696256163 ], [ 77.545118668298485, 12.85121006865341 ], [ 77.545672913726051, 12.850655382765588 ], [ 77.545670146093116, 12.850380755263764 ], [ 77.545387489327467, 12.85010884311631 ] ] } },
{ "type": "Feature", "properties": { "type": "ghost_drain" }, "geometry": { "type": "LineString", "coordinates": [ [ 77.552476304080997, 12.859103526642752 ], [ 77.550517019015899, 12.859122591825153 ], [ 77.550234346410662, 12.858850687884877 ], [ 77.550231571993407, 12.85857606153286 ], [ 77.549948900363546, 12.858304157101742 ], [ 77.549669003022387, 12.858306878730968 ], [ 77.549386332239337, 12.858034973517373 ], [ 77.549106435073313, 12.858037694490562 ], [ 77.549103662063629, 12.857763067879372 ], [ 77.548823765137044, 12.85776578849454 ], [ 77.547975758972242, 12.856950067960353 ], [ 77.547695862699683, 12.856952787203555 ], [ 77.547413195432142, 12.856680879152215 ], [ 77.547133299334803, 12.85668359773949 ], [ 77.547130528771916, 12.856408970676604 ], [ 77.546565197273281, 12.85586515245263 ], [ 77.546562427510267, 12.855590525250809 ], [ 77.546279763039649, 12.855318615436197 ] ] } },
{ "type": "Feature", "properties": { "type": "ghost_drain" }, "geometry": { "type": "LineString", "coordinates": [ [ 77.492016924337989, 12.859685096358625 ], [ 77.492294124074775, 12.859407797310284 ], [ 77.492291412530122, 12.859133158666468 ], [ 77.492568611418449, 12.858855859483551 ], [ 77.492565899695705, 12.858581220885839 ], [ 77.492843097735616, 12.85830392156838 ], [ 77.492837673996846, 12.857754644458867 ] ] } },
{ "type": "Feature", "properties": { "type": "ghost_drain" }, "geometry": { "type": "LineString", "coordinates": [ [ 77.492837673996846, 12.857754644458867 ], [ 77.492829538860022, 12.856930728747354 ], [ 77.493106735088091, 12.856653429505052 ], [ 77.492824115749698, 12.856381451574842 ], [ 77.492807847926898, 12.854733619906128 ], [ 77.493085042228344, 12.854456321083148 ], [ 77.493074197306797, 12.853357766721029 ], [ 77.49279158236638, 12.853085788010659 ], [ 77.492778029460666, 12.851712594591241 ], [ 77.492495416959571, 12.851440615134203 ] ] } },
{ "type": "Feature", "properties": { "type": "ghost_drain" }, "geometry": { "type": "LineString", "coordinates": [ [ 77.492495416959571, 12.851440615134203 ], [ 77.492215514788256, 12.851443274082058 ], [ 77.491085071817977, 12.850355350611983 ], [ 77.491082363560722, 12.850080711525584 ] ] } },
{ "type": "Feature", "properties": { "type": "ghost_drain" }, "geometry": { "type": "LineString", "coordinates": [ [ 77.638130546106268, 12.85907965712318 ], [ 77.637853537330372, 12.859357080177906 ], [ 77.637570788906757, 12.859085288536551 ], [ 77.637011031441332, 12.859090918758175 ], [ 77.636179998850579, 12.85992318455199 ], [ 77.636182867018789, 12.860197792104561 ], [ 77.63674836506253, 12.860741378011568 ], [ 77.636471353012993, 12.861018800221458 ], [ 77.636191471922103, 12.86102161472407 ], [ 77.635914458895087, 12.861299036517881 ], [ 77.635923063684743, 12.862122859247222 ], [ 77.635646049338618, 12.862400281027931 ], [ 77.635648917497463, 12.86267488864735 ], [ 77.635371902306602, 12.862952310303509 ], [ 77.634812135275055, 12.862957937495635 ], [ 77.634258101590419, 12.863512779323147 ], [ 77.634260968496292, 12.863787387227351 ], [ 77.63398395050541, 12.864064807926267 ], [ 77.633989684041694, 12.864614023826912 ], [ 77.633709798404595, 12.864616836453983 ], [ 77.633432778961293, 12.864894256847798 ], [ 77.632873006747602, 12.864899880735592 ], [ 77.632595985956442, 12.865177300476839 ], [ 77.632598851438047, 12.865451908714943 ], [ 77.63316435737714, 12.865995501384377 ], [ 77.633172956441243, 12.866819325650251 ], [ 77.632895934358231, 12.867096746017058 ], [ 77.632901666924624, 12.867645962273743 ], [ 77.632624643759002, 12.86792338257132 ] ] } },
{ "type": "Feature", "properties": { "type": "ghost_drain" }, "geometry": { "type": "LineString", "coordinates": [ [ 77.632624643759002, 12.86792338257132 ], [ 77.631784974715671, 12.867931817318762 ] ] } },
{ "type": "Feature", "properties": { "type": "ghost_drain" }, "geometry": { "type": "LineString", "coordinates": [ [ 77.726574737628951, 12.858724100398193 ], [ 77.726291914030867, 12.858452423278528 ], [ 77.726283017079467, 12.857628661535134 ], [ 77.72600019520506, 12.857356983771034 ], [ 77.725997230064209, 12.85708239643982 ], [ 77.72543158888071, 12.856539039472672 ], [ 77.724871877498046, 12.85654485599601 ], [ 77.724306239681496, 12.856001495850876 ], [ 77.723466673501292, 12.856010216230837 ], [ 77.723189779802027, 12.856287710426992 ], [ 77.722906962371269, 12.856016028328575 ], [ 77.722627106703328, 12.85601893393077 ], [ 77.72234429011435, 12.855747251038046 ], [ 77.721790499601909, 12.856302237269576 ], [ 77.721510643356069, 12.856305141744723 ], [ 77.721507683345422, 12.856030553361716 ], [ 77.721227827334445, 12.856033457474995 ], [ 77.720945011919767, 12.855761772772924 ], [ 77.720942052653228, 12.855487184248958 ], [ 77.720659238217479, 12.855215499044098 ], [ 77.720379382911133, 12.855218402071845 ], [ 77.720102485823872, 12.855495893524372 ], [ 77.719822630076976, 12.855498796020633 ], [ 77.719257003691467, 12.8549554222841 ], [ 77.718977148345829, 12.854958323758984 ], [ 77.718700249633542, 12.855235813985232 ], [ 77.718703206403958, 12.855510403027946 ], [ 77.718423350314382, 12.855513304035338 ], [ 77.718140537992781, 12.855241615574224 ], [ 77.717863637929696, 12.8555191051568 ], [ 77.717024068838967, 12.855527804605675 ], [ 77.716741257692178, 12.85525611433575 ] ] } },
{ "type": "Feature", "properties": { "type": "ghost_drain" }, "geometry": { "type": "LineString", "coordinates": [ [ 77.617427896120873, 12.860111060823362 ], [ 77.618259003055741, 12.859278842483526 ], [ 77.619098652469432, 12.859270456591739 ], [ 77.619652718504923, 12.858715642042492 ], [ 77.620492365106372, 12.858707252051543 ], [ 77.621046426494772, 12.858152435361239 ], [ 77.621326307823779, 12.858149637629273 ], [ 77.621603337237431, 12.857872228776655 ], [ 77.621883218130677, 12.857869430510567 ] ] } },
{ "type": "Feature", "properties": { "type": "ghost_drain" }, "geometry": { "type": "LineString", "coordinates": [ [ 77.535418980164948, 12.860916952231246 ], [ 77.5351363182928, 12.860645029359992 ], [ 77.535133559892273, 12.860370399812176 ], [ 77.534850898995316, 12.860098476451094 ], [ 77.534570996371087, 12.860101182346094 ], [ 77.53429385110833, 12.860378517676258 ], [ 77.533728531361049, 12.859834668383849 ], [ 77.532608920673781, 12.859845485167954 ], [ 77.532326262670921, 12.85957355845534 ], [ 77.532320752519595, 12.859024298109366 ], [ 77.53203809585932, 12.858752370841195 ], [ 77.532035341246953, 12.858477740592777 ], [ 77.531752685561656, 12.858205812835049 ], [ 77.531749931380659, 12.857931182514358 ], [ 77.530619316183319, 12.856843466984087 ], [ 77.530608305977168, 12.855744944583282 ], [ 77.529195057993732, 12.854385289323911 ], [ 77.529189556947316, 12.853836027426636 ], [ 77.528909660031005, 12.853838725990492 ], [ 77.528906909907008, 12.853564094972821 ], [ 77.528341617647925, 12.853020228795192 ], [ 77.528338868322308, 12.852745597639474 ], [ 77.529170305293079, 12.851913610587268 ], [ 77.529450200020662, 12.851910912142484 ], [ 77.53000448756444, 12.851356252705839 ], [ 77.530844169160702, 12.851348154154691 ], [ 77.531675592617717, 12.850516161468192 ], [ 77.53195548525359, 12.850513460640775 ], [ 77.532232624824559, 12.850236129137262 ], [ 77.532512517029275, 12.85023342777383 ] ] } },
{ "type": "Feature", "properties": { "type": "ghost_drain" }, "geometry": { "type": "LineString", "coordinates": [ [ 77.524782605802727, 12.861019596151072 ], [ 77.526445546123952, 12.859355629401966 ] ] } },
{ "type": "Feature", "properties": { "type": "ghost_drain" }, "geometry": { "type": "LineString", "coordinates": [ [ 77.526445546123952, 12.859355629401966 ], [ 77.527554160855104, 12.858246314528511 ], [ 77.52727150937622, 12.857974380983402 ], [ 77.527268760118147, 12.857699749703212 ], [ 77.526429055086808, 12.857707840744338 ], [ 77.526146405302711, 12.857435905637496 ], [ 77.525586602110053, 12.857441297459895 ], [ 77.525303953413385, 12.857169361214787 ], [ 77.525024051961566, 12.857172056321517 ], [ 77.525013065793431, 12.85607352918325 ], [ 77.524447773640645, 12.855529654182167 ], [ 77.524445027992329, 12.855255022250264 ], [ 77.524722181557493, 12.854977696276979 ], [ 77.52471943573282, 12.854703064391909 ], [ 77.524999334515428, 12.854700370118357 ], [ 77.524996588450776, 12.854425738286439 ], [ 77.525550892065027, 12.853871085519604 ], [ 77.525534414134611, 12.852223295033461 ], [ 77.527197301769803, 12.850559334201906 ], [ 77.527191806757486, 12.850010071294266 ] ] } },
{ "type": "Feature", "properties": { "type": "ghost_drain" }, "geometry": { "type": "LineString", "coordinates": [ [ 77.736661481734345, 12.859717477242487 ], [ 77.736938360613848, 12.859439971084257 ], [ 77.737218216718261, 12.859437049457776 ], [ 77.737495094618197, 12.859159542890781 ], [ 77.738054805875009, 12.859153698277506 ], [ 77.738608558363623, 12.85859868368405 ], [ 77.738605579221073, 12.858324099280026 ], [ 77.739436202697959, 12.857491576249577 ], [ 77.739433222921079, 12.857216992013377 ], [ 77.740272781879668, 12.857208219746816 ], [ 77.740549653806028, 12.856930711077826 ], [ 77.741109358688036, 12.85692486094463 ] ] } },
{ "type": "Feature", "properties": { "type": "ghost_drain" }, "geometry": { "type": "LineString", "coordinates": [ [ 77.741109358688036, 12.85692486094463 ], [ 77.741939968590316, 12.856092332487504 ], [ 77.742219819810032, 12.856089406274565 ], [ 77.742496688191125, 12.855811896205523 ], [ 77.742776538969181, 12.855808969461634 ], [ 77.74276759016503, 12.854985218941858 ], [ 77.742484757804192, 12.854713561908012 ], [ 77.742478793025413, 12.854164394720765 ], [ 77.74191313161414, 12.853621079069278 ], [ 77.741907168601784, 12.853071911572449 ], [ 77.741624339551237, 12.852800252954887 ], [ 77.741615396668266, 12.851976501448634 ], [ 77.741892262280118, 12.851698992718147 ], [ 77.741883319316287, 12.850875241328609 ], [ 77.741603473791614, 12.850878166017186 ], [ 77.741597512767825, 12.850328998262983 ], [ 77.741314687675683, 12.850057338573553 ], [ 77.740475153209573, 12.850066109379682 ] ] } },
{ "type": "Feature", "properties": { "type": "ghost_drain" }, "geometry": { "type": "LineString", "coordinates": [ [ 77.513594528576888, 12.861951079687675 ], [ 77.513586322976067, 12.861127177367214 ], [ 77.513303679834721, 12.860855226608027 ], [ 77.513287272546819, 12.859207421403671 ], [ 77.512439353376067, 12.858391565410569 ], [ 77.511599636423853, 12.858399609422515 ], [ 77.51159690411005, 12.858124974825733 ], [ 77.511316998636389, 12.858127655507829 ], [ 77.511034361456353, 12.857855701170511 ], [ 77.511028898360138, 12.857306431708825 ], [ 77.510748993671001, 12.857309111617452 ], [ 77.510466358072804, 12.857037156369492 ], [ 77.51045816591521, 12.856213251755932 ], [ 77.510175532025272, 12.855941295889119 ], [ 77.50989562866468, 12.855943974608127 ], [ 77.509612995622476, 12.855672017961703 ], [ 77.509333092439007, 12.855674696025655 ], [ 77.509050460244509, 12.855402738599668 ], [ 77.508490654168639, 12.855408093119538 ], [ 77.507642762671367, 12.854592216164713 ], [ 77.507365587196063, 12.854869527471944 ], [ 77.506800328981427, 12.854325606806883 ], [ 77.506523152646054, 12.854602917344669 ], [ 77.50624324998175, 12.854605591894783 ], [ 77.505966072672294, 12.854882902007457 ], [ 77.505686169578013, 12.854885576020692 ], [ 77.505688894755565, 12.85516021193391 ], [ 77.505411716231535, 12.855437521674123 ], [ 77.5051290877702, 12.855165559184526 ], [ 77.504849184182774, 12.855168232362887 ], [ 77.504572004558327, 12.855445541386201 ], [ 77.504574728647597, 12.855720177522812 ], [ 77.504014919942435, 12.855725522625642 ], [ 77.503732292316911, 12.85545355841654 ], [ 77.502892579507431, 12.85546157276513 ], [ 77.502044702439662, 12.854645674392438 ], [ 77.501767519628771, 12.854922980920398 ], [ 77.501487615587749, 12.854925650464251 ], [ 77.501484895027957, 12.854651013660263 ], [ 77.500919647648146, 12.854107077873751 ], [ 77.500916927884788, 12.853832440933038 ], [ 77.500637024869135, 12.853835109347411 ], [ 77.500354402697354, 12.853563140399045 ], [ 77.500348964700265, 12.853013866250532 ], [ 77.500066343868966, 12.852741896749782 ], [ 77.500063625331578, 12.852467259600893 ], [ 77.499215767580495, 12.851651348371371 ], [ 77.498376064496469, 12.851659345945373 ], [ 77.498093447182129, 12.851387373621499 ], [ 77.497816262125568, 12.851664676171946 ], [ 77.497256459502808, 12.851670005206971 ], [ 77.496979273106064, 12.851947307092743 ], [ 77.495859665639173, 12.851957960631783 ], [ 77.495577050123941, 12.851685985162753 ], [ 77.495297148340583, 12.851688647446109 ], [ 77.495014533673157, 12.851416671198688 ], [ 77.493894926873509, 12.851427315926648 ], [ 77.493612313775955, 12.851155337831017 ], [ 77.493052510480339, 12.85116065769448 ], [ 77.492775319068031, 12.851437955888464 ], [ 77.492495416959571, 12.851440615134203 ] ] } },
{ "type": "Feature", "properties": { "type": "ghost_drain" }, "geometry": { "type": "LineString", "coordinates": [ [ 77.688530997815079, 12.860764716650447 ], [ 77.689650472786369, 12.860753233730058 ], [ 77.689933268161298, 12.861024957735271 ], [ 77.690493005711829, 12.861019213764955 ], [ 77.690490078303029, 12.860744618411523 ], [ 77.690767019028343, 12.860467150746357 ], [ 77.690764091451584, 12.860192555443501 ], [ 77.692425721638187, 12.858527746065771 ], [ 77.692422792714851, 12.858253151098452 ], [ 77.692139998932248, 12.857981429647017 ], [ 77.692134142031946, 12.857432239553624 ], [ 77.69241400635201, 12.85742936615814 ], [ 77.692690941648777, 12.857151897535326 ], [ 77.692688012761224, 12.856877302599454 ], [ 77.693247739847919, 12.85687155457291 ], [ 77.693524673559253, 12.856594085360873 ], [ 77.693518814302493, 12.856044895837654 ], [ 77.693795746935606, 12.855767426562323 ] ] } },
{ "type": "Feature", "properties": { "type": "ghost_drain" }, "geometry": { "type": "LineString", "coordinates": [ [ 77.584711916724558, 12.863456742905653 ], [ 77.584991812050447, 12.863453982811578 ], [ 77.585274520926276, 12.863725841091908 ], [ 77.585554416425623, 12.863723080340762 ], [ 77.585831497637059, 12.863445700740799 ], [ 77.586111392702222, 12.863442939454364 ], [ 77.586394102532495, 12.863714796298744 ], [ 77.587233788052544, 12.86370650957387 ], [ 77.587787945439928, 12.863151747345269 ], [ 77.588627628158832, 12.86314345651471 ], [ 77.588910339767068, 12.863415310195148 ], [ 77.590029916765971, 12.863404250145047 ], [ 77.590027098051749, 12.863129632502197 ], [ 77.590304172881801, 12.862852249217264 ] ] } },
{ "type": "Feature", "properties": { "type": "ghost_drain" }, "geometry": { "type": "LineString", "coordinates": [ [ 77.590304172881801, 12.862852249217264 ], [ 77.590581247104325, 12.862574865749924 ], [ 77.590861140148903, 12.862572099579058 ], [ 77.591143852926862, 12.862843950521629 ], [ 77.591983532384049, 12.862835649143364 ], [ 77.592260604392052, 12.862558264253781 ] ] } },
{ "type": "Feature", "properties": { "type": "ghost_drain" }, "geometry": { "type": "LineString", "coordinates": [ [ 77.701985206208178, 12.862548756116988 ], [ 77.702265073916962, 12.862545871088193 ], [ 77.702547882498479, 12.862817578339721 ], [ 77.70310173515459, 12.862262621756654 ], [ 77.703661469351744, 12.86225684914476 ], [ 77.703944278739058, 12.862528554658294 ], [ 77.703947221198163, 12.862803146918303 ], [ 77.704230031564578, 12.863074851930064 ], [ 77.704789767038378, 12.863069076552458 ], [ 77.70479271054478, 12.863343668608623 ], [ 77.705923961455127, 12.864430481164348 ], [ 77.707323305174071, 12.864416029953183 ], [ 77.707888936628166, 12.864959430022617 ], [ 77.708165858078232, 12.864681946909881 ], [ 77.709285332220631, 12.864670376745876 ], [ 77.709850967714615, 12.865213771609913 ], [ 77.710130836550306, 12.865210877600273 ], [ 77.710407755259851, 12.864933392556422 ], [ 77.710401855349176, 12.864384211064831 ], [ 77.711509522230727, 12.86327426958146 ], [ 77.711792339696871, 12.863545964686125 ], [ 77.712072206232094, 12.863543068973545 ], [ 77.712069254762213, 12.86326847858199 ], [ 77.712346169220268, 12.862990992301215 ], [ 77.712626035011453, 12.862988096120436 ], [ 77.712902948490182, 12.86271060942895 ], [ 77.712620131198946, 12.862438915560778 ], [ 77.712617179395252, 12.862164325271346 ], [ 77.712894092168213, 12.861886838752284 ], [ 77.713173956608102, 12.861883942231131 ], [ 77.713450868401807, 12.861606455301454 ], [ 77.713442011078783, 12.860782684931277 ], [ 77.71399583143338, 12.860227710887315 ] ] } },
{ "type": "Feature", "properties": { "type": "ghost_drain" }, "geometry": { "type": "LineString", "coordinates": [ [ 77.462119637928396, 12.865460935381314 ], [ 77.461565148583006, 12.866015483673689 ], [ 77.461567828200856, 12.866290128583811 ], [ 77.461013335939882, 12.866844676225185 ] ] } },
{ "type": "Feature", "properties": { "type": "ghost_drain" }, "geometry": { "type": "LineString", "coordinates": [ [ 77.461013335939882, 12.866844676225185 ], [ 77.460730731175332, 12.866572659626311 ], [ 77.460450805482765, 12.866575287742648 ], [ 77.460173557950199, 12.866852560748065 ], [ 77.459613705646916, 12.866857815605233 ], [ 77.458781957205204, 12.867689632047155 ], [ 77.458784634155293, 12.867964277499011 ], [ 77.45766492319656, 12.867974780980939 ], [ 77.457387670793906, 12.868252051840697 ], [ 77.457390346347836, 12.868526697569463 ], [ 77.457113093095046, 12.868803968291965 ], [ 77.457121119402373, 12.8696279055953 ], [ 77.456843864815184, 12.869905176283678 ], [ 77.456857242022537, 12.871278405254678 ], [ 77.455748212748873, 12.872387487150236 ], [ 77.454908412982661, 12.872395358140817 ], [ 77.453777989594784, 12.871307263008758 ], [ 77.453218124712365, 12.871312505994004 ], [ 77.452663601775626, 12.871867041064657 ], [ 77.452103735181907, 12.871872281893792 ], [ 77.450440147381542, 12.873535879677172 ], [ 77.450160211796174, 12.873538498199952 ] ] } },
{ "type": "Feature", "properties": { "type": "ghost_drain" }, "geometry": { "type": "LineString", "coordinates": [ [ 77.743416823942582, 12.863216863672122 ], [ 77.743413838465003, 12.862942280474385 ], [ 77.742848151799663, 12.862398971541019 ], [ 77.74284218254293, 12.861849804842253 ], [ 77.743119055100863, 12.861572293085279 ], [ 77.743110101030936, 12.860748543163501 ], [ 77.742827260610895, 12.860476887983012 ], [ 77.741987692591124, 12.860485670614626 ], [ 77.74142201497898, 12.859942356778717 ], [ 77.741416050001945, 12.859393189318761 ], [ 77.741133212851736, 12.859121531608807 ], [ 77.741109358688036, 12.85692486094463 ] ] } },
{ "type": "Feature", "properties": { "type": "ghost_drain" }, "geometry": { "type": "LineString", "coordinates": [ [ 77.590046830422438, 12.865051955868855 ], [ 77.590044011316436, 12.864777338264089 ], [ 77.59032108757745, 12.864499954651233 ], [ 77.590304172881801, 12.862852249217264 ] ] } },
{ "type": "Feature", "properties": { "type": "ghost_drain" }, "geometry": { "type": "LineString", "coordinates": [ [ 77.677094189040048, 12.864451920273073 ], [ 77.676817226815913, 12.864729377229398 ], [ 77.675977598602614, 12.864737951398471 ], [ 77.675700634657431, 12.86501540747139 ], [ 77.675715196973343, 12.866388400438746 ], [ 77.675438231239113, 12.866665856616345 ], [ 77.675441143668323, 12.866940455247272 ], [ 77.675164177090181, 12.867217911303023 ], [ 77.675170001678197, 12.86776710865894 ], [ 77.6757297609755, 12.867761393246404 ], [ 77.679688916231797, 12.871565718623131 ], [ 77.679965880649931, 12.871288257899343 ], [ 77.680248681876918, 12.871559991904117 ], [ 77.680254519563832, 12.872109186785476 ] ] } },
{ "type": "Feature", "properties": { "type": "ghost_drain" }, "geometry": { "type": "LineString", "coordinates": [ [ 77.565978331737711, 12.865563350015064 ], [ 77.565695637133032, 12.86529146738091 ] ] } },
{ "type": "Feature", "properties": { "type": "ghost_drain" }, "geometry": { "type": "LineString", "coordinates": [ [ 77.565695637133032, 12.86529146738091 ], [ 77.565412943136053, 12.865019584321416 ] ] } },
{ "type": "Feature", "properties": { "type": "ghost_drain" }, "geometry": { "type": "LineString", "coordinates": [ [ 77.641552321326927, 12.865087182746418 ], [ 77.641275311776425, 12.865364609858778 ], [ 77.640715542070382, 12.86537025068758 ], [ 77.640161519665227, 12.865925103428507 ], [ 77.63988163397164, 12.865927922923953 ], [ 77.639327608395419, 12.866482774472521 ], [ 77.639333354672146, 12.867031987899006 ], [ 77.639616115256047, 12.867303775392646 ], [ 77.63962186253967, 12.867852988656587 ], [ 77.639344848024024, 12.868130414675521 ] ] } },
{ "type": "Feature", "properties": { "type": "ghost_drain" }, "geometry": { "type": "LineString", "coordinates": [ [ 77.639344848024024, 12.868130414675521 ], [ 77.639064959700221, 12.868133233773891 ], [ 77.638782198479788, 12.867861445765238 ], [ 77.638502310326786, 12.867864264205162 ], [ 77.638505182852995, 12.868138871076173 ], [ 77.638228166618504, 12.868416296206858 ], [ 77.638231038973899, 12.868690903127256 ], [ 77.636551702790783, 12.868707806834827 ], [ 77.636268942965927, 12.868436015720686 ], [ 77.63599192353125, 12.868713439018675 ], [ 77.635152254143591, 12.86872188505818 ], [ 77.634875232990225, 12.868999307467462 ], [ 77.633744201554251, 12.867912132067261 ], [ 77.633467179261856, 12.868189553128907 ], [ 77.633184422789398, 12.867917757915594 ], [ 77.632624643759002, 12.86792338257132 ] ] } },
{ "type": "Feature", "properties": { "type": "ghost_drain" }, "geometry": { "type": "LineString", "coordinates": [ [ 77.660595891132687, 12.865993077105426 ], [ 77.66087287582225, 12.865715633565202 ], [ 77.661992398149152, 12.865704264369187 ], [ 77.66226938074773, 12.865426819708265 ], [ 77.662257790157213, 12.864328413177512 ], [ 77.662811751638827, 12.863773523769066 ], [ 77.66280885368576, 12.863498922233067 ], [ 77.663085833278828, 12.863221477316671 ], [ 77.663645588035436, 12.86321578967461 ], [ 77.664211141399576, 12.863759303291662 ], [ 77.664488119374937, 12.863481857142462 ], [ 77.665327751312873, 12.863473320573931 ], [ 77.66561052948137, 12.86374507536366 ], [ 77.665613430538755, 12.86401967626589 ], [ 77.665896209685599, 12.864291430556522 ], [ 77.666455965528485, 12.864285736451983 ], [ 77.666738745755822, 12.864557489590988 ], [ 77.66701862381295, 12.864554641730832 ] ] } },
{ "type": "Feature", "properties": { "type": "ghost_drain" }, "geometry": { "type": "LineString", "coordinates": [ [ 77.480898721755352, 12.867755855742837 ], [ 77.480621499753084, 12.868033146534627 ], [ 77.480624200540575, 12.868307787436532 ], [ 77.480064353682465, 12.868313086542527 ], [ 77.478955455694816, 12.869422246121328 ], [ 77.478963553710301, 12.870246169764998 ], [ 77.47840909961873, 12.87080074873988 ], [ 77.478414497641964, 12.871350031345832 ], [ 77.477860040151384, 12.871904609777355 ], [ 77.477580112175758, 12.871907257255161 ], [ 77.477582810493786, 12.872181898711183 ], [ 77.477028349353915, 12.872736476014884 ] ] } },
{ "type": "Feature", "properties": { "type": "ghost_drain" }, "geometry": { "type": "LineString", "coordinates": [ [ 77.477028349353915, 12.872736476014884 ], [ 77.476473885781033, 12.873291052566497 ] ] } },
{ "type": "Feature", "properties": { "type": "ghost_drain" }, "geometry": { "type": "LineString", "coordinates": [ [ 77.476473885781033, 12.873291052566497 ], [ 77.476196653082184, 12.873568340560222 ], [ 77.476199350254305, 12.873842982270153 ], [ 77.475919419775039, 12.873845628365869 ], [ 77.475924813698285, 12.874394911883476 ], [ 77.475647579299348, 12.874672199605055 ], [ 77.47565297298884, 12.875221483201488 ], [ 77.473712311776325, 12.877162492711552 ], [ 77.473717702330077, 12.877711777010639 ], [ 77.473440462096434, 12.877989063434455 ], [ 77.473443157224992, 12.878263705626511 ], [ 77.472611432147104, 12.879095563923824 ] ] } },
{ "type": "Feature", "properties": { "type": "ghost_drain" }, "geometry": { "type": "LineString", "coordinates": [ [ 77.472611432147104, 12.879095563923824 ], [ 77.471502456856328, 12.880204705682795 ], [ 77.471222518319081, 12.8802073480439 ], [ 77.470945272608148, 12.880484632772152 ], [ 77.470665333641946, 12.88048727459427 ], [ 77.470382702333438, 12.880215273335658 ], [ 77.469262946813743, 12.880225836211004 ], [ 77.468985698536486, 12.880503119256355 ] ] } },
{ "type": "Feature", "properties": { "type": "ghost_drain" }, "geometry": { "type": "LineString", "coordinates": [ [ 77.468985698536486, 12.880503119256355 ], [ 77.468708449650563, 12.880780402113112 ], [ 77.468148570050687, 12.880785680797404 ], [ 77.468145880143069, 12.880511037556262 ], [ 77.467865940554105, 12.88051367639236 ], [ 77.467588690201836, 12.880790958287255 ], [ 77.46730875018406, 12.880793596584262 ], [ 77.467031498856528, 12.881070878049997 ], [ 77.466191677330229, 12.881078790427827 ] ] } },
{ "type": "Feature", "properties": { "type": "ghost_drain" }, "geometry": { "type": "LineString", "coordinates": [ [ 77.466191677330229, 12.881078790427827 ], [ 77.465626421602394, 12.880534776331364 ], [ 77.46561836046979, 12.879710845001242 ], [ 77.465053109375589, 12.879166828834318 ], [ 77.465050423188686, 12.878892184916277 ], [ 77.464770484741393, 12.878894820119346 ], [ 77.464487860715792, 12.878622810983391 ], [ 77.463648045727425, 12.878630713731358 ], [ 77.463365423036848, 12.878358703104654 ], [ 77.463357370699043, 12.877534770230165 ], [ 77.463074749716185, 12.877262758989607 ] ] } },
{ "type": "Feature", "properties": { "type": "ghost_drain" }, "geometry": { "type": "LineString", "coordinates": [ [ 77.463074749716185, 12.877262758989607 ], [ 77.463352002784418, 12.876985481615693 ], [ 77.463327850243644, 12.874513682538922 ], [ 77.463605100524589, 12.874236405441819 ], [ 77.463597050069637, 12.873412472458112 ], [ 77.46387429901614, 12.873135195327528 ], [ 77.463858198331536, 12.871487329500589 ], [ 77.463575584923191, 12.871215317557942 ], [ 77.46357290205944, 12.870940673167098 ], [ 77.462159845971343, 12.869580606821732 ], [ 77.462154484091883, 12.869031317378131 ], [ 77.461306659933214, 12.868215272137558 ], [ 77.461303980184923, 12.867940627213494 ], [ 77.461021373714232, 12.867668611227908 ], [ 77.461013335939882, 12.866844676225185 ] ] } },
{ "type": "Feature", "properties": { "type": "ghost_drain" }, "geometry": { "type": "LineString", "coordinates": [ [ 77.545007676966122, 12.867965059511283 ], [ 77.545287586032572, 12.867962340850134 ], [ 77.545284814964404, 12.867687713626843 ], [ 77.545561952354831, 12.867410367557735 ], [ 77.545559181111088, 12.867135740381737 ], [ 77.54777625643554, 12.864916965612638 ], [ 77.548056161517067, 12.864914244629254 ], [ 77.548053388116202, 12.864639617936145 ], [ 77.548330519189165, 12.864362270075192 ] ] } },
{ "type": "Feature", "properties": { "type": "ghost_drain" }, "geometry": { "type": "LineString", "coordinates": [ [ 77.599597213001815, 12.868253126245454 ], [ 77.599877110333139, 12.868250349250996 ], [ 77.600431242597224, 12.867695563826901 ] ] } },
{ "type": "Feature", "properties": { "type": "ghost_drain" }, "geometry": { "type": "LineString", "coordinates": [ [ 77.518152559711652, 12.869872460265196 ], [ 77.517869900968222, 12.869600517323333 ], [ 77.516750233222638, 12.869611274450138 ], [ 77.516467576049365, 12.869339329654721 ], [ 77.515347908250732, 12.869350080578505 ], [ 77.515070729700682, 12.869627401191355 ], [ 77.513951059417664, 12.869638146386141 ], [ 77.51367387878993, 12.869915465856513 ], [ 77.513676615954822, 12.870190099767626 ], [ 77.513399434478401, 12.870467419104674 ], [ 77.513402171466026, 12.870742053062358 ], [ 77.512847806207603, 12.871296691283455 ] ] } },
{ "type": "Feature", "properties": { "type": "ghost_drain" }, "geometry": { "type": "LineString", "coordinates": [ [ 77.512847806207603, 12.871296691283455 ], [ 77.511999840004506, 12.870480841791037 ], [ 77.511719920919688, 12.870483525433336 ], [ 77.51143726697552, 12.870211574399084 ], [ 77.511157348068068, 12.870214257385586 ], [ 77.510309390605983, 12.869398400672937 ], [ 77.510306657279273, 12.869123766032898 ], [ 77.509458706391186, 12.868307905318183 ], [ 77.509453242131258, 12.867758635626597 ], [ 77.509170593785669, 12.867486681078574 ], [ 77.506931261024377, 12.867508112799271 ], [ 77.506083325412519, 12.866692238043276 ], [ 77.504683743993851, 12.866705617816315 ], [ 77.504401101209581, 12.866433656932877 ], [ 77.503841268681626, 12.866439006039968 ], [ 77.503558626986845, 12.866167044019596 ], [ 77.502718878443915, 12.866175064371895 ], [ 77.502436238079454, 12.865903100857516 ], [ 77.502433514085283, 12.865628464482521 ], [ 77.502150874695701, 12.865356500480488 ], [ 77.501870959174099, 12.865359172561542 ], [ 77.501588320633161, 12.865087207779991 ], [ 77.501308405289322, 12.86508987920571 ], [ 77.500743130512575, 12.864545947661354 ], [ 77.500740408657194, 12.864271310901303 ], [ 77.500175137045431, 12.863727377537352 ], [ 77.49989522290582, 12.863730047177626 ], [ 77.499892502151198, 12.863455410221993 ], [ 77.499612588252404, 12.863458079505216 ], [ 77.499047320768781, 12.862914142893754 ], [ 77.498487493745586, 12.862919479137611 ], [ 77.498484774699293, 12.862644841868745 ], [ 77.496788991924049, 12.861013017228272 ], [ 77.496783558421896, 12.86046374189006 ], [ 77.496500930819579, 12.860191769509226 ], [ 77.496492782138603, 12.859367856259318 ], [ 77.495644906277207, 12.858551935999115 ], [ 77.495639476337956, 12.858002660077119 ], [ 77.495359567570645, 12.858005323712268 ], [ 77.495076944472615, 12.857733348961386 ], [ 77.494799749847303, 12.858010650088453 ], [ 77.49312029516804, 12.858026622063999 ], [ 77.492837673996846, 12.857754644458867 ] ] } },
{ "type": "Feature", "properties": { "type": "ghost_drain" }, "geometry": { "type": "LineString", "coordinates": [ [ 77.647470227590404, 12.868872345727723 ], [ 77.647190340287466, 12.868875173659388 ], [ 77.646913334826323, 12.869152606271358 ], [ 77.643554677541132, 12.869186515364181 ], [ 77.642989145151574, 12.868642950997879 ], [ 77.641589704155479, 12.868657063510236 ], [ 77.641306940058556, 12.868385278881647 ], [ 77.640747163668479, 12.868390921078742 ], [ 77.640464400653826, 12.86811913530053 ], [ 77.640187387012091, 12.868396562083207 ], [ 77.639904624472038, 12.868124775584327 ], [ 77.639344848024024, 12.868130414675521 ] ] } },
{ "type": "Feature", "properties": { "type": "ghost_drain" }, "geometry": { "type": "LineString", "coordinates": [ [ 77.570504327075639, 12.87018803604346 ], [ 77.570221622377105, 12.869916160284328 ], [ 77.56994451501447, 12.870193527836767 ], [ 77.568824890114655, 12.870204507844186 ], [ 77.568542186851232, 12.869932629932377 ], [ 77.567982374491123, 12.869938117428982 ], [ 77.566851569430398, 12.868850598656293 ], [ 77.566291758725185, 12.868856082090177 ], [ 77.565443662747882, 12.868040436391045 ], [ 77.565438076781803, 12.867491190617235 ], [ 77.565715187651307, 12.867213827410254 ], [ 77.565695637133032, 12.86529146738091 ] ] } },
{ "type": "Feature", "properties": { "type": "ghost_drain" }, "geometry": { "type": "LineString", "coordinates": [ [ 77.72724426920982, 12.868877995334927 ], [ 77.72696736930871, 12.869155495284812 ], [ 77.725847891774336, 12.869167144908493 ], [ 77.725850859634733, 12.869441732021834 ], [ 77.725570989775548, 12.869444643746704 ], [ 77.725288152594857, 12.869172967931773 ], [ 77.723888803444012, 12.869187520273302 ], [ 77.723323133256514, 12.868644163722488 ], [ 77.723046228375722, 12.868921660339769 ], [ 77.722766358437383, 12.868924568955375 ], [ 77.722489452576582, 12.869202065162419 ], [ 77.722209582197166, 12.869204973245948 ] ] } },
{ "type": "Feature", "properties": { "type": "ghost_drain" }, "geometry": { "type": "LineString", "coordinates": [ [ 77.722209582197166, 12.869204973245948 ], [ 77.721643914831532, 12.868661612348655 ], [ 77.721084174807629, 12.868667426172694 ], [ 77.719387190114233, 12.86703732875171 ], [ 77.718547583797644, 12.867046040734058 ], [ 77.718270673997949, 12.867323533027355 ], [ 77.717431065947807, 12.867332241625091 ], [ 77.717425149619686, 12.866783063444133 ], [ 77.717142322982568, 12.866511376421874 ], [ 77.716862454338255, 12.866514278201675 ], [ 77.716296803356883, 12.865970902135942 ], [ 77.716016935114595, 12.865973802893706 ], [ 77.715734110770342, 12.865702113850308 ], [ 77.715728198908693, 12.865152934824827 ], [ 77.715168463904106, 12.865158734466556 ], [ 77.714885641382097, 12.864887044126244 ], [ 77.714605774012412, 12.864889943138161 ], [ 77.714602819467487, 12.864615353353662 ], [ 77.714319998160249, 12.864343662148837 ], [ 77.714040131261086, 12.864346560436926 ] ] } },
{ "type": "Feature", "properties": { "type": "ghost_drain" }, "geometry": { "type": "LineString", "coordinates": [ [ 77.616133830755757, 12.870285667766476 ], [ 77.615856783247224, 12.870563074379962 ], [ 77.615859631753906, 12.870837686205201 ], [ 77.61502848486694, 12.871669905122975 ], [ 77.614748587134159, 12.871672699019863 ], [ 77.61475143468877, 12.871947311066025 ], [ 77.614197332508553, 12.872502122407703 ] ] } },
{ "type": "Feature", "properties": { "type": "ghost_drain" }, "geometry": { "type": "LineString", "coordinates": [ [ 77.614197332508553, 12.872502122407703 ], [ 77.613920280506491, 12.872779527806287 ], [ 77.613923127412804, 12.87305414001171 ], [ 77.614205874139486, 12.873325958839287 ], [ 77.614222959180921, 12.87497363153066 ], [ 77.613943057602256, 12.874976425271532 ], [ 77.613945905035806, 12.875251037426057 ], [ 77.613391794921171, 12.875805848672073 ], [ 77.612831989478167, 12.875811434434691 ], [ 77.612834835893111, 12.876086046816319 ], [ 77.612003663225565, 12.876918261067553 ], [ 77.612009354823698, 12.877467486142695 ], [ 77.611729449981183, 12.877470278050456 ], [ 77.611732295574924, 12.877744890639999 ], [ 77.609792863801587, 12.879686717030953 ], [ 77.609801395972923, 12.880510555918994 ] ] } },
{ "type": "Feature", "properties": { "type": "ghost_drain" }, "geometry": { "type": "LineString", "coordinates": [ [ 77.53216211948515, 12.871110725479031 ], [ 77.532159362000101, 12.870836095515047 ], [ 77.531876689768353, 12.87056417072524 ], [ 77.53187117572547, 12.870014910646384 ] ] } },
{ "type": "Feature", "properties": { "type": "ghost_drain" }, "geometry": { "type": "LineString", "coordinates": [ [ 77.53187117572547, 12.870014910646384 ], [ 77.531862905139917, 12.869191020480683 ], [ 77.531580235355392, 12.868919094937217 ], [ 77.531549918835864, 12.865898163117361 ], [ 77.531267253704627, 12.86562623642468 ], [ 77.531264498408063, 12.86535160615537 ], [ 77.530133845431564, 12.864263894883694 ], [ 77.529853937164972, 12.864266596605491 ], [ 77.52957127568024, 12.863994667370632 ], [ 77.529291367589963, 12.863997368436536 ], [ 77.529008706953022, 12.863725438420332 ], [ 77.529003202178558, 12.863176176833463 ], [ 77.527872568648192, 12.862088452005958 ], [ 77.527592662302226, 12.862091150866199 ], [ 77.527310005678771, 12.861819218242887 ], [ 77.526750193275831, 12.861824614353784 ], [ 77.52673644620063, 12.860451457736641 ], [ 77.526453792502338, 12.860179523645517 ], [ 77.526445546123952, 12.859355629401966 ] ] } },
{ "type": "Feature", "properties": { "type": "ghost_drain" }, "geometry": { "type": "LineString", "coordinates": [ [ 77.475897846579386, 12.871648494043452 ], [ 77.476463096750194, 12.872192485871883 ], [ 77.476473885781033, 12.873291052566497 ] ] } },
{ "type": "Feature", "properties": { "type": "ghost_drain" }, "geometry": { "type": "LineString", "coordinates": [ [ 77.490179521125484, 12.87206246417667 ], [ 77.489614247288969, 12.871518507321356 ], [ 77.488782603423019, 12.872350403629371 ], [ 77.487662898479144, 12.872361038766931 ], [ 77.487385681173365, 12.872638336202225 ], [ 77.487103045630803, 12.872366354545358 ], [ 77.487100336910601, 12.872091715083588 ], [ 77.486540484419621, 12.872097029551304 ], [ 77.48626326588797, 12.872374325975068 ], [ 77.485703412412605, 12.872379638769578 ], [ 77.485426192539151, 12.872656934526086 ], [ 77.484586410755711, 12.872664900760309 ], [ 77.484031966983423, 12.873219490271142 ], [ 77.483472110680793, 12.873224798642358 ], [ 77.483194887148741, 12.873502092636391 ], [ 77.482075172325139, 12.873512704838074 ], [ 77.481797946717819, 12.87378999768455 ] ] } },
{ "type": "Feature", "properties": { "type": "ghost_drain" }, "geometry": { "type": "LineString", "coordinates": [ [ 77.481797946717819, 12.87378999768455 ], [ 77.480118370404639, 12.873805905594429 ], [ 77.479835739674115, 12.873533914917079 ], [ 77.479555810311268, 12.873536564834042 ], [ 77.479273180430638, 12.873264573378316 ], [ 77.478713322000644, 12.873269871603327 ], [ 77.478148065030709, 12.872725886000158 ], [ 77.477028349353915, 12.872736476014884 ] ] } },
{ "type": "Feature", "properties": { "type": "ghost_drain" }, "geometry": { "type": "LineString", "coordinates": [ [ 77.579195423950594, 12.871475859913726 ], [ 77.579229134051147, 12.874771297411961 ], [ 77.578952034190607, 12.875048673547417 ], [ 77.579234753311681, 12.87532053690615 ], [ 77.579237563039499, 12.875595156643723 ], [ 77.579803003844546, 12.876138881948313 ], [ 77.580082914324137, 12.87613612442496 ], [ 77.580088536059748, 12.876685363491138 ], [ 77.580653981252624, 12.877229086103831 ], [ 77.580659604725312, 12.877778324876129 ], [ 77.580382504080802, 12.878055702798346 ], [ 77.58040499866145, 12.88025265806899 ], [ 77.579850791721185, 12.880807414234345 ], [ 77.579864850556945, 12.882180511616314 ], [ 77.579310638790659, 12.882735267592379 ], [ 77.579030720815112, 12.882738025678405 ], [ 77.579033531994682, 12.883012645305303 ], [ 77.578756424590097, 12.883290022834805 ], [ 77.578759235595427, 12.883564642509739 ], [ 77.578482127342966, 12.883842019910171 ], [ 77.577922288502279, 12.883847534478113 ], [ 77.577930719364602, 12.88467139399231 ], [ 77.577376498120458, 12.885226147617397 ], [ 77.577096576950936, 12.885228904159822 ], [ 77.576542352533295, 12.885783656574807 ], [ 77.576545161688941, 12.886058276678275 ], [ 77.576265239411384, 12.886061032506888 ], [ 77.575711011341284, 12.88661578382013 ], [ 77.575713819778699, 12.886890404086571 ], [ 77.575436704591056, 12.887167779522009 ], [ 77.575453555142829, 12.888815501313152 ], [ 77.575176437909491, 12.88909287689072 ], [ 77.575179246322605, 12.889367497221322 ], [ 77.574625009550132, 12.889922247933756 ], [ 77.57378522837287, 12.889930510798688 ], [ 77.572953865322432, 12.890762633345657 ], [ 77.572959478120922, 12.891311874894331 ], [ 77.572682355406897, 12.89158924881737 ] ] } },
{ "type": "Feature", "properties": { "type": "ghost_drain" }, "geometry": { "type": "LineString", "coordinates": [ [ 77.572682355406897, 12.89158924881737 ], [ 77.572965091178972, 12.8918611164176 ], [ 77.572970704496583, 12.892410357915457 ], [ 77.572693580823994, 12.892687732055489 ], [ 77.572696387340486, 12.892962352849135 ], [ 77.572979124959716, 12.893234220114609 ], [ 77.572990353152377, 12.894332702957872 ], [ 77.573555833174069, 12.894876435673972 ], [ 77.574115698450413, 12.894870925811146 ], [ 77.57439843985442, 12.895142790810581 ], [ 77.575518170586619, 12.895131766060697 ], [ 77.57693189153845, 12.89649107746936 ], [ 77.577211825257336, 12.896488318736964 ], [ 77.577494571515132, 12.896760179379269 ], [ 77.577774505408641, 12.896757419988383 ], [ 77.581450265325898, 12.900291564828049 ] ] } },
{ "type": "Feature", "properties": { "type": "ghost_drain" }, "geometry": { "type": "LineString", "coordinates": [ [ 77.581450265325898, 12.900291564828049 ], [ 77.581730202269455, 12.900288800462191 ], [ 77.582284438767275, 12.899734033711393 ], [ 77.582844310979596, 12.899728503130174 ], [ 77.583127066466616, 12.900000355772885 ], [ 77.583135525293258, 12.90082421088001 ], [ 77.583701040315077, 12.901367914481112 ], [ 77.586500413795051, 12.9013402310153 ] ] } },
{ "type": "Feature", "properties": { "type": "ghost_drain" }, "geometry": { "type": "LineString", "coordinates": [ [ 77.586500413795051, 12.9013402310153 ], [ 77.586783174615746, 12.901612078576314 ] ] } },
{ "type": "Feature", "properties": { "type": "ghost_drain" }, "geometry": { "type": "LineString", "coordinates": [ [ 77.586783174615746, 12.901612078576314 ], [ 77.587063111844529, 12.90160930822532 ], [ 77.587340224567143, 12.901331920145118 ], [ 77.588739907881958, 12.901318062714918 ], [ 77.588742733846686, 12.901592679840329 ], [ 77.590156555475303, 12.902951898637131 ], [ 77.590436493444429, 12.902949124393077 ], [ 77.590990711792955, 12.902394341790359 ], [ 77.590987883194131, 12.902119725172055 ], [ 77.591264991214629, 12.901842333650363 ], [ 77.591547756846253, 12.902114174956939 ], [ 77.59182769357426, 12.902111399400864 ], [ 77.592393227144925, 12.902655080011492 ], [ 77.592673164286339, 12.902652303436261 ], [ 77.592955932225394, 12.902924142740225 ], [ 77.593233038372972, 12.902646749388737 ], [ 77.594072849012278, 12.902638416074792 ], [ 77.594355618148185, 12.902910253578199 ], [ 77.594635555136449, 12.902907474848716 ], [ 77.594918325121256, 12.903179311564363 ], [ 77.595195428916611, 12.902901916492661 ], [ 77.595192595615273, 12.902627300803251 ], [ 77.595752468524026, 12.902621741373363 ], [ 77.596318010277315, 12.903165411630736 ], [ 77.597437757223361, 12.903154286301275 ], [ 77.597720529971539, 12.903426119347602 ], [ 77.597726202518999, 12.903975349581025 ] ] } },
{ "type": "Feature", "properties": { "type": "ghost_drain" }, "geometry": { "type": "LineString", "coordinates": [ [ 77.597726202518999, 12.903975349581025 ], [ 77.598286077296692, 12.903969784156899 ], [ 77.598563177366316, 12.903692386066327 ], [ 77.60024279790396, 12.903675681189881 ], [ 77.60079699176994, 12.903120881606151 ], [ 77.601076927555894, 12.903118095937883 ] ] } },
{ "type": "Feature", "properties": { "type": "ghost_drain" }, "geometry": { "type": "LineString", "coordinates": [ [ 77.601076927555894, 12.903118095937883 ], [ 77.601359703413991, 12.903389924300875 ], [ 77.601639639373531, 12.903387137973283 ] ] } },
{ "type": "Feature", "properties": { "type": "ghost_drain" }, "geometry": { "type": "LineString", "coordinates": [ [ 77.601639639373531, 12.903387137973283 ], [ 77.604159060055281, 12.903362047568578 ], [ 77.604441838914354, 12.903633871900215 ], [ 77.605281645343439, 12.903625501968317 ], [ 77.605558735913078, 12.90334809798885 ], [ 77.605838670887493, 12.903345307175824 ], [ 77.606392849457023, 12.902790498193673 ], [ 77.606390003964592, 12.9025158849546 ], [ 77.606669937827462, 12.902513093428675 ], [ 77.606952717726557, 12.902784914720025 ], [ 77.607229805355956, 12.902507509479809 ] ] } },
{ "type": "Feature", "properties": { "type": "ghost_drain" }, "geometry": { "type": "LineString", "coordinates": [ [ 77.607229805355956, 12.902507509479809 ], [ 77.60750689237581, 12.902230104057038 ], [ 77.607789672621379, 12.902501924334924 ], [ 77.60862947302617, 12.902493544375067 ], [ 77.609195036779766, 12.903037181483453 ], [ 77.609197885451508, 12.903311794095547 ], [ 77.609477819570884, 12.903308999395206 ], [ 77.609760602971576, 12.903580816878637 ], [ 77.61116027377571, 12.903566837089066 ], [ 77.612574205896721, 12.904925909067066 ] ] } },
{ "type": "Feature", "properties": { "type": "ghost_drain" }, "geometry": { "type": "LineString", "coordinates": [ [ 77.514258357031693, 12.872381798240774 ], [ 77.513975698349341, 12.872109850882788 ], [ 77.513972960436718, 12.871835217075089 ], [ 77.513407645631361, 12.871291320958786 ], [ 77.512847806207603, 12.871296691283455 ] ] } },
{ "type": "Feature", "properties": { "type": "ghost_drain" }, "geometry": { "type": "LineString", "coordinates": [ [ 77.722507238894849, 12.87084959236492 ], [ 77.722224402438414, 12.870577912917927 ], [ 77.722221438252916, 12.870303324996357 ], [ 77.721938602776603, 12.870031645046099 ], [ 77.722215510087793, 12.869754149133977 ], [ 77.722209582197166, 12.869204973245948 ] ] } },
{ "type": "Feature", "properties": { "type": "ghost_drain" }, "geometry": { "type": "LineString", "coordinates": [ [ 77.614194485430076, 12.872227510251117 ], [ 77.614197332508553, 12.872502122407703 ] ] } },
{ "type": "Feature", "properties": { "type": "ghost_drain" }, "geometry": { "type": "LineString", "coordinates": [ [ 77.60523769954581, 12.872316742313314 ], [ 77.605243374312963, 12.872865970553647 ], [ 77.604135114369612, 12.873975560961824 ] ] } },
{ "type": "Feature", "properties": { "type": "ghost_drain" }, "geometry": { "type": "LineString", "coordinates": [ [ 77.590979615174376, 12.874106027959 ], [ 77.591819332208345, 12.874097719968393 ], [ 77.592102061210241, 12.874369567003225 ], [ 77.592381966996243, 12.874366796716959 ], [ 77.593512890039989, 12.875454179150458 ], [ 77.59352419163973, 12.876552645610825 ], [ 77.593247108941839, 12.876830034239378 ], [ 77.593249934266538, 12.877104650893308 ], [ 77.592972850721651, 12.877382039393973 ], [ 77.594103791933094, 12.878469415984842 ], [ 77.594106618562606, 12.87874403241738 ], [ 77.594389355755823, 12.879015875430222 ], [ 77.59522908685814, 12.879007553399454 ], [ 77.595511825375965, 12.879279394906561 ], [ 77.595523139155389, 12.880377859300067 ], [ 77.595805879760164, 12.880649700110142 ], [ 77.595811537781913, 12.881198932133774 ] ] } },
{ "type": "Feature", "properties": { "type": "ghost_drain" }, "geometry": { "type": "LineString", "coordinates": [ [ 77.595811537781913, 12.881198932133774 ], [ 77.595814366890963, 12.881473548136052 ], [ 77.596379852144025, 12.882017228069806 ], [ 77.596659765465091, 12.882014451596152 ], [ 77.596942509243135, 12.882286290562583 ], [ 77.598342076059993, 12.882272401917952 ], [ 77.598624821640328, 12.882544238658587 ], [ 77.599464561660412, 12.882535900810241 ], [ 77.60031280420111, 12.883351405230364 ], [ 77.601712373170557, 12.88333749744891 ], [ 77.601989450506238, 12.88306010038581 ], [ 77.602269363733456, 12.883057317696601 ], [ 77.602546440090705, 12.882779920213908 ], [ 77.603386178268877, 12.882771569643301 ], [ 77.603663252907893, 12.882494171266629 ], [ 77.60478290141333, 12.882483032044187 ], [ 77.605065652852531, 12.882754860441635 ], [ 77.605342725271967, 12.882477460641798 ], [ 77.605622637102741, 12.882474674492814 ], [ 77.60561979708288, 12.882200060659793 ], [ 77.606451008864738, 12.881367859620974 ], [ 77.607010829500922, 12.881362285127418 ], [ 77.607293581368552, 12.881634110916677 ], [ 77.607570649874177, 12.881356709439867 ], [ 77.607850559962174, 12.881353921148342 ], [ 77.608127627489381, 12.881076519252424 ], [ 77.610646811991273, 12.881051409062993 ] ] } },
{ "type": "Feature", "properties": { "type": "ghost_drain" }, "geometry": { "type": "LineString", "coordinates": [ [ 77.528844445452563, 12.8752626288159 ], [ 77.528833426662572, 12.874164106440629 ], [ 77.529110591285601, 12.873886773217144 ], [ 77.52910783650718, 12.873612142660759 ], [ 77.529385000281678, 12.873334809304945 ], [ 77.529382245326701, 12.873060178795482 ], [ 77.530768053875306, 12.871673509499876 ], [ 77.530762541754044, 12.871124248994654 ], [ 77.53187117572547, 12.870014910646384 ] ] } },
{ "type": "Feature", "properties": { "type": "ghost_drain" }, "geometry": { "type": "LineString", "coordinates": [ [ 77.688391604375056, 12.873948180707131 ], [ 77.688400389276566, 12.874771967347328 ], [ 77.688683202422439, 12.875043689603897 ], [ 77.688406246216474, 12.875321158408809 ], [ 77.688412103427467, 12.875870349444694 ], [ 77.694849455566342, 12.875804184229702 ] ] } },
{ "type": "Feature", "properties": { "type": "ghost_drain" }, "geometry": { "type": "LineString", "coordinates": [ [ 77.7412913583739, 12.873674464384324 ], [ 77.741571229235689, 12.87367153493348 ], [ 77.741854086379661, 12.873943188519258 ], [ 77.742130970751958, 12.873665675137246 ], [ 77.742410841406411, 12.873662744791844 ], [ 77.742693699254673, 12.873934397289338 ], [ 77.742702661458367, 12.874758146674033 ], [ 77.742985521033603, 12.875029798524709 ], [ 77.7432624048528, 12.87475228397558 ], [ 77.744102019425767, 12.874743487691322 ], [ 77.744384880174806, 12.875015137727907 ], [ 77.745504366242471, 12.875003403722577 ], [ 77.745787228538248, 12.875275051873837 ], [ 77.746067100116861, 12.875272117264092 ], [ 77.746343980066513, 12.874994600087323 ], [ 77.746626843066394, 12.87526624714994 ], [ 77.746906714437287, 12.875263311645531 ], [ 77.748321039728211, 12.876621538633561 ] ] } },
{ "type": "Feature", "properties": { "type": "ghost_drain" }, "geometry": { "type": "LineString", "coordinates": [ [ 77.748321039728211, 12.876621538633561 ], [ 77.748886774099944, 12.877164826390128 ], [ 77.749166647044319, 12.877161888046842 ], [ 77.749997277681487, 12.87632932706051 ] ] } },
{ "type": "Feature", "properties": { "type": "ghost_drain" }, "geometry": { "type": "LineString", "coordinates": [ [ 77.710505143243395, 12.873994883468747 ], [ 77.71022526475376, 12.873997779818735 ], [ 77.709942434559395, 12.873726085211658 ], [ 77.709382677846392, 12.873731876292892 ], [ 77.709376775994201, 12.873182694700752 ], [ 77.709093947623344, 12.872910998796963 ], [ 77.708814070007847, 12.872913893400655 ], [ 77.708531242480419, 12.872642196702685 ] ] } },
{ "type": "Feature", "properties": { "type": "ghost_drain" }, "geometry": { "type": "LineString", "coordinates": [ [ 77.708531242480419, 12.872642196702685 ], [ 77.708528292705068, 12.872367605692816 ], [ 77.707962640217943, 12.871824210860037 ], [ 77.70794789608685, 12.870451255012787 ] ] } },
{ "type": "Feature", "properties": { "type": "ghost_drain" }, "geometry": { "type": "LineString", "coordinates": [ [ 77.462797496039428, 12.877540036174729 ], [ 77.463074749716185, 12.877262758989607 ] ] } },
{ "type": "Feature", "properties": { "type": "ghost_drain" }, "geometry": { "type": "LineString", "coordinates": [ [ 77.468958793754837, 12.877756688242894 ], [ 77.46896417421307, 12.87830597449598 ], [ 77.469529429886222, 12.87884998106221 ], [ 77.469532120941849, 12.879124624050382 ], [ 77.468977626448222, 12.879679190018461 ], [ 77.468985698536486, 12.880503119256355 ] ] } },
{ "type": "Feature", "properties": { "type": "ghost_drain" }, "geometry": { "type": "LineString", "coordinates": [ [ 77.505912574295905, 12.877680335351304 ], [ 77.50563264591193, 12.877683013964884 ], [ 77.505078248034962, 12.878237641423306 ], [ 77.504795589585385, 12.87796568364015 ], [ 77.504515660644486, 12.877968361118715 ] ] } },
{ "type": "Feature", "properties": { "type": "ghost_drain" }, "geometry": { "type": "LineString", "coordinates": [ [ 77.504515660644486, 12.877968361118715 ], [ 77.503385033894986, 12.876880524328177 ], [ 77.502825177752413, 12.876885875530014 ], [ 77.502542523068286, 12.876613914560634 ], [ 77.502262595143421, 12.876616589356397 ], [ 77.502259868992567, 12.876341953168575 ], [ 77.501979941308804, 12.876344627606919 ], [ 77.501697288082582, 12.876072665434796 ], [ 77.501420085752002, 12.876349975588189 ], [ 77.500580301943756, 12.876357995321538 ], [ 77.500014998510892, 12.875814066980892 ], [ 77.500012274982751, 12.875539430302839 ], [ 77.499729624546092, 12.875267465433494 ], [ 77.499169770413872, 12.875272808168182 ], [ 77.498887121067838, 12.87500084216169 ], [ 77.497487485840395, 12.875014191989047 ], [ 77.497204838308534, 12.874742223773675 ], [ 77.496650423700174, 12.875296835700928 ], [ 77.496367776524792, 12.875024866478904 ], [ 77.495807921489288, 12.875030201933152 ], [ 77.495810640328813, 12.875304839506359 ], [ 77.495533431010756, 12.875582144470275 ], [ 77.495536149671963, 12.875856782089645 ], [ 77.494981728728206, 12.876411391560749 ], [ 77.49498716527431, 12.876960666990417 ], [ 77.494709953407224, 12.877237971550002 ], [ 77.494718107974279, 12.878061884804543 ], [ 77.495000757740584, 12.878333855454162 ], [ 77.495006195167505, 12.878883130795488 ] ] } },
{ "type": "Feature", "properties": { "type": "ghost_drain" }, "geometry": { "type": "LineString", "coordinates": [ [ 77.495006195167505, 12.878883130795488 ], [ 77.494451767446151, 12.879437740461681 ], [ 77.494171834651809, 12.879440407188902 ], [ 77.494174552672632, 12.879715045013754 ], [ 77.493897337290548, 12.879992349378451 ], [ 77.49221773517516, 12.880008342385452 ], [ 77.491940516981472, 12.880285645123635 ] ] } },
{ "type": "Feature", "properties": { "type": "ghost_drain" }, "geometry": { "type": "LineString", "coordinates": [ [ 77.491940516981472, 12.880285645123635 ], [ 77.491660582708406, 12.88028830933993 ], [ 77.490551702378795, 12.881397517457875 ], [ 77.49026905243673, 12.881125541807091 ], [ 77.489709181248088, 12.881130866710068 ], [ 77.489706467781943, 12.880856227977626 ], [ 77.489423819298722, 12.88058425112518 ], [ 77.488024142957869, 12.880597556077911 ], [ 77.487741496291036, 12.880325577017285 ], [ 77.487738785143392, 12.88005093785557 ], [ 77.487178915259577, 12.880056256915005 ], [ 77.48689627005156, 12.879784276653073 ], [ 77.48689355994226, 12.879509637302979 ], [ 77.486610915709846, 12.879237656554134 ], [ 77.486608206030255, 12.878963017132852 ], [ 77.486042920125058, 12.878419054239417 ], [ 77.484923185904506, 12.878429682593069 ], [ 77.484357904366092, 12.877885715155241 ], [ 77.484355197434013, 12.877611075234073 ], [ 77.484632423122051, 12.877333779497155 ], [ 77.484067145002001, 12.876789810826635 ], [ 77.483787212927695, 12.876792465922035 ], [ 77.483221937724608, 12.876248494850216 ], [ 77.483219232385238, 12.875973854657206 ], [ 77.482653960349452, 12.875429881768715 ], [ 77.482651255806303, 12.87515524143982 ], [ 77.482085986937577, 12.874611266734876 ], [ 77.482080579506174, 12.874061985799081 ], [ 77.481797946717819, 12.87378999768455 ] ] } },
{ "type": "Feature", "properties": { "type": "ghost_drain" }, "geometry": { "type": "LineString", "coordinates": [ [ 77.63075996268374, 12.877005140184 ], [ 77.629651822205105, 12.878114820290591 ] ] } },
{ "type": "Feature", "properties": { "type": "ghost_drain" }, "geometry": { "type": "LineString", "coordinates": [ [ 77.550708634491087, 12.878071790247786 ], [ 77.550705855268646, 12.877797164398993 ], [ 77.550982994534138, 12.877519811815377 ], [ 77.55098021513615, 12.877245186013994 ], [ 77.550697517987217, 12.8769732868146 ], [ 77.550689181284639, 12.876149409173189 ] ] } },
{ "type": "Feature", "properties": { "type": "ghost_drain" }, "geometry": { "type": "LineString", "coordinates": [ [ 77.550689181284639, 12.876149409173189 ], [ 77.550672509616021, 12.874501653719348 ], [ 77.550949646003673, 12.874224301780666 ], [ 77.550944088815754, 12.873675050019536 ], [ 77.549813323027848, 12.872587447219525 ], [ 77.549804992148736, 12.871763568733527 ], [ 77.549239615113422, 12.871219764386472 ], [ 77.549231287022707, 12.870395885445213 ], [ 77.54950842165583, 12.870118535503821 ], [ 77.549505645514444, 12.869843909231117 ], [ 77.55033704504693, 12.869011858461077 ], [ 77.550334268250779, 12.868737232343221 ] ] } },
{ "type": "Feature", "properties": { "type": "ghost_drain" }, "geometry": { "type": "LineString", "coordinates": [ [ 77.692342228221662, 12.876928472205083 ], [ 77.693741656983718, 12.876914079737135 ], [ 77.694572506832714, 12.87608165837325 ] ] } },
{ "type": "Feature", "properties": { "type": "ghost_drain" }, "geometry": { "type": "LineString", "coordinates": [ [ 77.658758327611409, 12.87754625615449 ], [ 77.659318116119394, 12.877540571536683 ], [ 77.659883700490198, 12.87808408951879 ], [ 77.659886598656271, 12.878358691405884 ], [ 77.660169392125098, 12.878630449682863 ], [ 77.660175189400817, 12.879179653299833 ], [ 77.660457984220216, 12.879451411008668 ], [ 77.66046088332989, 12.879726012738534 ], [ 77.661592070175004, 12.88081303899647 ] ] } },
{ "type": "Feature", "properties": { "type": "ghost_drain" }, "geometry": { "type": "LineString", "coordinates": [ [ 77.661592070175004, 12.88081303899647 ], [ 77.661874868407025, 12.881084794485536 ], [ 77.661877769440025, 12.881359395863726 ], [ 77.662157667247399, 12.881356549544405 ], [ 77.662440466696083, 12.881628304173045 ], [ 77.662454976245371, 12.883001310309242 ], [ 77.662737778159084, 12.883273064162164 ], [ 77.662740680641704, 12.88354766530114 ], [ 77.663589091147685, 12.8843629240707 ], [ 77.663597802340959, 12.885186726827305 ], [ 77.66388060817421, 12.885458478682411 ], [ 77.663886416715101, 12.886007680349943 ], [ 77.664452031693102, 12.886551182492381 ] ] } },
{ "type": "Feature", "properties": { "type": "ghost_drain" }, "geometry": { "type": "LineString", "coordinates": [ [ 77.664452031693102, 12.886551182492381 ], [ 77.664734840095008, 12.886822932917921 ], [ 77.664740651133528, 12.88737213414505 ], [ 77.66502346088707, 12.887643884001802 ], [ 77.665029272937446, 12.888193085065058 ], [ 77.664198274349786, 12.889025438899198 ], [ 77.66420408524597, 12.889574640275047 ], [ 77.664486897497582, 12.889846390301367 ], [ 77.664209896410895, 12.890123841625323 ], [ 77.664218613662158, 12.890947643602784 ], [ 77.663110600380492, 12.8920574477789 ], [ 77.663119315389253, 12.892881250374877 ] ] } },
{ "type": "Feature", "properties": { "type": "ghost_drain" }, "geometry": { "type": "LineString", "coordinates": [ [ 77.663119315389253, 12.892881250374877 ], [ 77.663402131151074, 12.893153001017321 ], [ 77.663419565211854, 12.894800605621917 ], [ 77.662865550914489, 12.89535550823061 ], [ 77.662871361855977, 12.895904709939614 ], [ 77.664285466011265, 12.897263456851269 ], [ 77.664288373441437, 12.897538057350536 ], [ 77.66457119647167, 12.897809805371638 ] ] } },
{ "type": "Feature", "properties": { "type": "ghost_drain" }, "geometry": { "type": "LineString", "coordinates": [ [ 77.66457119647167, 12.897809805371638 ], [ 77.664854020111079, 12.898081552961992 ], [ 77.664856928352037, 12.898356153316559 ], [ 77.665705404040963, 12.899171393295434 ], [ 77.665428396372974, 12.899448847479887 ], [ 77.665711222955565, 12.899720593570351 ], [ 77.665717042139079, 12.900269793819669 ], [ 77.665996960077436, 12.90026693928864 ], [ 77.666562617032838, 12.900810429176863 ], [ 77.666285609056047, 12.901087884407966 ], [ 77.666294340768786, 12.901911684299616 ] ] } },
{ "type": "Feature", "properties": { "type": "ghost_drain" }, "geometry": { "type": "LineString", "coordinates": [ [ 77.666294340768786, 12.901911684299616 ], [ 77.666860002662204, 12.902455172633996 ], [ 77.667139922768982, 12.902452316404888 ], [ 77.667145746344332, 12.903001515898209 ], [ 77.667428579186577, 12.90327325891875 ], [ 77.667446053759264, 12.904920856829763 ] ] } },
{ "type": "Feature", "properties": { "type": "ghost_drain" }, "geometry": { "type": "LineString", "coordinates": [ [ 77.667446053759264, 12.904920856829763 ], [ 77.666338008411287, 12.906030682893794 ], [ 77.666340920125478, 12.90630528274886 ], [ 77.666623756719616, 12.906577026024289 ], [ 77.667183606143212, 12.906571311980676 ], [ 77.667749282110535, 12.907114795790845 ], [ 77.667752195617894, 12.907389395306227 ], [ 77.668032121008679, 12.907386537049254 ], [ 77.668314960516469, 12.907658277876516 ], [ 77.668317874768093, 12.90793287725341 ], [ 77.670297770999724, 12.909835050485565 ], [ 77.671137553383346, 12.909826465044402 ], [ 77.671986091623936, 12.91064167241624 ], [ 77.672545947634489, 12.91063594512085 ], [ 77.673394492788489, 12.911451146437408 ], [ 77.673397413471292, 12.911725744592315 ], [ 77.673120404927616, 12.912003207750308 ], [ 77.67314084993285, 12.91392539505113 ], [ 77.674837975394055, 12.915555784459256 ], [ 77.675117908248097, 12.915552916835715 ], [ 77.675966479927098, 12.916368104625739 ], [ 77.677366146747843, 12.916353756584792 ], [ 77.677649006382012, 12.916625483173076 ], [ 77.677692911577395, 12.920744438817795 ], [ 77.67797577741176, 12.921016163931986 ] ] } },
{ "type": "Feature", "properties": { "type": "ghost_drain" }, "geometry": { "type": "LineString", "coordinates": [ [ 77.67797577741176, 12.921016163931986 ], [ 77.677981633331683, 12.921565357769943 ], [ 77.678264500521877, 12.9218370823132 ], [ 77.678273286026794, 12.922660872813541 ], [ 77.679404765365135, 12.92374776583242 ], [ 77.679407695493182, 12.924022362374986 ], [ 77.679973439570887, 12.924565806152952 ], [ 77.68025338127886, 12.924562931059796 ], [ 77.680536254471122, 12.924834651937999 ], [ 77.681376079902179, 12.924826023773916 ], [ 77.681941829544058, 12.925369462058041 ], [ 77.681950629590716, 12.926193249846195 ] ] } },
{ "type": "Feature", "properties": { "type": "ghost_drain" }, "geometry": { "type": "LineString", "coordinates": [ [ 77.681950629590716, 12.926193249846195 ], [ 77.681673619635816, 12.926470723094845 ], [ 77.681688286545324, 12.927843702897128 ], [ 77.68225404486796, 12.928387138925004 ], [ 77.682256979198883, 12.928661734727021 ], [ 77.681697087502982, 12.928667490701464 ], [ 77.68142007503603, 12.928944964224442 ], [ 77.680860182323428, 12.928950718527817 ], [ 77.680306154065221, 12.929505664089023 ], [ 77.680312019060707, 12.930054856519446 ], [ 77.67948097066585, 12.930887273853381 ] ] } },
{ "type": "Feature", "properties": { "type": "ghost_drain" }, "geometry": { "type": "LineString", "coordinates": [ [ 77.67948097066585, 12.930887273853381 ], [ 77.6789269353484, 12.931442217843649 ], [ 77.678956252491801, 12.934188182445373 ], [ 77.679522023219846, 12.934731622528775 ] ] } },
{ "type": "Feature", "properties": { "type": "ghost_drain" }, "geometry": { "type": "LineString", "coordinates": [ [ 77.497528302421372, 12.879133749631984 ], [ 77.497251091928618, 12.879411056768994 ], [ 77.496411295244812, 12.879419065011609 ], [ 77.496128642803072, 12.879147096408946 ], [ 77.495568778515079, 12.87915243302991 ], [ 77.495286127164562, 12.878880463290146 ], [ 77.495006195167505, 12.878883130795488 ] ] } },
{ "type": "Feature", "properties": { "type": "ghost_drain" }, "geometry": { "type": "LineString", "coordinates": [ [ 77.708021633809352, 12.877316032647402 ], [ 77.708298565860972, 12.877038546953219 ], [ 77.70829266480149, 12.87648936500455 ], [ 77.708846526137805, 12.875934393314248 ], [ 77.708840624408651, 12.875385211569444 ], [ 77.708557793531227, 12.875113515503211 ], [ 77.708531242480419, 12.872642196702685 ] ] } },
{ "type": "Feature", "properties": { "type": "ghost_drain" }, "geometry": { "type": "LineString", "coordinates": [ [ 77.642247325110475, 12.877988021304724 ], [ 77.642250204051464, 12.878262627131518 ], [ 77.641696163039441, 12.878817487480568 ], [ 77.641416263392586, 12.878820311390252 ], [ 77.641139241603483, 12.879097741058047 ], [ 77.64114211959442, 12.879372347108193 ], [ 77.640588073716273, 12.879927206014232 ], [ 77.640590951298677, 12.880201812169632 ], [ 77.638928797638656, 12.881866384891437 ], [ 77.638934550151646, 12.882415597852589 ], [ 77.639217331012432, 12.882687382229449 ], [ 77.638663274240699, 12.883242239166425 ], [ 77.638666150492412, 12.883516845680447 ], [ 77.638386244942126, 12.883519667364016 ], [ 77.637832184519453, 12.884074523217302 ], [ 77.637846562877129, 12.885447556559956 ] ] } },
{ "type": "Feature", "properties": { "type": "ghost_drain" }, "geometry": { "type": "LineString", "coordinates": [ [ 77.637846562877129, 12.885447556559956 ], [ 77.63756953056415, 12.885724984494324 ], [ 77.636729805612902, 12.885733446557799 ], [ 77.636175736936252, 12.886288300465486 ], [ 77.635610171413788, 12.88574472512904 ], [ 77.635601551303196, 12.884920903671356 ], [ 77.635318770567139, 12.884649115154131 ], [ 77.635041735630622, 12.884926540793121 ], [ 77.63476182769466, 12.884929358906163 ], [ 77.634484791778831, 12.885206784127828 ], [ 77.634204883405701, 12.885209601705801 ], [ 77.633927846510559, 12.885487026510082 ], [ 77.632248392652912, 12.885503924288702 ], [ 77.631694312588351, 12.886058770515708 ] ] } },
{ "type": "Feature", "properties": { "type": "ghost_drain" }, "geometry": { "type": "LineString", "coordinates": [ [ 77.622654262533942, 12.878185003073643 ], [ 77.622937023671852, 12.878456809447968 ], [ 77.623214068830038, 12.878179395314318 ], [ 77.62377387486157, 12.878173786361362 ], [ 77.624622162955916, 12.878989199876855 ], [ 77.624902066586358, 12.878986393872102 ], [ 77.624904926870613, 12.879261003525206 ], [ 77.625470456524937, 12.879804609536563 ], [ 77.625750360869233, 12.879801802451025 ], [ 77.626027403514072, 12.87952438567401 ], [ 77.628546536299112, 12.879499106345142 ], [ 77.629394842083215, 12.880314500462463 ] ] } },
{ "type": "Feature", "properties": { "type": "ghost_drain" }, "geometry": { "type": "LineString", "coordinates": [ [ 77.560234214531391, 12.878802781322577 ], [ 77.560237004354335, 12.879077405099611 ], [ 77.559682746667889, 12.879632126455776 ], [ 77.559122908883666, 12.879637599082889 ] ] } },
{ "type": "Feature", "properties": { "type": "ghost_drain" }, "geometry": { "type": "LineString", "coordinates": [ [ 77.559122908883666, 12.879637599082889 ], [ 77.558563070841331, 12.879643070516002 ], [ 77.558008807771003, 12.880197789229179 ], [ 77.557728887915559, 12.880200524021467 ], [ 77.557446180956788, 12.879928634160882 ], [ 77.55743782022725, 12.879104761059782 ], [ 77.55687241034731, 12.878560979663273 ], [ 77.556312573706734, 12.878566445838613 ], [ 77.555747167219337, 12.878022661306352 ], [ 77.555741597888158, 12.877473411767307 ], [ 77.55546168055902, 12.877476143569538 ], [ 77.555178979204868, 12.877204250173911 ], [ 77.55237980476835, 12.877231548195198 ], [ 77.552097106420277, 12.876959650788521 ], [ 77.551537271240051, 12.876965106094287 ], [ 77.550689181284639, 12.876149409173189 ] ] } },
{ "type": "Feature", "properties": { "type": "ghost_drain" }, "geometry": { "type": "LineString", "coordinates": [ [ 77.505931688572517, 12.879602782945163 ], [ 77.505083707368172, 12.878786912524815 ], [ 77.505080977669977, 12.878512276977219 ], [ 77.504515660644486, 12.877968361118715 ] ] } },
{ "type": "Feature", "properties": { "type": "ghost_drain" }, "geometry": { "type": "LineString", "coordinates": [ [ 77.540368194298949, 12.879820242089254 ], [ 77.540650886251257, 12.880092153888212 ], [ 77.540659192795204, 12.880916037739123 ], [ 77.54010488063129, 12.881470726355577 ], [ 77.539824955445098, 12.881473442281484 ], [ 77.539270640110175, 12.882028129679481 ], [ 77.539273407821042, 12.882302757890916 ], [ 77.538996249000377, 12.882580101365464 ], [ 77.538999016534987, 12.882854729624041 ], [ 77.538167535700182, 12.88368675909607 ], [ 77.537607679498251, 12.883692187425851 ], [ 77.537053354424827, 12.884246871858235 ], [ 77.537056120213038, 12.884521500497277 ], [ 77.535947461799665, 12.885630867350143 ], [ 77.535977879112821, 12.888651784311788 ], [ 77.536260579007646, 12.888923699729652 ], [ 77.536263344970124, 12.889198328440278 ], [ 77.535431836493146, 12.890030354431172 ], [ 77.535434601797945, 12.890304983295653 ], [ 77.534880259286993, 12.890859666468049 ], [ 77.534600322534899, 12.890862378751081 ], [ 77.534603087117901, 12.891137007775692 ], [ 77.534325914339746, 12.891414348897598 ], [ 77.53432867874605, 12.891688977969237 ], [ 77.534051505118157, 12.891966318958753 ], [ 77.53405426934772, 12.892240948077415 ], [ 77.532945567781894, 12.893350310390876 ], [ 77.532385687836879, 12.893355731548835 ], [ 77.532108510185481, 12.893633071184187 ], [ 77.531828569748683, 12.89363578107567 ], [ 77.531551391119592, 12.89391312028588 ], [ 77.531554153055012, 12.894187749897135 ], [ 77.531276973575899, 12.894465088974696 ], [ 77.53127973533438, 12.894739718632907 ] ] } },
{ "type": "Feature", "properties": { "type": "ghost_drain" }, "geometry": { "type": "LineString", "coordinates": [ [ 77.53127973533438, 12.894739718632907 ], [ 77.531282497156695, 12.895014348284786 ], [ 77.530728135407443, 12.895569026095114 ], [ 77.528208647114056, 12.895593394664186 ] ] } },
{ "type": "Feature", "properties": { "type": "ghost_drain" }, "geometry": { "type": "LineString", "coordinates": [ [ 77.528208647114056, 12.895593394664186 ], [ 77.527925945357282, 12.895321470434192 ], [ 77.525686397798495, 12.895343108191048 ], [ 77.525409209619042, 12.895620442455437 ], [ 77.525411965234881, 12.895895073338972 ], [ 77.525132020830242, 12.895897776533554 ], [ 77.52402325958144, 12.897007110982873 ], [ 77.523743313639656, 12.897009812920645 ], [ 77.523188928622119, 12.897564478548116 ], [ 77.522629035074146, 12.897569880568719 ], [ 77.522634541166838, 12.898119143429879 ], [ 77.522357346524984, 12.898396475591074 ], [ 77.521517502792364, 12.8984045760175 ], [ 77.521514750869528, 12.898129944358789 ], [ 77.520666654834315, 12.897314146367597 ], [ 77.52065840276218, 12.896490250762023 ], [ 77.520935597926183, 12.89621292040966 ], [ 77.520927345702987, 12.895389024906251 ], [ 77.520644650580238, 12.895117091292787 ], [ 77.520639150152505, 12.894567827460786 ], [ 77.520073763207805, 12.894023958699144 ], [ 77.519793819726814, 12.89402665579866 ], [ 77.519511127409416, 12.893754720423699 ], [ 77.518671297308373, 12.893762808854296 ], [ 77.518388606323512, 12.893490871980818 ], [ 77.51782871975405, 12.893496262057122 ], [ 77.517546029860625, 12.89322432404345 ], [ 77.51614631353138, 12.893237792213187 ], [ 77.515863625452852, 12.892965851985002 ] ] } },
{ "type": "Feature", "properties": { "type": "ghost_drain" }, "geometry": { "type": "LineString", "coordinates": [ [ 77.515863625452852, 12.892965851985002 ], [ 77.515580937983557, 12.892693911333113 ], [ 77.514741108871348, 12.892701986499899 ], [ 77.51390950665818, 12.893533959117594 ] ] } },
{ "type": "Feature", "properties": { "type": "ghost_drain" }, "geometry": { "type": "LineString", "coordinates": [ [ 77.51390950665818, 12.893533959117594 ], [ 77.514192193784524, 12.893805901721425 ], [ 77.514203166104309, 12.894904434891476 ], [ 77.513925963309958, 12.895181759227988 ], [ 77.514208652644697, 12.895453701438543 ], [ 77.514216882930896, 12.896277601211692 ], [ 77.513939678930242, 12.896554925812666 ], [ 77.513945165622218, 12.897104192402244 ], [ 77.513113548515818, 12.897936165401315 ], [ 77.513130005769469, 12.899583965970022 ], [ 77.512852797400171, 12.899861290246443 ], [ 77.512863769204856, 12.900959824043817 ], [ 77.513146465305311, 12.901231766310904 ], [ 77.51286925548753, 12.901509090904527 ], [ 77.51258930212849, 12.90151178183109 ], [ 77.511203242053256, 12.902898400794101 ], [ 77.511205983777415, 12.903173034538353 ], [ 77.510928769691688, 12.903450357822489 ], [ 77.510936994519611, 12.904274259175745 ], [ 77.511219693348423, 12.904546203164697 ], [ 77.511227919851237, 12.905370104264545 ], [ 77.511510620394702, 12.905642047633252 ], [ 77.511516105783272, 12.906191314870521 ], [ 77.511236146924219, 12.906194005307418 ], [ 77.51068171282833, 12.906748652850542 ], [ 77.51068719689394, 12.907297920392077 ], [ 77.510409978447811, 12.907575243988402 ], [ 77.51041546228349, 12.908124511610232 ], [ 77.510698165785243, 12.908396455399179 ], [ 77.510706393118795, 12.909220356588028 ] ] } },
{ "type": "Feature", "properties": { "type": "ghost_drain" }, "geometry": { "type": "LineString", "coordinates": [ [ 77.510706393118795, 12.909220356588028 ], [ 77.510709135689993, 12.909494990304982 ], [ 77.510431915310477, 12.909772314323776 ], [ 77.50959202588831, 12.909780383452693 ], [ 77.509594767365996, 12.910055017393502 ], [ 77.508474912696528, 12.910065772278722 ], [ 77.508197688886639, 12.910343094481821 ], [ 77.508211389914493, 12.91171626553678 ], [ 77.507934164285459, 12.911993587816189 ], [ 77.507936904439049, 12.912268222060936 ], [ 77.507659677957989, 12.912545544205592 ], [ 77.507665157971289, 12.91309481278158 ], [ 77.506556244009417, 12.914204099906604 ], [ 77.506558983143393, 12.914478734396008 ], [ 77.506281752885215, 12.914756055760989 ], [ 77.50628723085903, 12.91530532482623 ], [ 77.50517830178687, 12.916414608831104 ], [ 77.505181039900705, 12.916689243565003 ], [ 77.504072100093339, 12.917798524776831 ], [ 77.503792126711673, 12.917801209613051 ], [ 77.503509416731688, 12.917529259087264 ], [ 77.503232179758825, 12.917806578387102 ], [ 77.502952206187658, 12.917809262324926 ], [ 77.502397729673547, 12.918363899879985 ], [ 77.502400465177104, 12.918638535159388 ], [ 77.502123225762091, 12.918915853707674 ], [ 77.502125961086648, 12.919190489033358 ], [ 77.502408672066636, 12.919462440959602 ], [ 77.502131431925164, 12.919739759665729 ], [ 77.502136903016208, 12.92028903027277 ], [ 77.501016996351993, 12.920299761557313 ], [ 77.499908021846991, 12.921409031072884 ] ] } },
{ "type": "Feature", "properties": { "type": "ghost_drain" }, "geometry": { "type": "LineString", "coordinates": [ [ 77.499908021846991, 12.921409031072884 ], [ 77.498508129728478, 12.921422433626107 ] ] } },
{ "type": "Feature", "properties": { "type": "ghost_drain" }, "geometry": { "type": "LineString", "coordinates": [ [ 77.498508129728478, 12.921422433626107 ], [ 77.498225419560839, 12.921150477138475 ], [ 77.497105505700432, 12.921161192355443 ], [ 77.496828257105776, 12.921438506804597 ], [ 77.496262840289162, 12.920894589105126 ], [ 77.495982861782878, 12.920897266203026 ] ] } },
{ "type": "Feature", "properties": { "type": "ghost_drain" }, "geometry": { "type": "LineString", "coordinates": [ [ 77.495982861782878, 12.920897266203026 ], [ 77.495702883213596, 12.920899943001386 ], [ 77.495425633019593, 12.921177256194326 ], [ 77.494865674955491, 12.921182608410863 ], [ 77.494017556841428, 12.920366723506046 ], [ 77.493457599979934, 12.920372072374544 ], [ 77.492609488816285, 12.919556181509792 ], [ 77.492606763808894, 12.919281544190138 ], [ 77.492041360155994, 12.918737614700417 ], [ 77.492033187720281, 12.917913702313243 ], [ 77.491185090133541, 12.917097804319189 ] ] } },
{ "type": "Feature", "properties": { "type": "ghost_drain" }, "geometry": { "type": "LineString", "coordinates": [ [ 77.491185090133541, 12.917097804319189 ], [ 77.491179644366198, 12.916548528972628 ], [ 77.491456895962955, 12.916271220282033 ], [ 77.490891502348092, 12.915727286496365 ], [ 77.490888780052487, 12.915452648735933 ] ] } },
{ "type": "Feature", "properties": { "type": "ghost_drain" }, "geometry": { "type": "LineString", "coordinates": [ [ 77.490888780052487, 12.915452648735933 ], [ 77.491166031047882, 12.915175340495518 ], [ 77.491446004213145, 12.915172669722448 ], [ 77.491443281432851, 12.914898032066732 ], [ 77.491160586160532, 12.914626065060389 ] ] } },
{ "type": "Feature", "properties": { "type": "ghost_drain" }, "geometry": { "type": "LineString", "coordinates": [ [ 77.491160586160532, 12.914626065060389 ], [ 77.490880613542799, 12.914628735416681 ], [ 77.490597919123189, 12.914356767629162 ], [ 77.490592475833679, 12.91380749192137 ], [ 77.489461707202622, 12.91271961602099 ], [ 77.489181736344051, 12.912722284170377 ], [ 77.488899045954341, 12.912450313779818 ], [ 77.488059133728868, 12.912458315357894 ], [ 77.487493756234343, 12.911914371160211 ], [ 77.487477450649664, 12.910266539749546 ], [ 77.487754701456097, 12.909989235391752 ], [ 77.487751983836006, 12.909714596853458 ] ] } },
{ "type": "Feature", "properties": { "type": "ghost_drain" }, "geometry": { "type": "LineString", "coordinates": [ [ 77.487751983836006, 12.909714596853458 ], [ 77.486903930272035, 12.908898676901311 ], [ 77.485784061286637, 12.908909333645783 ], [ 77.485506808874902, 12.909186636109609 ], [ 77.485226841103994, 12.909189299306837 ], [ 77.48466147728422, 12.908645346394136 ], [ 77.484656049445121, 12.908096067959526 ], [ 77.484373369185775, 12.907824090739506 ], [ 77.484650621856744, 12.907546789499643 ], [ 77.484930587922861, 12.907544127252176 ], [ 77.485207839616109, 12.907266825583124 ], [ 77.485487805251822, 12.907264162795729 ], [ 77.486319555568471, 12.906432255935902 ], [ 77.486316840289177, 12.906157617022506 ], [ 77.486871336965962, 12.905603011611825 ], [ 77.486868621264932, 12.905328372796625 ], [ 77.484889884427915, 12.903424538875377 ], [ 77.483770038084927, 12.90343518255842 ] ] } },
{ "type": "Feature", "properties": { "type": "ghost_drain" }, "geometry": { "type": "LineString", "coordinates": [ [ 77.483770038084927, 12.90343518255842 ], [ 77.483210114537442, 12.903440502605108 ], [ 77.482655612178476, 12.903995100923769 ], [ 77.482663744806842, 12.904819020079184 ], [ 77.481277474601811, 12.906205513358929 ], [ 77.480717543828263, 12.906210829189964 ], [ 77.479586850316849, 12.905122895929658 ], [ 77.479557069640904, 12.902101851745925 ], [ 77.479834323471593, 12.90182455569324 ], [ 77.479551655785727, 12.901552570903151 ] ] } },
{ "type": "Feature", "properties": { "type": "ghost_drain" }, "geometry": { "type": "LineString", "coordinates": [ [ 77.479551655785727, 12.901552570903151 ], [ 77.479543535472104, 12.900728649591635 ], [ 77.479260869498148, 12.900456664185146 ], [ 77.479258163219413, 12.900182023670625 ], [ 77.478410170057586, 12.899366064723987 ], [ 77.478687422934797, 12.899088770154867 ], [ 77.47868201228448, 12.898539488822793 ], [ 77.478399349976101, 12.898267501826302 ], [ 77.478393940310497, 12.897718220339584 ], [ 77.477828618991509, 12.897174244821585 ], [ 77.477548662946049, 12.897176897370077 ], [ 77.475570059224083, 12.895272967262574 ], [ 77.475567358094708, 12.894998325869466 ], [ 77.475844610768064, 12.894721034539392 ], [ 77.47668447161422, 12.894713082953805 ], [ 77.476961722576746, 12.894435790713329 ], [ 77.477241675700029, 12.89443313934634 ], [ 77.477518925686027, 12.89415584667675 ], [ 77.477798878379645, 12.894153194770267 ], [ 77.47807612738913, 12.893875901671613 ], [ 77.478356079653082, 12.893873249225665 ], [ 77.478910575109694, 12.89331866198189 ], [ 77.479190526576758, 12.893316008755994 ], [ 77.4808539961207, 12.891652241060319 ], [ 77.480851290015536, 12.891377600694335 ], [ 77.481405774505618, 12.890823010060156 ] ] } },
{ "type": "Feature", "properties": { "type": "ghost_drain" }, "geometry": { "type": "LineString", "coordinates": [ [ 77.481405774505618, 12.890823010060156 ], [ 77.481397655113582, 12.889999089237151 ], [ 77.481952135715133, 12.889444498162868 ], [ 77.481949428892378, 12.889169857980207 ], [ 77.481666776164289, 12.888897873070752 ], [ 77.481664069771256, 12.888623232817013 ], [ 77.481941308799705, 12.888345937394369 ], [ 77.481938602227345, 12.888071297186469 ], [ 77.481655950967735, 12.887799312017934 ], [ 77.481653244825083, 12.887524671738957 ], [ 77.481373300317145, 12.887527326427412 ], [ 77.481090650275547, 12.887255340414923 ], [ 77.480810705946951, 12.887257994447417 ], [ 77.48052805675627, 12.886986007655794 ], [ 77.480525352019313, 12.886711367124116 ], [ 77.480245408174568, 12.886714020442252 ], [ 77.479962760201815, 12.886442032806814 ], [ 77.479122929018061, 12.886449989897317 ], [ 77.478840282380091, 12.8861780007686 ], [ 77.478824066982966, 12.884530155267669 ], [ 77.475715018366714, 12.881538242748825 ], [ 77.475435079243468, 12.881540889880357 ], [ 77.474869806074409, 12.880996899591176 ], [ 77.474853623366542, 12.879349048470772 ], [ 77.474570989895369, 12.87907705230635 ], [ 77.472611432147104, 12.879095563923824 ] ] } },
{ "type": "Feature", "properties": { "type": "ghost_drain" }, "geometry": { "type": "LineString", "coordinates": [ [ 77.679487840263278, 12.878982715387568 ], [ 77.679764811436669, 12.878705253367738 ], [ 77.680604483514429, 12.878696657918892 ], [ 77.680881452964684, 12.878419195014784 ], [ 77.681161343150436, 12.878416329033211 ], [ 77.681438311620866, 12.878138865715398 ], [ 77.681718201367346, 12.878135999200257 ], [ 77.682549102014818, 12.877303607470635 ], [ 77.682828990578642, 12.877300739951622 ], [ 77.683382920559779, 12.876745810769652 ], [ 77.683662808312576, 12.876742942482041 ], [ 77.684493697608801, 12.87591054666637 ], [ 77.684773584178856, 12.87590767737516 ], [ 77.685050545689847, 12.875630211511663 ], [ 77.685330431820518, 12.875627341687098 ] ] } },
{ "type": "Feature", "properties": { "type": "ghost_drain" }, "geometry": { "type": "LineString", "coordinates": [ [ 77.568085879552143, 12.880099137897824 ], [ 77.567531640606319, 12.88065387302084 ], [ 77.566971804007963, 12.880659362847487 ], [ 77.56668908840372, 12.880387484962712 ], [ 77.566129252025476, 12.880392972877351 ], [ 77.565852130034528, 12.88067033891855 ], [ 77.565012373875049, 12.880678567837391 ], [ 77.564735250168781, 12.880955932980283 ], [ 77.564455330950679, 12.880958675118068 ], [ 77.564178206266973, 12.88123603983877 ], [ 77.56389828661527, 12.881238781439892 ], [ 77.563621160954128, 12.881516145738352 ], [ 77.561661719000014, 12.881535326919938 ], [ 77.561096295291179, 12.880991557486228 ], [ 77.560816375232932, 12.880994295743124 ], [ 77.560250954437521, 12.880450523889676 ], [ 77.559971034794074, 12.880453261130381 ], [ 77.559122908883666, 12.879637599082889 ] ] } },
{ "type": "Feature", "properties": { "type": "ghost_drain" }, "geometry": { "type": "LineString", "coordinates": [ [ 77.495036105514387, 12.881904144721526 ], [ 77.495030666703215, 12.881354869519056 ], [ 77.49475073190456, 12.881357537254742 ], [ 77.493620121299855, 12.880269653555754 ], [ 77.491940516981472, 12.880285645123635 ] ] } },
{ "type": "Feature", "properties": { "type": "ghost_drain" }, "geometry": { "type": "LineString", "coordinates": [ [ 77.661589169580395, 12.880538437542828 ], [ 77.661592070175004, 12.88081303899647 ] ] } },
{ "type": "Feature", "properties": { "type": "ghost_drain" }, "geometry": { "type": "LineString", "coordinates": [ [ 77.648713836897286, 12.880669023246497 ], [ 77.648436823087792, 12.880946459445251 ], [ 77.64759712144901, 12.880954953260721 ], [ 77.64732010591834, 12.881232388571105 ], [ 77.647322991134189, 12.881506993200192 ], [ 77.64648328686927, 12.881515483808263 ], [ 77.646486171239303, 12.881790088617976 ], [ 77.646209153512558, 12.882067523151717 ], [ 77.645926367453981, 12.881795747655673 ], [ 77.645646465461226, 12.881798576726808 ], [ 77.645369446621729, 12.882076010552064 ], [ 77.645375213261744, 12.882625220638095 ], [ 77.642882012049753, 12.885122117957359 ], [ 77.642602105672651, 12.885124944492141 ], [ 77.642319318622327, 12.884853165061051 ], [ 77.641759506143558, 12.884858816513395 ], [ 77.641476720177096, 12.884587035931384 ], [ 77.641199693398349, 12.884864466771534 ], [ 77.639240346692517, 12.884884233270666 ] ] } },
{ "type": "Feature", "properties": { "type": "ghost_drain" }, "geometry": { "type": "LineString", "coordinates": [ [ 77.639240346692517, 12.884884233270666 ], [ 77.63812071853917, 12.884895521844864 ], [ 77.638123594581501, 12.885170128444891 ], [ 77.637846562877129, 12.885447556559956 ] ] } },
{ "type": "Feature", "properties": { "type": "ghost_drain" }, "geometry": { "type": "LineString", "coordinates": [ [ 77.594134888455457, 12.881490196393234 ], [ 77.594974627967673, 12.881481873607949 ], [ 77.595251712506965, 12.881204482624625 ], [ 77.595811537781913, 12.881198932133774 ] ] } },
{ "type": "Feature", "properties": { "type": "ghost_drain" }, "geometry": { "type": "LineString", "coordinates": [ [ 77.729893921355028, 12.88093355176944 ], [ 77.729617014461482, 12.881211056369784 ], [ 77.729625939180409, 12.882034814338382 ], [ 77.729349030972799, 12.882312318936048 ], [ 77.72906914765241, 12.882315237258622 ], [ 77.728792238463612, 12.882592741445864 ], [ 77.728795212732791, 12.88286732760252 ], [ 77.728518302700365, 12.883144831671284 ], [ 77.728801161477548, 12.883416499896569 ], [ 77.728247339862975, 12.883971508089086 ], [ 77.728250313867804, 12.88424609434214 ], [ 77.727973401912621, 12.884523598231672 ], [ 77.727976375750856, 12.88479818453613 ], [ 77.727699462951875, 12.885075688307079 ], [ 77.727702436623474, 12.88535027466293 ], [ 77.727425522980667, 12.885627778315262 ], [ 77.727431470059301, 12.886176951123321 ], [ 77.727154555337137, 12.886454454714809 ] ] } },
{ "type": "Feature", "properties": { "type": "ghost_drain" }, "geometry": { "type": "LineString", "coordinates": [ [ 77.727154555337137, 12.886454454714809 ], [ 77.726877640006521, 12.886731958129809 ], [ 77.726880613178039, 12.887006544639807 ], [ 77.726603697003441, 12.887284047936094 ], [ 77.723804799074443, 12.887313199444192 ], [ 77.723527878561583, 12.887590700220363 ], [ 77.722968097405527, 12.887596526470826 ], [ 77.722137329978011, 12.888429026332592 ], [ 77.721857438178219, 12.888431938306701 ], [ 77.721860406285018, 12.888706525932998 ], [ 77.721029631554444, 12.889539023673404 ] ] } },
{ "type": "Feature", "properties": { "type": "ghost_drain" }, "geometry": { "type": "LineString", "coordinates": [ [ 77.721029631554444, 12.889539023673404 ], [ 77.72103853416543, 12.890362787032778 ], [ 77.72132139627989, 12.890634463215306 ], [ 77.721044469582495, 12.890911962573593 ], [ 77.721053373222702, 12.891735725836657 ], [ 77.721336237202081, 12.892007401666657 ], [ 77.721339205592386, 12.892281989337663 ], [ 77.721062277480442, 12.892559489041922 ], [ 77.721074150784759, 12.893657839892368 ], [ 77.721357017375311, 12.89392951522883 ] ] } },
{ "type": "Feature", "properties": { "type": "ghost_drain" }, "geometry": { "type": "LineString", "coordinates": [ [ 77.721357017375311, 12.89392951522883 ], [ 77.721639884574728, 12.894201190132 ], [ 77.72165176196151, 12.8952995403156 ], [ 77.722217501171826, 12.895842888257787 ], [ 77.722232353180942, 12.897215825137494 ], [ 77.721124624576703, 12.89832582986026 ], [ 77.72084472154333, 12.898328742946932 ], [ 77.720850660331223, 12.898877918243372 ], [ 77.721133533775145, 12.899149592603045 ], [ 77.721145413667159, 12.900247942836813 ], [ 77.72142828921308, 12.900519616481025 ] ] } },
{ "type": "Feature", "properties": { "type": "ghost_drain" }, "geometry": { "type": "LineString", "coordinates": [ [ 77.72142828921308, 12.900519616481025 ], [ 77.721151354024911, 12.900797117915141 ], [ 77.721154324306738, 12.901071705444668 ], [ 77.722002956131433, 12.901886724442228 ], [ 77.722005927601685, 12.902161311753762 ], [ 77.721728991744143, 12.902438814003444 ], [ 77.721734934418592, 12.902987988722584 ], [ 77.721181059931467, 12.903542992921212 ], [ 77.721463939956678, 12.903814665719247 ], [ 77.72174384894511, 12.903811750753091 ], [ 77.722309611295742, 12.90435509432244 ], [ 77.722032673923337, 12.90463259726836 ], [ 77.72203564608013, 12.904907184515618 ], [ 77.721481769034924, 12.905462189991288 ], [ 77.721484740788199, 12.905736777347464 ], [ 77.720365095616188, 12.905748436017038 ], [ 77.719534270288719, 12.906580940255424 ], [ 77.718414619538834, 12.906592591322093 ], [ 77.717583784245619, 12.907425091144749 ] ] } },
{ "type": "Feature", "properties": { "type": "ghost_drain" }, "geometry": { "type": "LineString", "coordinates": [ [ 77.717583784245619, 12.907425091144749 ], [ 77.717306837928774, 12.907702590730777 ], [ 77.717309805659326, 12.907977178996202 ], [ 77.717875571653636, 12.908520532068371 ], [ 77.717598624765117, 12.90879803211973 ], [ 77.717601593074647, 12.909072620295447 ], [ 77.71788447749671, 12.909344296403496 ], [ 77.718444309378981, 12.909338471383828 ], [ 77.718450248169816, 12.909887647319037 ], [ 77.718733134420901, 12.910159322126493 ], [ 77.718786602603998, 12.915101903117812 ], [ 77.71963528518539, 12.915916921133181 ], [ 77.719358334156809, 12.916194424150326 ], [ 77.719361306147292, 12.916469011768278 ], [ 77.720492893505948, 12.917555697271984 ], [ 77.72077281801208, 12.917552780297896 ], [ 77.721338615824649, 12.918096119720111 ] ] } },
{ "type": "Feature", "properties": { "type": "ghost_drain" }, "geometry": { "type": "LineString", "coordinates": [ [ 77.721338615824649, 12.918096119720111 ], [ 77.724167641495882, 12.920812790794599 ], [ 77.724176576733626, 12.921636550031728 ], [ 77.724742391433523, 12.922179878614566 ], [ 77.724465441694974, 12.922457387191576 ], [ 77.724748350097855, 12.922729051124714 ], [ 77.724751329533149, 12.92300363737013 ] ] } },
{ "type": "Feature", "properties": { "type": "ghost_drain" }, "geometry": { "type": "LineString", "coordinates": [ [ 77.724751329533149, 12.92300363737013 ], [ 77.725031259111077, 12.923000714623685 ], [ 77.725879989812881, 12.923815702515423 ], [ 77.726439850180995, 12.923809853942847 ], [ 77.726722762108523, 12.924081514977734 ] ] } },
{ "type": "Feature", "properties": { "type": "ghost_drain" }, "geometry": { "type": "LineString", "coordinates": [ [ 77.726722762108523, 12.924081514977734 ], [ 77.727288587794803, 12.924624835744618 ], [ 77.727568518584903, 12.924621909918312 ], [ 77.727851432580067, 12.924893569286606 ], [ 77.728411294426621, 12.924887716008385 ], [ 77.728977125193865, 12.925431031987095 ], [ 77.730096849951806, 12.925419318927849 ], [ 77.730373794810532, 12.925141805011799 ], [ 77.730939629635017, 12.925685115756902 ], [ 77.730942616541853, 12.925959700518039 ], [ 77.731225535243951, 12.926231355168047 ], [ 77.73150546690141, 12.926228424763908 ], [ 77.731788386450347, 12.92650007861557 ], [ 77.731794362577915, 12.927049247706757 ], [ 77.731240472682487, 12.927604278523239 ], [ 77.73124346037693, 12.92787886317495 ], [ 77.731803327286187, 12.927873001295207 ], [ 77.732652095209403, 12.92868795918069 ], [ 77.732658074271669, 12.92923712778267 ], [ 77.732940998882512, 12.929508779400212 ] ] } },
{ "type": "Feature", "properties": { "type": "ghost_drain" }, "geometry": { "type": "LineString", "coordinates": [ [ 77.732940998882512, 12.929508779400212 ], [ 77.733223924104038, 12.929780430583044 ], [ 77.733503859247776, 12.929777497245823 ], [ 77.733506849936234, 12.930052081331139 ], [ 77.733229904939279, 12.930329598875986 ], [ 77.733280753176388, 12.934997528324942 ], [ 77.734129553845463, 12.935812475227458 ], [ 77.734132546662323, 12.936087059042157 ], [ 77.733855597212241, 12.936364578332137 ], [ 77.733873554143031, 12.938012081432591 ], [ 77.733596602662629, 12.938289600892844 ], [ 77.733599595489309, 12.938564184778286 ], [ 77.733322643161202, 12.938841704119053 ], [ 77.733355566204466, 12.941862127070481 ], [ 77.734487339108099, 12.942948714986427 ] ] } },
{ "type": "Feature", "properties": { "type": "ghost_drain" }, "geometry": { "type": "LineString", "coordinates": [ [ 77.734487339108099, 12.942948714986427 ], [ 77.73477028386236, 12.943220360877664 ], [ 77.735050233631185, 12.943217422886455 ], [ 77.735899072272204, 12.944032356856365 ], [ 77.736179022681966, 12.94402941747239 ], [ 77.736461970355094, 12.944301060894302 ], [ 77.737861722551202, 12.944286357654571 ], [ 77.738144672018905, 12.944557998819437 ], [ 77.738984523217326, 12.944549172183871 ], [ 77.739267474006255, 12.944820811820222 ], [ 77.739827374932773, 12.944814925168252 ], [ 77.740110326806303, 12.945086563640361 ], [ 77.740390277402426, 12.945083619500105 ], [ 77.740673230123988, 12.945355257172327 ], [ 77.741233131581865, 12.945349367263205 ], [ 77.741799039805628, 12.945892639843336 ] ] } },
{ "type": "Feature", "properties": { "type": "ghost_drain" }, "geometry": { "type": "LineString", "coordinates": [ [ 77.516607400943059, 12.883345621498934 ], [ 77.514667062656045, 12.88528688747013 ], [ 77.514672545975316, 12.885836154223023 ], [ 77.514395351874256, 12.886113477293017 ], [ 77.51439809338801, 12.886388110712884 ], [ 77.514120898437056, 12.88666543364921 ], [ 77.514123639773189, 12.886940067115654 ], [ 77.512460455833562, 12.888604001131664 ], [ 77.512180516730425, 12.888606688977708 ], [ 77.511626116476322, 12.889161331676963 ], [ 77.511639812940544, 12.890534501324961 ], [ 77.513335908971385, 12.892166172105252 ], [ 77.513344134233222, 12.892990072639058 ], [ 77.51390950665818, 12.893533959117594 ] ] } },
{ "type": "Feature", "properties": { "type": "ghost_drain" }, "geometry": { "type": "LineString", "coordinates": [ [ 77.667770147400148, 12.882672560690143 ], [ 77.667778871074006, 12.883496360736775 ], [ 77.667498972176944, 12.883499213527557 ], [ 77.667221980630003, 12.883776666148243 ], [ 77.666102382883338, 12.88378807338367 ], [ 77.666105289151048, 12.884062673756885 ], [ 77.66582829527276, 12.884340125311878 ], [ 77.665834107535801, 12.884889326151914 ], [ 77.664449126646133, 12.886276581800082 ], [ 77.664452031693102, 12.886551182492381 ] ] } },
{ "type": "Feature", "properties": { "type": "ghost_drain" }, "geometry": { "type": "LineString", "coordinates": [ [ 77.743343109106732, 12.882166022347608 ], [ 77.743337129284768, 12.881616856702939 ], [ 77.743614018367111, 12.881339340523962 ], [ 77.743608038351994, 12.880790174969935 ], [ 77.744438700540712, 12.87995762572873 ], [ 77.744718577633193, 12.879954691511406 ], [ 77.744995463439963, 12.879677174512935 ], [ 77.745275340090018, 12.879674239763588 ], [ 77.745829109132799, 12.879119204772882 ], [ 77.745826117211806, 12.878844622464724 ], [ 77.747210528004203, 12.877457032209646 ], [ 77.747204542022345, 12.876907868156524 ], [ 77.747481421887443, 12.87663034969601 ], [ 77.748321039728211, 12.876621538633561 ] ] } },
{ "type": "Feature", "properties": { "type": "ghost_drain" }, "geometry": { "type": "LineString", "coordinates": [ [ 77.467922435293218, 12.886281184353995 ], [ 77.468476944342171, 12.885726617821119 ], [ 77.468474253009646, 12.885451974751543 ], [ 77.468191617037959, 12.885179971798767 ], [ 77.468186235293089, 12.884630685511812 ], [ 77.467903600663689, 12.88435868200887 ], [ 77.467890149224147, 12.882985465859019 ], [ 77.467607517036868, 12.882713461612664 ], [ 77.46760482730231, 12.882438818299363 ], [ 77.467039565487283, 12.881894808414213 ], [ 77.466759624127633, 12.88189744634643 ], [ 77.466756935492867, 12.881622802839884 ], [ 77.466191677330229, 12.881078790427827 ] ] } },
{ "type": "Feature", "properties": { "type": "ghost_drain" }, "geometry": { "type": "LineString", "coordinates": [ [ 77.521953597700417, 12.886040750469556 ], [ 77.521956347433871, 12.886315382287945 ], [ 77.521124790557934, 12.887147369928922 ], [ 77.521127539632431, 12.887422001900186 ], [ 77.520295976553641, 12.888253988023836 ], [ 77.520309719266123, 12.889627148580962 ], [ 77.519755338425938, 12.890181805595372 ], [ 77.519475399145534, 12.890184501565113 ], [ 77.519198207443779, 12.89046182955326 ], [ 77.518918267731763, 12.890464524984758 ], [ 77.518641075052841, 12.890741852546993 ], [ 77.518643822212994, 12.891016484970203 ], [ 77.518366628683935, 12.891293812398954 ], [ 77.518374869822381, 12.892117709789606 ], [ 77.518097674961012, 12.892395037190825 ], [ 77.518103168888757, 12.892944302192271 ], [ 77.515863625452852, 12.892965851985002 ] ] } },
{ "type": "Feature", "properties": { "type": "ghost_drain" }, "geometry": { "type": "LineString", "coordinates": [ [ 77.718463163112872, 12.885171797467668 ], [ 77.718746016021669, 12.885443478252551 ], [ 77.718748980027129, 12.885718066654132 ], [ 77.719314688415622, 12.886261426784108 ], [ 77.719320618123405, 12.886810603286218 ], [ 77.72016918750677, 12.887625639810798 ], [ 77.720446112494457, 12.887348141847848 ], [ 77.720726003420239, 12.887345231622811 ], [ 77.721008861196893, 12.887616908943476 ], [ 77.721029631554444, 12.889539023673404 ] ] } },
{ "type": "Feature", "properties": { "type": "ghost_drain" }, "geometry": { "type": "LineString", "coordinates": [ [ 77.642333722321709, 12.886226193333821 ], [ 77.641773906799983, 12.886231845408398 ], [ 77.641208331766606, 12.885688284500944 ], [ 77.640648516929232, 12.885693933938063 ], [ 77.640082945281094, 12.885150369870148 ], [ 77.639523131128271, 12.885156016670017 ], [ 77.639240346692517, 12.884884233270666 ] ] } },
{ "type": "Feature", "properties": { "type": "ghost_drain" }, "geometry": { "type": "LineString", "coordinates": [ [ 77.679006897575931, 12.886402576321423 ], [ 77.67928387588168, 12.88612511324134 ], [ 77.679566696468342, 12.886396844577362 ], [ 77.67956961801444, 12.886671441865188 ], [ 77.67984951766357, 12.886668575482224 ], [ 77.679852439581509, 12.886943172700546 ], [ 77.680418084541486, 12.887486633077677 ], [ 77.68069506193477, 12.887209168593502 ], [ 77.68153476169411, 12.887200564587413 ], [ 77.681811737363049, 12.886923099218274 ], [ 77.682651435398071, 12.886914491818869 ], [ 77.682934259940581, 12.887186218605903 ], [ 77.684333756495732, 12.887171865160223 ], [ 77.684336683417683, 12.887446461355115 ], [ 77.684616582829975, 12.887443589707059 ], [ 77.686596384211441, 12.889345649454031 ], [ 77.686605174109616, 12.890169436347966 ], [ 77.687444879648027, 12.89016081144401 ], [ 77.68829338056328, 12.890975969549416 ], [ 77.688296312694462, 12.89125056476896 ], [ 77.688019341796434, 12.891528036461157 ], [ 77.688022273758776, 12.891802631731196 ], [ 77.688587945839501, 12.892346068615415 ], [ 77.68859087861405, 12.892620663739613 ], [ 77.688870782793131, 12.892617786409943 ], [ 77.689153620355611, 12.892889503772723 ], [ 77.689433524703503, 12.892886625782335 ], [ 77.689439392418294, 12.89343581561873 ], [ 77.68972223157084, 12.893707532048207 ], [ 77.689731034768599, 12.894531316545503 ], [ 77.690296717134316, 12.89507474769044 ], [ 77.69030552317659, 12.895898531711499 ], [ 77.690588366390003, 12.896170246426855 ], [ 77.690594238168828, 12.896719435602639 ], [ 77.690877082736051, 12.896991149746523 ], [ 77.690885892030423, 12.897814933252796 ], [ 77.691168738324023, 12.898086646755367 ], [ 77.691180486489742, 12.899185024394843 ], [ 77.691463334882314, 12.899456737186247 ], [ 77.691478023479092, 12.900829708742375 ], [ 77.692043725817058, 12.901373132330997 ], [ 77.692046664485119, 12.901647726483377 ] ] } },
{ "type": "Feature", "properties": { "type": "ghost_drain" }, "geometry": { "type": "LineString", "coordinates": [ [ 77.692046664485119, 12.901647726483377 ], [ 77.691492713772888, 12.90220268013821 ], [ 77.690932885249282, 12.902208444311851 ], [ 77.690655908234035, 12.902485920400364 ], [ 77.69066178313436, 12.903035109281259 ], [ 77.690107826328401, 12.903590061150268 ], [ 77.690119575048541, 12.904688439290718 ], [ 77.689842594783897, 12.904965915185016 ], [ 77.689854343642025, 12.906064293450624 ], [ 77.690420057296123, 12.906607718735248 ], [ 77.690143075745695, 12.906885195263802 ], [ 77.689023396347835, 12.906896720744387 ], [ 77.688192443567274, 12.9077291464291 ], [ 77.688201251657574, 12.908552931085499 ] ] } },
{ "type": "Feature", "properties": { "type": "ghost_drain" }, "geometry": { "type": "LineString", "coordinates": [ [ 77.688201251657574, 12.908552931085499 ], [ 77.688210060358131, 12.909376715684179 ], [ 77.687933073456435, 12.909654190896132 ], [ 77.687093303237177, 12.909662830177201 ], [ 77.686262335519629, 12.910495252617167 ] ] } },
{ "type": "Feature", "properties": { "type": "ghost_drain" }, "geometry": { "type": "LineString", "coordinates": [ [ 77.686262335519629, 12.910495252617167 ], [ 77.685982410859694, 12.91049813107181 ], [ 77.685699552303447, 12.910226413823615 ], [ 77.685419627812891, 12.910229291616764 ], [ 77.684865644524109, 12.910784237486181 ], [ 77.684874443875316, 12.911608024208796 ], [ 77.684043462233703, 12.912440442181133 ], [ 77.683763534897494, 12.912443318685275 ], [ 77.683486539424536, 12.91272079074848 ] ] } },
{ "type": "Feature", "properties": { "type": "ghost_drain" }, "geometry": { "type": "LineString", "coordinates": [ [ 77.683486539424536, 12.91272079074848 ], [ 77.682932546648914, 12.913275734337315 ], [ 77.681812832155558, 12.913287234530225 ], [ 77.68098183394595, 12.914119645736815 ], [ 77.679862113898892, 12.91413113830988 ], [ 77.6795851117853, 12.914408607409072 ], [ 77.679634899270411, 12.919076750395192 ], [ 77.677972849553143, 12.920741567003386 ], [ 77.67797577741176, 12.921016163931986 ] ] } },
{ "type": "Feature", "properties": { "type": "ghost_drain" }, "geometry": { "type": "LineString", "coordinates": [ [ 77.546047133350896, 12.887730037437505 ], [ 77.545769978569055, 12.888007387713371 ], [ 77.54549004736046, 12.888010111049459 ], [ 77.545212891601054, 12.888287460901442 ], [ 77.544932959959596, 12.888290183700047 ], [ 77.544655803222625, 12.888567533128084 ], [ 77.544658578255451, 12.888842160049903 ], [ 77.54494128597149, 12.889114064285677 ], [ 77.544949612561055, 12.889937944814269 ], [ 77.544395295594413, 12.890492644128345 ], [ 77.544398070771976, 12.890767271065728 ], [ 77.543843750888442, 12.891321969745972 ], [ 77.543846525649428, 12.891596596784193 ], [ 77.543569364553662, 12.891873945899953 ], [ 77.543572139138419, 12.892148572985411 ], [ 77.543294977193128, 12.892425921969419 ], [ 77.543303300611015, 12.893249803348469 ], [ 77.543026137335275, 12.89352715230782 ], [ 77.543028911695743, 12.893801779475057 ], [ 77.54275174757035, 12.894079128302575 ], [ 77.542776717536441, 12.896550773004428 ], [ 77.543059433894271, 12.896822677896228 ], [ 77.5427822671233, 12.897100027312877 ], [ 77.542785042012923, 12.89737465445759 ], [ 77.542507874392001, 12.8976520037423 ], [ 77.541668046283164, 12.897660168387628 ], [ 77.541390876946366, 12.897937516769597 ], [ 77.540830990482291, 12.897942957893553 ], [ 77.539999476602418, 12.898775000491227 ], [ 77.540002248829524, 12.899049628196517 ], [ 77.539722304090205, 12.899052347652491 ], [ 77.539445130968517, 12.899329694628083 ] ] } },
{ "type": "Feature", "properties": { "type": "ghost_drain" }, "geometry": { "type": "LineString", "coordinates": [ [ 77.539445130968517, 12.899329694628083 ], [ 77.53916518579635, 12.899332413545901 ], [ 77.538888011696343, 12.899609760096608 ], [ 77.538608066091314, 12.899612478476243 ], [ 77.538325349895544, 12.899340568505414 ], [ 77.538045404467212, 12.899343286227268 ], [ 77.537768228892077, 12.899620631821165 ], [ 77.537488283030967, 12.899623349004807 ], [ 77.537211106477528, 12.899900694173692 ], [ 77.536371267403894, 12.899908843212883 ], [ 77.536094089134664, 12.90018618747817 ], [ 77.535814142280074, 12.900188902987278 ], [ 77.535536963032555, 12.900466246827403 ], [ 77.534977068394014, 12.900471676469982 ] ] } },
{ "type": "Feature", "properties": { "type": "ghost_drain" }, "geometry": { "type": "LineString", "coordinates": [ [ 77.534977068394014, 12.900471676469982 ], [ 77.534417173499691, 12.900477104916471 ], [ 77.533569034257738, 12.899661358180683 ], [ 77.533289087437254, 12.899664070879298 ], [ 77.531592826855388, 12.898032563789545 ], [ 77.531587301260501, 12.897483304738083 ], [ 77.530739181408592, 12.896667545065547 ], [ 77.530459237301415, 12.896670254118405 ], [ 77.529893827595444, 12.896126411497157 ], [ 77.529053996336245, 12.896134534711004 ], [ 77.528771293119917, 12.895862611688216 ], [ 77.528491349480134, 12.895865318469832 ], [ 77.528208647114056, 12.895593394664186 ] ] } },
{ "type": "Feature", "properties": { "type": "ghost_drain" }, "geometry": { "type": "LineString", "coordinates": [ [ 77.727714331997632, 12.88644862002212 ], [ 77.727154555337137, 12.886454454714809 ] ] } },
{ "type": "Feature", "properties": { "type": "ghost_drain" }, "geometry": { "type": "LineString", "coordinates": [ [ 77.588047316691913, 12.888416588783034 ], [ 77.588052961331613, 12.888965823869247 ], [ 77.587498759037047, 12.889520596361189 ], [ 77.58750722505097, 12.890344449270382 ], [ 77.586675914889256, 12.89117660712556 ], [ 77.586958662264081, 12.89144845681639 ], [ 77.586964305903663, 12.891997692250277 ], [ 77.587247054627014, 12.892269541379539 ], [ 77.587252699267125, 12.892818776653408 ], [ 77.585590058322381, 12.89448309223366 ], [ 77.585592879304329, 12.894757710188415 ], [ 77.58615838236274, 12.895301410271648 ], [ 77.586164026001569, 12.895850645893018 ], [ 77.586446779184257, 12.896122495159533 ], [ 77.586458068724141, 12.897220966056844 ], [ 77.586740823995584, 12.897492814627153 ], [ 77.586463713885493, 12.897770201467333 ], [ 77.585903847633674, 12.897775738968685 ], [ 77.585349624105902, 12.8983305111467 ], [ 77.585355267351659, 12.898879746993568 ], [ 77.585638023884741, 12.899151596599573 ], [ 77.585640845975348, 12.899426214446208 ], [ 77.585923603487771, 12.899698063557837 ], [ 77.585934893982198, 12.900796534611688 ], [ 77.586500413795051, 12.9013402310153 ] ] } },
{ "type": "Feature", "properties": { "type": "ghost_drain" }, "geometry": { "type": "LineString", "coordinates": [ [ 77.487002013235482, 12.890495206385497 ], [ 77.486442119838017, 12.890500528105072 ], [ 77.485887649052131, 12.891055127286959 ], [ 77.485607701524756, 12.891057787217964 ], [ 77.485330464850762, 12.891335086286562 ], [ 77.485333175829538, 12.891609725716688 ], [ 77.483093587979312, 12.891630992951923 ], [ 77.482816347516106, 12.891908289961917 ] ] } },
{ "type": "Feature", "properties": { "type": "ghost_drain" }, "geometry": { "type": "LineString", "coordinates": [ [ 77.482816347516106, 12.891908289961917 ], [ 77.48253639838569, 12.891910946781092 ], [ 77.482259156946043, 12.89218824336249 ], [ 77.481979207385763, 12.892190899642408 ] ] } },
{ "type": "Feature", "properties": { "type": "ghost_drain" }, "geometry": { "type": "LineString", "coordinates": [ [ 77.481979207385763, 12.892190899642408 ], [ 77.481696550618736, 12.891918915445434 ], [ 77.481416601237882, 12.891921571069153 ], [ 77.481405774505618, 12.890823010060156 ] ] } },
{ "type": "Feature", "properties": { "type": "ghost_drain" }, "geometry": { "type": "LineString", "coordinates": [ [ 77.630049266068013, 12.889370954768211 ], [ 77.63118039979102, 12.890458129020312 ], [ 77.631183269553091, 12.890732737044022 ], [ 77.631466054876768, 12.891004529466217 ] ] } },
{ "type": "Feature", "properties": { "type": "ghost_drain" }, "geometry": { "type": "LineString", "coordinates": [ [ 77.570426097823699, 12.889963535372223 ], [ 77.570431704752096, 12.890512778049304 ], [ 77.571279903711286, 12.89132838899857 ], [ 77.571839762107302, 12.891322885492237 ], [ 77.572122496791053, 12.891594754237497 ], [ 77.572399620243871, 12.891317380790822 ], [ 77.572682355406897, 12.89158924881737 ] ] } },
{ "type": "Feature", "properties": { "type": "ghost_drain" }, "geometry": { "type": "LineString", "coordinates": [ [ 77.701433989753141, 12.88946748283108 ], [ 77.70144872091781, 12.890840444110626 ], [ 77.701731566885741, 12.891112145596304 ] ] } },
{ "type": "Feature", "properties": { "type": "ghost_drain" }, "geometry": { "type": "LineString", "coordinates": [ [ 77.701731566885741, 12.891112145596304 ], [ 77.70145461386052, 12.891389628577569 ], [ 77.701460507075723, 12.891938813018857 ], [ 77.701180606563781, 12.891941703662065 ], [ 77.700626696996807, 12.892496668849793 ], [ 77.700066894278535, 12.892502448299936 ], [ 77.699789937836769, 12.892779930156793 ], [ 77.699230134101143, 12.89278570794202 ], [ 77.698953176305537, 12.893063189150714 ], [ 77.698673273963109, 12.893066077360171 ], [ 77.698119355800287, 12.893621038773301 ], [ 77.697839452644857, 12.893623926213758 ], [ 77.696731607522366, 12.894733845962685 ], [ 77.696451702808972, 12.894736732163629 ] ] } },
{ "type": "Feature", "properties": { "type": "ghost_drain" }, "geometry": { "type": "LineString", "coordinates": [ [ 77.696451702808972, 12.894736732163629 ], [ 77.69617473963352, 12.895014211420358 ], [ 77.695614929257772, 12.895019982455553 ], [ 77.694230100520855, 12.896407373713576 ], [ 77.693950193368693, 12.896410257606579 ], [ 77.69395313294639, 12.896684851430402 ], [ 77.693676164762863, 12.896962328968931 ], [ 77.693679104171906, 12.897236922843373 ], [ 77.693402135142676, 12.897514400260597 ], [ 77.693405074383008, 12.897788994185653 ], [ 77.692574162930711, 12.898621425538179 ], [ 77.692582978929323, 12.899445207787988 ], [ 77.692029033495118, 12.900000161472931 ], [ 77.69203197182371, 12.900274755657367 ], [ 77.692314822416492, 12.900546467082787 ], [ 77.692323638927249, 12.901370249388179 ], [ 77.692046664485119, 12.901647726483377 ] ] } },
{ "type": "Feature", "properties": { "type": "ghost_drain" }, "geometry": { "type": "LineString", "coordinates": [ [ 77.704235912871525, 12.889713157333549 ], [ 77.703958964380035, 12.889990642143397 ], [ 77.702839372899177, 12.890002211893433 ], [ 77.701731566885741, 12.891112145596304 ] ] } },
{ "type": "Feature", "properties": { "type": "ghost_drain" }, "geometry": { "type": "LineString", "coordinates": [ [ 77.694442402064183, 12.890088832723471 ], [ 77.69500808055767, 12.890632253791299 ], [ 77.695013959362754, 12.891181441194089 ], [ 77.694460034826875, 12.891736395693384 ], [ 77.694462973858464, 12.892010989499273 ], [ 77.694745815407217, 12.892282699760097 ], [ 77.695305620101749, 12.892276931786755 ], [ 77.695588462732246, 12.892548640891262 ], [ 77.695594343706517, 12.893097827950418 ], [ 77.695877187690684, 12.893369536483076 ], [ 77.695600224952699, 12.893647014983936 ], [ 77.695603165677753, 12.89392160849108 ], [ 77.695886010779219, 12.89419331681405 ], [ 77.696165915019677, 12.894190431337561 ], [ 77.696448760966547, 12.894462138866196 ], [ 77.696451702808972, 12.894736732163629 ] ] } },
{ "type": "Feature", "properties": { "type": "ghost_drain" }, "geometry": { "type": "LineString", "coordinates": [ [ 77.630066476736957, 12.891018604454827 ], [ 77.630349261479026, 12.891290398251355 ], [ 77.630629177477786, 12.891287583490387 ], [ 77.631477536071856, 12.892102961223873 ] ] } },
{ "type": "Feature", "properties": { "type": "ghost_drain" }, "geometry": { "type": "LineString", "coordinates": [ [ 77.482261864762037, 12.892462883417267 ], [ 77.481979207385763, 12.892190899642408 ] ] } },
{ "type": "Feature", "properties": { "type": "ghost_drain" }, "geometry": { "type": "LineString", "coordinates": [ [ 77.654421794173587, 12.891047237040748 ], [ 77.654704599975659, 12.891318999367465 ], [ 77.654710391245317, 12.891868204900126 ], [ 77.655276006161657, 12.892411727987479 ], [ 77.656115740727756, 12.892403202117475 ], [ 77.656112843403278, 12.892128599679817 ], [ 77.656666869837736, 12.891573709753771 ], [ 77.657226690452234, 12.891568023527432 ], [ 77.657503702013273, 12.891290577822245 ], [ 77.658063521616796, 12.891284889928921 ], [ 77.658346330877009, 12.891556647490408 ], [ 77.658623340952204, 12.89127920084084 ], [ 77.658903250519344, 12.891276355848767 ], [ 77.65918606049172, 12.891548112326339 ], [ 77.659745879899575, 12.891542420723487 ], [ 77.660028690955542, 12.891814176048053 ], [ 77.661988058431149, 12.891794243499739 ], [ 77.663119315389253, 12.892881250374877 ] ] } },
{ "type": "Feature", "properties": { "type": "ghost_drain" }, "geometry": { "type": "LineString", "coordinates": [ [ 77.555332192725643, 12.892308610227033 ], [ 77.555340555433318, 12.893132483860006 ], [ 77.554786259996504, 12.8936872021302 ], [ 77.554791834496626, 12.894236451402479 ], [ 77.554237535662381, 12.894791169148636 ], [ 77.553957598769685, 12.89479390294996 ], [ 77.553403296760408, 12.895348619479124 ], [ 77.553411655197465, 12.896172494166217 ], [ 77.553977106054518, 12.896716276377738 ], [ 77.553991041761975, 12.898089400064354 ], [ 77.554273769950058, 12.898361290199228 ] ] } },
{ "type": "Feature", "properties": { "type": "ghost_drain" }, "geometry": { "type": "LineString", "coordinates": [ [ 77.554273769950058, 12.898361290199228 ], [ 77.554556498747573, 12.898633179908469 ], [ 77.554562074958071, 12.899182429072649 ], [ 77.554284921152174, 12.899459788768258 ], [ 77.554293285230273, 12.900283662628397 ], [ 77.553461817992584, 12.901115741089439 ], [ 77.553464605426413, 12.901390365858218 ], [ 77.552078813303396, 12.902777159860435 ] ] } },
{ "type": "Feature", "properties": { "type": "ghost_drain" }, "geometry": { "type": "LineString", "coordinates": [ [ 77.552078813303396, 12.902777159860435 ], [ 77.551518920749373, 12.902782625868428 ], [ 77.551241759757488, 12.903059983635485 ], [ 77.550961813014737, 12.903062715951913 ], [ 77.550684651043994, 12.903340073294761 ], [ 77.550404703867713, 12.903342805073128 ], [ 77.549556511294853, 12.902527121897455 ], [ 77.549276564775781, 12.902529852299354 ], [ 77.548993835377985, 12.902257956697305 ], [ 77.54871667154471, 12.902535312205984 ], [ 77.547876831215916, 12.902543499822976 ], [ 77.547599665665686, 12.902820854429194 ], [ 77.547319718391776, 12.902823582797684 ], [ 77.54675426283525, 12.902279786273777 ], [ 77.545074580729818, 12.902296145895834 ], [ 77.544791855309612, 12.902024244841687 ], [ 77.54395201411198, 12.902032419538482 ], [ 77.543397673031123, 12.902587121656252 ], [ 77.542277880917467, 12.902598015152007 ], [ 77.541429712598614, 12.901782300143736 ], [ 77.540869817601205, 12.901787742943668 ], [ 77.540864270100826, 12.9012384880126 ], [ 77.540581549766344, 12.900966581309406 ], [ 77.540858722856825, 12.900689233056172 ], [ 77.540576003260085, 12.900417326220598 ], [ 77.540570457010162, 12.899868071106427 ], [ 77.540005021120692, 12.899324255895468 ], [ 77.539445130968517, 12.899329694628083 ] ] } },
{ "type": "Feature", "properties": { "type": "ghost_drain" }, "geometry": { "type": "LineString", "coordinates": [ [ 77.4996268143111, 12.893121515954885 ], [ 77.499346867427548, 12.893124190999714 ], [ 77.499349594077117, 12.893398827450214 ], [ 77.498795151781323, 12.893953449878476 ], [ 77.498235255745158, 12.893958798229102 ], [ 77.497952582380108, 12.893686835223923 ], [ 77.49794985719069, 12.893412198485461 ], [ 77.497384513023732, 12.892868271076134 ], [ 77.495704829580717, 12.892884302162834 ], [ 77.495422159861036, 12.892612335677835 ], [ 77.494302370606704, 12.892623015660885 ], [ 77.494025143871511, 12.892900322490009 ], [ 77.493745196033103, 12.892902991498467 ], [ 77.493190739999889, 12.893457604113312 ], [ 77.49235089390217, 12.893465607904462 ], [ 77.492073663869093, 12.893742913209724 ], [ 77.491793714676604, 12.893745580302129 ], [ 77.491239252047507, 12.894300189868773 ], [ 77.490679352003994, 12.894305522195987 ] ] } },
{ "type": "Feature", "properties": { "type": "ghost_drain" }, "geometry": { "type": "LineString", "coordinates": [ [ 77.490679352003994, 12.894305522195987 ], [ 77.489831352215006, 12.893489603137679 ], [ 77.489551402824546, 12.893492267780228 ], [ 77.489268737688661, 12.89322029355821 ], [ 77.48899150385526, 12.893497596168643 ], [ 77.48843160463484, 12.893502923361472 ], [ 77.488148940466431, 12.893230947709375 ], [ 77.487871705163357, 12.893508249358717 ], [ 77.487031855485498, 12.893516236112847 ], [ 77.486749192526574, 12.893244258673288 ], [ 77.486469242750417, 12.893246919969396 ], [ 77.486186580642695, 12.892974941750023 ], [ 77.48562668138608, 12.892980262730656 ], [ 77.485618546783627, 12.892156344691664 ], [ 77.485335886870999, 12.891884365140506 ], [ 77.482816347516106, 12.891908289961917 ] ] } },
{ "type": "Feature", "properties": { "type": "ghost_drain" }, "geometry": { "type": "LineString", "coordinates": [ [ 77.530983225722053, 12.893094649464281 ], [ 77.530997032033682, 12.894467798148455 ], [ 77.53127973533438, 12.894739718632907 ] ] } },
{ "type": "Feature", "properties": { "type": "ghost_drain" }, "geometry": { "type": "LineString", "coordinates": [ [ 77.607410145552109, 12.892893258271885 ], [ 77.607687223840983, 12.892615854538159 ], [ 77.607967146408058, 12.892613063728467 ], [ 77.60852130041819, 12.892058255239474 ], [ 77.608801222178911, 12.892055463656362 ], [ 77.609366758256641, 12.892599105198496 ], [ 77.609369604732208, 12.892873717991248 ], [ 77.610209371965269, 12.892865339103675 ], [ 77.610492142004077, 12.893137158084107 ], [ 77.610497837720487, 12.893686383146003 ], [ 77.610780609109099, 12.893958201562604 ], [ 77.611340455774851, 12.893952612456635 ], [ 77.611617529833822, 12.893675205180053 ], [ 77.611897452697505, 12.893672409941592 ], [ 77.612174525777007, 12.893395002245605 ], [ 77.613294215091273, 12.89338381735487 ] ] } },
{ "type": "Feature", "properties": { "type": "ghost_drain" }, "geometry": { "type": "LineString", "coordinates": [ [ 77.71573830493152, 12.892065583153771 ], [ 77.716018202196111, 12.892062676916588 ], [ 77.716030053034586, 12.893161032427951 ], [ 77.717161503083631, 12.894247757854137 ], [ 77.717715371972488, 12.893692764146989 ], [ 77.718834966007051, 12.893681127507781 ], [ 77.7191178307109, 12.893952805746222 ], [ 77.71939772928404, 12.893949895476974 ], [ 77.719674660813098, 12.893672396892152 ], [ 77.719957526224519, 12.893944074042395 ], [ 77.721357017375311, 12.89392951522883 ] ] } },
{ "type": "Feature", "properties": { "type": "ghost_drain" }, "geometry": { "type": "LineString", "coordinates": [ [ 77.598735336881902, 12.89325423293773 ], [ 77.598458246269558, 12.893531629182204 ], [ 77.598461081065452, 12.893806244347715 ], [ 77.598743842183197, 12.894078078250647 ], [ 77.598766525870531, 12.896274998805037 ], [ 77.599049290558511, 12.896546831739753 ], [ 77.599052126684541, 12.896821446712829 ], [ 77.599900425514548, 12.897636942748113 ], [ 77.59990610018454, 12.898186172269606 ], [ 77.600471637265315, 12.898729833884046 ], [ 77.600480151983689, 12.899553677712861 ], [ 77.600762922548967, 12.899825507675542 ], [ 77.600774277906339, 12.900923965754318 ], [ 77.600497183191465, 12.901201365198549 ], [ 77.600500021955668, 12.901475979757205 ], [ 77.600222926392149, 12.901753379073471 ], [ 77.600228603639025, 12.902302608281433 ], [ 77.601076927555894, 12.903118095937883 ] ] } },
{ "type": "Feature", "properties": { "type": "ghost_drain" }, "geometry": { "type": "LineString", "coordinates": [ [ 77.49096201981898, 12.894577494370308 ], [ 77.490679352003994, 12.894305522195987 ] ] } },
{ "type": "Feature", "properties": { "type": "ghost_drain" }, "geometry": { "type": "LineString", "coordinates": [ [ 77.732540961242236, 12.892714435608319 ], [ 77.732264047585261, 12.892991944805747 ], [ 77.731424363884329, 12.893000715357122 ], [ 77.730316698688867, 12.894110747570448 ], [ 77.73031967737019, 12.894385333135892 ], [ 77.730602552858215, 12.894656996285272 ], [ 77.730605531981681, 12.894931581773562 ], [ 77.730328613827226, 12.895209089793662 ], [ 77.730331592783941, 12.895483675333397 ], [ 77.730051695063864, 12.895486597637218 ], [ 77.729774775691581, 12.895764105304213 ], [ 77.729783711354514, 12.896587862251321 ], [ 77.730066589357861, 12.896859525560956 ], [ 77.730072547557384, 12.897408696685455 ], [ 77.729518704904677, 12.897963712652871 ], [ 77.729524662436873, 12.898512883983086 ], [ 77.729247739725537, 12.898790391817531 ], [ 77.727008524602837, 12.898813758492539 ], [ 77.725623886975228, 12.900201285630683 ], [ 77.725629837080163, 12.90075045865663 ], [ 77.725352907255441, 12.901027963669195 ], [ 77.72423328664695, 12.901039634717563 ], [ 77.723956354719675, 12.901317138614434 ], [ 77.72367347593044, 12.901045468448599 ], [ 77.723667529952493, 12.900496294537177 ], [ 77.723101775694815, 12.899952952622543 ], [ 77.721982157761801, 12.899964613081535 ], [ 77.72142828921308, 12.900519616481025 ] ] } },
{ "type": "Feature", "properties": { "type": "ghost_drain" }, "geometry": { "type": "LineString", "coordinates": [ [ 77.615819219612419, 12.893907856582443 ], [ 77.614419607726049, 12.893921851009942 ], [ 77.613588394119077, 12.894754079576701 ] ] } },
{ "type": "Feature", "properties": { "type": "ghost_drain" }, "geometry": { "type": "LineString", "coordinates": [ [ 77.567696844335771, 12.896856569754304 ], [ 77.567419709807595, 12.897133940233305 ], [ 77.567139773208709, 12.897136688625341 ], [ 77.56686263770176, 12.897414058681578 ], [ 77.566302763570945, 12.897419554091988 ], [ 77.566025626715842, 12.897696923486928 ], [ 77.565745689183913, 12.897699670505268 ], [ 77.565468551350051, 12.897977039477311 ], [ 77.565482551134494, 12.899350150645176 ], [ 77.565202611644935, 12.899352897428212 ], [ 77.564648331010048, 12.899907634882569 ], [ 77.564088450359108, 12.899913126597465 ], [ 77.563811308388608, 12.900190494570708 ], [ 77.563251426740152, 12.900195984612473 ], [ 77.562697139492983, 12.900750719050764 ], [ 77.562702734411488, 12.901299964617845 ], [ 77.561871297528356, 12.902132065214538 ], [ 77.561591354150536, 12.90213480871436 ] ] } },
{ "type": "Feature", "properties": { "type": "ghost_drain" }, "geometry": { "type": "LineString", "coordinates": [ [ 77.561591354150536, 12.90213480871436 ], [ 77.561314206934213, 12.902412174971841 ], [ 77.561034263122366, 12.902414917933919 ], [ 77.561037059108301, 12.902689541044589 ], [ 77.560759910672729, 12.902966906932583 ], [ 77.56047996612206, 12.902969649417198 ], [ 77.559925666683156, 12.903524380161329 ], [ 77.558805884879433, 12.903535345199002 ], [ 77.558528732767897, 12.903812709338661 ], [ 77.556849055909836, 12.903829146489961 ], [ 77.556571900972372, 12.904106509011667 ], [ 77.555172166636922, 12.904120197218575 ], [ 77.554606693921187, 12.903576421472044 ], [ 77.553486907215884, 12.903587363779904 ] ] } },
{ "type": "Feature", "properties": { "type": "ghost_drain" }, "geometry": { "type": "LineString", "coordinates": [ [ 77.553486907215884, 12.903587363779904 ], [ 77.553204172734226, 12.903315473831034 ], [ 77.552644279475942, 12.903320942472055 ], [ 77.552641492505728, 12.9030463175673 ], [ 77.552358759483866, 12.90277442640785 ], [ 77.552078813303396, 12.902777159860435 ] ] } },
{ "type": "Feature", "properties": { "type": "ghost_drain" }, "geometry": { "type": "LineString", "coordinates": [ [ 77.558738852908249, 12.896944377670323 ], [ 77.558184559606261, 12.897499103176811 ], [ 77.556504924418903, 12.89751553022076 ], [ 77.556507714367044, 12.897790154410048 ], [ 77.555953413716864, 12.898344876420715 ], [ 77.555673473250195, 12.898347612797849 ], [ 77.555390743860784, 12.898075724458618 ], [ 77.554550922794803, 12.898083930718901 ], [ 77.554273769950058, 12.898361290199228 ] ] } },
{ "type": "Feature", "properties": { "type": "ghost_drain" }, "geometry": { "type": "LineString", "coordinates": [ [ 77.637121889236226, 12.896440287785682 ], [ 77.636839091732114, 12.896168503948031 ], [ 77.636279251627954, 12.89617414854999 ], [ 77.635996455209138, 12.89590236356109 ], [ 77.635719411257853, 12.896179791956646 ], [ 77.635722287286768, 12.896454398853988 ], [ 77.635445242488217, 12.896731827124185 ], [ 77.635165321527822, 12.89673464820458 ], [ 77.634334182363858, 12.897566931218224 ], [ 77.632654648527421, 12.897583847162231 ], [ 77.631523471470643, 12.896496687233736 ], [ 77.631246421106979, 12.896774111951716 ], [ 77.631252163749977, 12.897323327699288 ], [ 77.63041239585354, 12.897331776967786 ] ] } },
{ "type": "Feature", "properties": { "type": "ghost_drain" }, "geometry": { "type": "LineString", "coordinates": [ [ 77.658975774832527, 12.898141399704764 ], [ 77.660095442881939, 12.898130010486057 ], [ 77.660378263093918, 12.898401763792171 ], [ 77.660381166528339, 12.898676365143693 ], [ 77.66066398772125, 12.898948117950185 ], [ 77.660943905345533, 12.89894526911268 ], [ 77.661509550034111, 12.899488772710765 ], [ 77.661786562907423, 12.899211321832315 ], [ 77.66206648056783, 12.899208471736641 ], [ 77.662057764580169, 12.898384668829445 ], [ 77.662611786330729, 12.897829766398397 ], [ 77.662891702266677, 12.897826915719664 ], [ 77.663168711856414, 12.897549463998278 ], [ 77.663451533937049, 12.897821213465683 ], [ 77.663454440587827, 12.898095814140371 ], [ 77.663737263649409, 12.89836756310795 ], [ 77.664017179925864, 12.89836471110838 ], [ 77.66457119647167, 12.897809805371638 ] ] } },
{ "type": "Feature", "properties": { "type": "ghost_drain" }, "geometry": { "type": "LineString", "coordinates": [ [ 77.745752825588752, 12.897793726254871 ], [ 77.745779795626603, 12.900264963384181 ], [ 77.745225989634804, 12.900820006873188 ], [ 77.745228986181218, 12.901094588860698 ], [ 77.745511883488291, 12.901366230985225 ], [ 77.745526869128142, 12.902739140470734 ], [ 77.74469615174992, 12.903571706309405 ], [ 77.744699148379368, 12.903846288361818 ], [ 77.74414533327645, 12.904401331490376 ], [ 77.744148329504213, 12.904675913652737 ], [ 77.743040691043959, 12.90578599802909 ], [ 77.742480878597149, 12.905791874131017 ], [ 77.741927054214941, 12.906346914324612 ], [ 77.741933042832841, 12.906896079586346 ], [ 77.742215945165526, 12.907167724581093 ], [ 77.74193903172737, 12.907445244822329 ], [ 77.741945020898541, 12.907994410032547 ], [ 77.741114275513155, 12.908826970047201 ], [ 77.741117269495561, 12.909101552817031 ], [ 77.740837359165539, 12.909104489699397 ], [ 77.74028352464147, 12.909659528474636 ], [ 77.740295498157607, 12.910757860212591 ], [ 77.740018579038249, 12.911035379567966 ], [ 77.740030552717315, 12.912133711435255 ], [ 77.739476710763356, 12.912688750081273 ], [ 77.739479703884328, 12.912963333148163 ] ] } },
{ "type": "Feature", "properties": { "type": "ghost_drain" }, "geometry": { "type": "LineString", "coordinates": [ [ 77.739479703884328, 12.912963333148163 ], [ 77.739762612322863, 12.913234979853627 ], [ 77.739765605886959, 12.913509562843108 ], [ 77.740331425341566, 12.914052854808192 ], [ 77.74005450339294, 12.914330374860688 ], [ 77.740057497538416, 12.914604957759881 ], [ 77.739777580834442, 12.914607894736646 ], [ 77.739795545328988, 12.916255392383709 ], [ 77.739241695551897, 12.916810432302853 ], [ 77.73925367137663, 12.917908764403338 ], [ 77.740102418014857, 12.918723700474736 ] ] } },
{ "type": "Feature", "properties": { "type": "ghost_drain" }, "geometry": { "type": "LineString", "coordinates": [ [ 77.740102418014857, 12.918723700474736 ], [ 77.739825491682268, 12.919001221280086 ], [ 77.739831481782318, 12.919550386982042 ], [ 77.73927762634294, 12.920105428295049 ], [ 77.73899770333135, 12.920108365664506 ], [ 77.739000697708022, 12.920382948686486 ], [ 77.73872376846289, 12.920660468901191 ], [ 77.738726762672655, 12.920935051974789 ], [ 77.73844983258131, 12.921212572070793 ], [ 77.738732751299423, 12.921484218102654 ], [ 77.738735745716454, 12.921758801156917 ], [ 77.73817589568651, 12.921764675173275 ], [ 77.737622031980507, 12.922319714597378 ], [ 77.737625025384204, 12.922594297890274 ], [ 77.73734809237969, 12.922871817395089 ], [ 77.737381021781445, 12.925892233829874 ] ] } },
{ "type": "Feature", "properties": { "type": "ghost_drain" }, "geometry": { "type": "LineString", "coordinates": [ [ 77.737381021781445, 12.925892233829874 ], [ 77.736827148746087, 12.92644727358531 ], [ 77.736836129525116, 12.927271023734837 ], [ 77.736559191383037, 12.927548543521121 ], [ 77.735999327429568, 12.927554415454676 ], [ 77.735716402839273, 12.927282767344165 ], [ 77.735439463199953, 12.927560286190301 ], [ 77.735442455473702, 12.927834869876353 ], [ 77.734602657695859, 12.927843673926921 ], [ 77.734599666337971, 12.927569090047617 ], [ 77.734316742929039, 12.927297440117606 ], [ 77.734039801418334, 12.92757495778841 ], [ 77.734042792165653, 12.927849541796512 ], [ 77.733762859297073, 12.927852475282073 ], [ 77.732932029269733, 12.928685026700007 ], [ 77.732940998882512, 12.929508779400212 ] ] } },
{ "type": "Feature", "properties": { "type": "ghost_drain" }, "geometry": { "type": "LineString", "coordinates": [ [ 77.710768166696809, 12.898433415065501 ], [ 77.711051030896172, 12.898705102625843 ], [ 77.711610842298541, 12.898699296942194 ], [ 77.712176573469421, 12.899242669313342 ], [ 77.712179533593044, 12.899517258928736 ], [ 77.711902587036548, 12.899794752382057 ], [ 77.711911467109218, 12.900618521362073 ], [ 77.713042943276619, 12.901705260953118 ], [ 77.713322851883817, 12.901702355466133 ], [ 77.713325813841635, 12.901976944768185 ], [ 77.713048866651405, 12.902254439678595 ], [ 77.713614609883081, 12.90279780659432 ], [ 77.713629423248619, 12.904170752592371 ], [ 77.713909334460993, 12.90416784593241 ] ] } },
{ "type": "Feature", "properties": { "type": "ghost_drain" }, "geometry": { "type": "LineString", "coordinates": [ [ 77.713909334460993, 12.90416784593241 ], [ 77.714469156680366, 12.904162031715668 ], [ 77.715600660753964, 12.905248754587578 ], [ 77.715880572705885, 12.905245845579191 ], [ 77.716163450484132, 12.905517524851026 ], [ 77.71617234857959, 12.906341290550047 ], [ 77.717020988930656, 12.90715632513181 ], [ 77.717580816347365, 12.907150502930469 ], [ 77.717583784245619, 12.907425091144749 ] ] } },
{ "type": "Feature", "properties": { "type": "ghost_drain" }, "geometry": { "type": "LineString", "coordinates": [ [ 77.670184063485422, 12.899125688953077 ], [ 77.669630059441246, 12.899680604695728 ], [ 77.66963588715474, 12.900229803185844 ], [ 77.669081879724231, 12.900784718436245 ], [ 77.669087706757708, 12.901333917126628 ], [ 77.668810701653754, 12.90161137459538 ], [ 77.66882526922862, 12.902984371491604 ], [ 77.66827125481862, 12.903539286454725 ], [ 77.668277081370064, 12.904088485394196 ], [ 77.667446053759264, 12.904920856829763 ] ] } },
{ "type": "Feature", "properties": { "type": "ghost_drain" }, "geometry": { "type": "LineString", "coordinates": [ [ 77.648353326924379, 12.899622378962206 ], [ 77.648636139011515, 12.899894147102279 ], [ 77.648082076773306, 12.900449026685346 ], [ 77.648084967271984, 12.900723630742677 ], [ 77.646965276744211, 12.900734970802532 ], [ 77.646688242987366, 12.901012409432887 ], [ 77.646691132096151, 12.901287013789204 ], [ 77.647256758482541, 12.901830553149695 ], [ 77.646425653642879, 12.902662869879979 ], [ 77.646428542847474, 12.902937474260284 ], [ 77.645874469431064, 12.903492351288859 ], [ 77.645880247088471, 12.904041560254027 ], [ 77.645049130964267, 12.904873874776728 ], [ 77.644209347252968, 12.904882373208375 ], [ 77.643932306211269, 12.905159810310758 ], [ 77.64309252078526, 12.905168305340863 ], [ 77.64253843464418, 12.905723177582257 ], [ 77.642821249905424, 12.905994951797927 ], [ 77.642824135948359, 12.90626955691129 ], [ 77.642544206053756, 12.906272387939859 ], [ 77.642267161592443, 12.906549823900813 ], [ 77.641987231259691, 12.906552654393487 ], [ 77.641990116521455, 12.906827259680778 ], [ 77.641436024550401, 12.907382130697648 ], [ 77.641450449476508, 12.908755157596527 ], [ 77.64117340138516, 12.909032593112492 ], [ 77.641176286331998, 12.909307198528916 ], [ 77.640899237392574, 12.909584633919588 ], [ 77.640910776892994, 12.910683055744613 ], [ 77.639248464729022, 12.912347665623219 ], [ 77.637848776720347, 12.912361805172296 ], [ 77.63757172070045, 12.91263923833236 ], [ 77.636731905982103, 12.912647717759967 ], [ 77.636449087048092, 12.912375937241061 ], [ 77.635889210713557, 12.912381587974075 ], [ 77.635606392866507, 12.912109806302769 ], [ 77.635046516743017, 12.91211545511635 ], [ 77.634769457246634, 12.912392885849517 ], [ 77.634772335978198, 12.912667492618322 ], [ 77.633664090938439, 12.913777213958541 ] ] } },
{ "type": "Feature", "properties": { "type": "ghost_drain" }, "geometry": { "type": "LineString", "coordinates": [ [ 77.580896025650503, 12.900846330367626 ], [ 77.581450265325898, 12.900291564828049 ] ] } },
{ "type": "Feature", "properties": { "type": "ghost_drain" }, "geometry": { "type": "LineString", "coordinates": [ [ 77.635217091644847, 12.901677573384774 ], [ 77.635219968393884, 12.901952180278576 ], [ 77.634942918089308, 12.902229609188797 ], [ 77.63466299090274, 12.902232430912628 ], [ 77.634385939617502, 12.902509859404692 ], [ 77.63439169175237, 12.903059073519938 ], [ 77.634114639381053, 12.903336501942048 ], [ 77.634117515309839, 12.903611109045752 ], [ 77.63384046209066, 12.903888537342214 ], [ 77.633843337847566, 12.904163144495184 ], [ 77.633289229103823, 12.904718000655382 ], [ 77.633292104450419, 12.904992607913252 ] ] } },
{ "type": "Feature", "properties": { "type": "ghost_drain" }, "geometry": { "type": "LineString", "coordinates": [ [ 77.484327248926746, 12.903155221922454 ], [ 77.484047287614572, 12.903157882635124 ], [ 77.483770038084927, 12.90343518255842 ] ] } },
{ "type": "Feature", "properties": { "type": "ghost_drain" }, "geometry": { "type": "LineString", "coordinates": [ [ 77.678607816810711, 12.901511162076378 ], [ 77.679173498840285, 12.902054618704137 ], [ 77.680293165776803, 12.902043139633069 ], [ 77.68114169623658, 12.902858316993473 ], [ 77.681972664153392, 12.902025912058715 ], [ 77.682532496404534, 12.902020167142544 ], [ 77.682815341178141, 12.9022918904643 ], [ 77.683935005816465, 12.902280395596414 ], [ 77.684217852147484, 12.902552117037933 ], [ 77.684220782555826, 12.902826712937339 ], [ 77.684786477790823, 12.903370154385762 ], [ 77.685066394796848, 12.903367278771755 ], [ 77.68509864530327, 12.906387831014598 ], [ 77.685664351644718, 12.906931268478891 ], [ 77.685944272409387, 12.90692839114571 ], [ 77.686509981663349, 12.907471826157574 ], [ 77.686789902834363, 12.907468947800734 ], [ 77.687072758612842, 12.907740664296337 ], [ 77.687075693355837, 12.908015259441411 ], [ 77.687358550116556, 12.908286975435271 ], [ 77.687918393813092, 12.908281216248458 ], [ 77.688201251657574, 12.908552931085499 ] ] } },
{ "type": "Feature", "properties": { "type": "ghost_drain" }, "geometry": { "type": "LineString", "coordinates": [ [ 77.663500956136218, 12.902489424065353 ], [ 77.664900560031725, 12.902475157867244 ], [ 77.665177571055366, 12.902197703534958 ], [ 77.665457491260923, 12.902194849162306 ], [ 77.665734501303234, 12.901917394414047 ], [ 77.666294340768786, 12.901911684299616 ] ] } },
{ "type": "Feature", "properties": { "type": "ghost_drain" }, "geometry": { "type": "LineString", "coordinates": [ [ 77.470339895901759, 12.904386460317713 ], [ 77.47033719850532, 12.904111818026024 ], [ 77.46948921319246, 12.903295827482692 ], [ 77.469486516960032, 12.903021184991205 ], [ 77.468926588260032, 12.903026474292201 ], [ 77.468361269472169, 12.902482476929441 ], [ 77.468358574646231, 12.902207834186383 ], [ 77.467793259031851, 12.901663835007783 ], [ 77.467233332633526, 12.901669120137791 ], [ 77.467230639213881, 12.901394477143269 ], [ 77.466947983173682, 12.901122476142541 ], [ 77.466388057621415, 12.901127759245455 ] ] } },
{ "type": "Feature", "properties": { "type": "ghost_drain" }, "geometry": { "type": "LineString", "coordinates": [ [ 77.466388057621415, 12.901127759245455 ], [ 77.465828131820288, 12.90113304115197 ], [ 77.465545477360394, 12.900861038300835 ], [ 77.465265514609172, 12.900863678448266 ], [ 77.464982861001658, 12.900591674818402 ], [ 77.464702898430915, 12.900594314309583 ], [ 77.464420245675782, 12.900322309901048 ], [ 77.463580358318595, 12.900330225508659 ], [ 77.463297706901201, 12.900058219607267 ], [ 77.46301774456721, 12.900060857187865 ], [ 77.463015056093496, 12.899786213284436 ], [ 77.462167107328312, 12.898970191787519 ], [ 77.462164420017558, 12.898695547684833 ], [ 77.461881772015332, 12.898423539612152 ], [ 77.460761928380066, 12.898434080766986 ], [ 77.460479281958285, 12.898162070844919 ], [ 77.460471226257411, 12.897338137417551 ], [ 77.459340651067876, 12.896250092745865 ] ] } },
{ "type": "Feature", "properties": { "type": "ghost_drain" }, "geometry": { "type": "LineString", "coordinates": [ [ 77.459340651067876, 12.896250092745865 ], [ 77.45849272607542, 12.89543405481986 ], [ 77.456812975897591, 12.895449839405881 ], [ 77.455682423598788, 12.894361774378451 ], [ 77.456236978979931, 12.893807226041206 ], [ 77.45623429924747, 12.893532580602221 ], [ 77.456511575781278, 12.893255306200883 ], [ 77.45622893996844, 12.892983289705354 ], [ 77.456223580937205, 12.892433998783288 ], [ 77.455375679354177, 12.891617946386289 ], [ 77.456207505330497, 12.890786125865887 ], [ 77.456199468363508, 12.889962189322148 ], [ 77.455634206630251, 12.889418153656971 ], [ 77.45507430231747, 12.889423407857135 ], [ 77.454509043991379, 12.888879369082076 ], [ 77.454229092227408, 12.888881995020624 ], [ 77.45281595828483, 12.887521888937187 ], [ 77.452805260042936, 12.886423303788696 ], [ 77.451392148653568, 12.88506318590815 ], [ 77.451386803567019, 12.884513892655573 ], [ 77.451104183848528, 12.884241867689779 ], [ 77.450824236518784, 12.884244489061009 ], [ 77.450541617651837, 12.883972463318306 ], [ 77.450261670502897, 12.883975084034402 ] ] } },
{ "type": "Feature", "properties": { "type": "ghost_drain" }, "geometry": { "type": "LineString", "coordinates": [ [ 77.466420371041721, 12.904423476931006 ], [ 77.466697644075637, 12.904146191784193 ], [ 77.466670713176342, 12.901399760960604 ], [ 77.466388057621415, 12.901127759245455 ] ] } },
{ "type": "Feature", "properties": { "type": "ghost_drain" }, "geometry": { "type": "LineString", "coordinates": [ [ 77.498064369398833, 12.904946936058906 ], [ 77.497784409031553, 12.904949611840561 ], [ 77.497507175827366, 12.905226923913695 ], [ 77.497227215029113, 12.905229599155858 ], [ 77.496949980847106, 12.905506910800815 ], [ 77.49695270758933, 12.90578154749646 ], [ 77.496675472555467, 12.906058859006045 ], [ 77.496678199118691, 12.906333495747853 ], [ 77.495278387453766, 12.906346865655324 ], [ 77.494723911392853, 12.906901485811641 ], [ 77.493884021430944, 12.90690950272309 ], [ 77.4936067813818, 12.907186811797866 ], [ 77.493609504842041, 12.907461449160936 ], [ 77.491946050284113, 12.909125299974033 ], [ 77.491386117567572, 12.909130639835725 ], [ 77.491108872270203, 12.909407947164883 ], [ 77.491111593488242, 12.909682585005774 ], [ 77.490834347338549, 12.909959892199053 ], [ 77.490274412288869, 12.909965230018614 ], [ 77.489991724609155, 12.90969326041021 ], [ 77.487751983836006, 12.909714596853458 ] ] } },
{ "type": "Feature", "properties": { "type": "ghost_drain" }, "geometry": { "type": "LineString", "coordinates": [ [ 77.522428942621872, 12.905536891861164 ], [ 77.52215174109908, 12.90581422521594 ], [ 77.521871784957611, 12.905816926962066 ], [ 77.521594582456387, 12.906094259890409 ], [ 77.521314625882738, 12.906096961097603 ], [ 77.520749207030079, 12.905553099289063 ], [ 77.517389728980092, 12.90558548183585 ], [ 77.516541613964648, 12.904769673035988 ], [ 77.516538866067094, 12.904495040454837 ], [ 77.516258910179161, 12.904497735921273 ], [ 77.515981701515486, 12.904775063788279 ], [ 77.514861875855544, 12.904785841703148 ], [ 77.514579173518754, 12.904513902438055 ], [ 77.514301962644893, 12.904791228865719 ], [ 77.514307453751741, 12.905340494957086 ], [ 77.513747539067694, 12.905345881159965 ], [ 77.513193113051074, 12.90590053270596 ], [ 77.513206836463311, 12.907273698944543 ], [ 77.512375189240529, 12.90810567565314 ], [ 77.512095228436749, 12.90810836740183 ], [ 77.511818011107465, 12.908385692356953 ], [ 77.511820754708694, 12.908660325856275 ], [ 77.511260831564258, 12.908665708094182 ], [ 77.510706393118795, 12.909220356588028 ] ] } },
{ "type": "Feature", "properties": { "type": "ghost_drain" }, "geometry": { "type": "LineString", "coordinates": [ [ 77.455520400772315, 12.906448802826894 ], [ 77.456074978261697, 12.905894250435715 ], [ 77.456072296107806, 12.905619605216218 ], [ 77.45634958369449, 12.905342328787457 ], [ 77.456346901359552, 12.905067683613213 ], [ 77.456624188093258, 12.904790407046233 ] ] } },
{ "type": "Feature", "properties": { "type": "ghost_drain" }, "geometry": { "type": "LineString", "coordinates": [ [ 77.456624188093258, 12.904790407046233 ], [ 77.456621505577303, 12.904515761917242 ], [ 77.456338854726539, 12.904243748052636 ], [ 77.456058886267812, 12.904246379024141 ], [ 77.455493586882, 12.903702349317228 ], [ 77.455480182259905, 12.902329122325959 ], [ 77.456034752459445, 12.901774571481182 ], [ 77.456314718173871, 12.901771941030423 ], [ 77.456301311146788, 12.900398714686315 ], [ 77.456855875744594, 12.899844163115846 ], [ 77.45713583913907, 12.89984153217288 ], [ 77.457127793294731, 12.899017596773801 ], [ 77.457959632333015, 12.898185767736706 ], [ 77.458239593650589, 12.898183135944869 ], [ 77.459348702366867, 12.897074026944248 ], [ 77.459340651067876, 12.896250092745865 ] ] } },
{ "type": "Feature", "properties": { "type": "ghost_drain" }, "geometry": { "type": "LineString", "coordinates": [ [ 77.585702948469674, 12.905467805462516 ], [ 77.585700124944168, 12.905193187755863 ], [ 77.585417360271265, 12.904921339629624 ], [ 77.585137418993398, 12.904924108917321 ], [ 77.584854655169821, 12.90465226000387 ], [ 77.584851832754509, 12.904377642095442 ], [ 77.585411714156095, 12.90437210406269 ], [ 77.585688831494451, 12.904094716865597 ], [ 77.585674716149839, 12.902721628109594 ], [ 77.585951831680646, 12.902444241001604 ], [ 77.585949008567837, 12.902169623285857 ], [ 77.586503237321708, 12.901614848628306 ], [ 77.586783174615746, 12.901612078576314 ] ] } },
{ "type": "Feature", "properties": { "type": "ghost_drain" }, "geometry": { "type": "LineString", "coordinates": [ [ 77.458045506755539, 12.906974404115539 ], [ 77.458040137743779, 12.906425114531043 ], [ 77.45775748310929, 12.906153102901243 ] ] } },
{ "type": "Feature", "properties": { "type": "ghost_drain" }, "geometry": { "type": "LineString", "coordinates": [ [ 77.45775748310929, 12.906153102901243 ], [ 77.456626870671187, 12.905065052168917 ], [ 77.456624188093258, 12.904790407046233 ] ] } },
{ "type": "Feature", "properties": { "type": "ghost_drain" }, "geometry": { "type": "LineString", "coordinates": [ [ 77.607826688963897, 12.906071891954296 ], [ 77.607543903900734, 12.905800072557733 ], [ 77.607538209096447, 12.905250846704657 ], [ 77.606972642281619, 12.904707206355527 ], [ 77.606955563894289, 12.903059527829928 ], [ 77.607232651762686, 12.902782122534683 ], [ 77.607229805355956, 12.902507509479809 ] ] } },
{ "type": "Feature", "properties": { "type": "ghost_drain" }, "geometry": { "type": "LineString", "coordinates": [ [ 77.711419738571465, 12.906939891734959 ], [ 77.712259482787616, 12.906931176116936 ], [ 77.713367288436714, 12.905821194322488 ], [ 77.713358399894304, 12.904997426666842 ], [ 77.71363534907394, 12.904719930946627 ], [ 77.71363238612706, 12.904445341772707 ], [ 77.713909334460993, 12.90416784593241 ] ] } },
{ "type": "Feature", "properties": { "type": "ghost_drain" }, "geometry": { "type": "LineString", "coordinates": [ [ 77.734655420583124, 12.906972351251722 ], [ 77.734938316788032, 12.907244005696985 ], [ 77.735218226434824, 12.907241075545334 ], [ 77.735227188144663, 12.908064828013996 ], [ 77.735787009059919, 12.908058966427168 ], [ 77.736069907702998, 12.908330619135299 ], [ 77.736072896060946, 12.908605203078931 ], [ 77.736638695923446, 12.909148507050423 ], [ 77.73664168509805, 12.909423090845856 ], [ 77.736924586317571, 12.909694742109153 ], [ 77.736927575935056, 12.909969325827257 ], [ 77.737493380950767, 12.910512626908806 ], [ 77.737770302963938, 12.910235109780697 ], [ 77.738330127513592, 12.910229241779881 ], [ 77.738333118793335, 12.910503825162742 ], [ 77.738616022923054, 12.910775473961174 ], [ 77.738622006437595, 12.911324640565708 ], [ 77.738904911924891, 12.91159628878775 ], [ 77.738913888836649, 12.912420038433442 ], [ 77.739479703884328, 12.912963333148163 ] ] } },
{ "type": "Feature", "properties": { "type": "ghost_drain" }, "geometry": { "type": "LineString", "coordinates": [ [ 77.568377287556473, 12.90865979754345 ], [ 77.568366066600134, 12.907561311904599 ], [ 77.566669559192817, 12.905930086115831 ], [ 77.566946702510236, 12.905652714620791 ], [ 77.566663953539503, 12.905380842456259 ], [ 77.566655545545132, 12.904556976919233 ] ] } },
{ "type": "Feature", "properties": { "type": "ghost_drain" }, "geometry": { "type": "LineString", "coordinates": [ [ 77.566655545545132, 12.904556976919233 ], [ 77.565807305617767, 12.903741357266217 ], [ 77.565527361316413, 12.903744105315138 ], [ 77.565244616133441, 12.903472230885338 ], [ 77.562445171963205, 12.903499691330843 ], [ 77.562162429791485, 12.903227812880255 ], [ 77.562154037982083, 12.902403944291345 ], [ 77.561874094364086, 12.902406688150554 ], [ 77.561591354150536, 12.90213480871436 ] ] } },
{ "type": "Feature", "properties": { "type": "ghost_drain" }, "geometry": { "type": "LineString", "coordinates": [ [ 77.55829907534833, 12.908758674912841 ], [ 77.558016329761116, 12.908486792337198 ], [ 77.556896524197285, 12.908497753338107 ], [ 77.556613780181792, 12.90822586889869 ], [ 77.556610987783031, 12.907951244950681 ], [ 77.556331036776228, 12.90795398403329 ], [ 77.555765551794792, 12.907410213024617 ], [ 77.555762760504351, 12.907135588876921 ], [ 77.55548001929786, 12.906863702667136 ], [ 77.555477228441276, 12.906589078446537 ], [ 77.554911748596638, 12.906045304616221 ], [ 77.554906168554311, 12.905496055889818 ], [ 77.554626219905003, 12.905498792635722 ], [ 77.554343481876543, 12.905226904589425 ], [ 77.554335114319059, 12.9044030310721 ], [ 77.553486907215884, 12.903587363779904 ] ] } },
{ "type": "Feature", "properties": { "type": "ghost_drain" }, "geometry": { "type": "LineString", "coordinates": [ [ 77.543187156277639, 12.909455517524814 ], [ 77.542907200658348, 12.909458242545831 ], [ 77.542624467567876, 12.909186340342124 ], [ 77.542621690224991, 12.908911713410284 ], [ 77.542341735087405, 12.908914437713058 ], [ 77.542338958113646, 12.908639810714982 ], [ 77.539511670546432, 12.905920760372084 ], [ 77.539506124172263, 12.905371505032948 ], [ 77.538940675453134, 12.904827689597534 ], [ 77.538935130810998, 12.9042784339684 ], [ 77.53808696451911, 12.903462707230428 ], [ 77.53808419340082, 12.903188079207933 ], [ 77.53638787949194, 12.901556613860782 ], [ 77.536107931177369, 12.901559329967611 ], [ 77.535825214567126, 12.901287417230447 ], [ 77.535545266429423, 12.901290132679454 ], [ 77.535262550669628, 12.901018219158688 ], [ 77.535259783175462, 12.900743590481614 ], [ 77.534977068394014, 12.900471676469982 ] ] } },
{ "type": "Feature", "properties": { "type": "ghost_drain" }, "geometry": { "type": "LineString", "coordinates": [ [ 77.697161667382673, 12.908735202649703 ], [ 77.69660771777464, 12.909290167750013 ], [ 77.697173451745243, 12.909833573958586 ], [ 77.697176398005965, 12.910108166769763 ], [ 77.69634546912674, 12.910940615008952 ], [ 77.696348414744918, 12.911215207984997 ], [ 77.695788568415296, 12.911220986512497 ], [ 77.695505700444997, 12.910949282161024 ], [ 77.695225777415075, 12.910952170613468 ], [ 77.694948798410863, 12.911229652060271 ], [ 77.694668874940078, 12.911232539977934 ], [ 77.694391894953185, 12.911510021010463 ], [ 77.69271235046422, 12.911527340820514 ], [ 77.692158384186655, 12.912082299521071 ], [ 77.69187551817825, 12.911810590665587 ], [ 77.691595593350328, 12.911813475419581 ], [ 77.691592652779676, 12.911538881377744 ], [ 77.690472954008797, 12.911550417148712 ], [ 77.690190090168187, 12.911278705978459 ], [ 77.689630240849638, 12.911284471344095 ], [ 77.689347378092975, 12.911012759016602 ], [ 77.687107980002224, 12.911035805613984 ], [ 77.686542260111807, 12.910492373863406 ], [ 77.686262335519629, 12.910495252617167 ] ] } },
{ "type": "Feature", "properties": { "type": "ghost_drain" }, "geometry": { "type": "LineString", "coordinates": [ [ 77.602273401490834, 12.910521529991939 ], [ 77.601990615281707, 12.910249704469086 ], [ 77.601710671765758, 12.910252492627796 ], [ 77.601707829682496, 12.909977878518086 ], [ 77.601984930570907, 12.909700476365865 ], [ 77.601979246122667, 12.909151248237148 ], [ 77.601696462005819, 12.908879422015515 ], [ 77.601690778561277, 12.908330193725991 ], [ 77.601967878013852, 12.908052791903231 ], [ 77.601402313354441, 12.907509138490642 ], [ 77.601373905086973, 12.904762995856746 ], [ 77.601651001799908, 12.904485594985616 ], [ 77.601648161094872, 12.904210980742091 ], [ 77.601365383886332, 12.903939152942334 ], [ 77.601362543617356, 12.90366453862479 ], [ 77.601639639373531, 12.903387137973283 ] ] } },
{ "type": "Feature", "properties": { "type": "ghost_drain" }, "geometry": { "type": "LineString", "coordinates": [ [ 77.49506383741867, 12.912940827111598 ], [ 77.494786593514519, 12.913218138302048 ], [ 77.494506623240284, 12.913220812256686 ], [ 77.494229378357744, 12.91349812301838 ], [ 77.494232103875333, 12.913772760118475 ], [ 77.49395485814027, 12.914050070744416 ], [ 77.493674886761752, 12.914052743977205 ], [ 77.493397640048244, 12.914330054174295 ], [ 77.492557724430981, 12.914338071354379 ], [ 77.492280476002875, 12.914615380641218 ], [ 77.492000503636604, 12.914618052195109 ], [ 77.491717808247699, 12.914346085839934 ], [ 77.491437836060868, 12.914348756736331 ], [ 77.491160586160532, 12.914626065060389 ] ] } },
{ "type": "Feature", "properties": { "type": "ghost_drain" }, "geometry": { "type": "LineString", "coordinates": [ [ 77.682632101487968, 12.911356437454753 ], [ 77.682914958925551, 12.911628158410316 ], [ 77.683474812106837, 12.911622407277067 ], [ 77.683486539424536, 12.91272079074848 ] ] } },
{ "type": "Feature", "properties": { "type": "ghost_drain" }, "geometry": { "type": "LineString", "coordinates": [ [ 77.650443013058819, 12.911959676654861 ], [ 77.649611894060953, 12.912792007410603 ], [ 77.64961768418685, 12.913341214319527 ], [ 77.64934064282464, 12.913618657655228 ], [ 77.64906070623239, 12.913621497246828 ], [ 77.648506620934214, 12.914176382902035 ], [ 77.648509515077848, 12.914450986577286 ], [ 77.647109825870899, 12.914465177989959 ], [ 77.646832780209365, 12.914742619417758 ], [ 77.646272903315463, 12.914748293414217 ], [ 77.645995856300232, 12.915025734187182 ], [ 77.645715917381352, 12.915028570499578 ], [ 77.645438869384222, 12.915306010854565 ], [ 77.644599051111769, 12.915314517285225 ], [ 77.644316221785871, 12.915042747572505 ], [ 77.643756343080668, 12.915048416306787 ], [ 77.64320224127151, 12.915603293517854 ], [ 77.642642360812545, 12.915608960106969 ], [ 77.642359532783502, 12.915337187932115 ], [ 77.641799652534687, 12.915342852601048 ], [ 77.641522599094685, 12.915620289693763 ], [ 77.641525485945678, 12.915894894894535 ], [ 77.641248431657104, 12.916172331861823 ], [ 77.640968490384239, 12.916175163335433 ], [ 77.639860265641204, 12.917284908443193 ], [ 77.639926647155519, 12.923600834143729 ] ] } },
{ "type": "Feature", "properties": { "type": "ghost_drain" }, "geometry": { "type": "LineString", "coordinates": [ [ 77.639926647155519, 12.923600834143729 ], [ 77.639649583956512, 12.923878271250279 ] ] } },
{ "type": "Feature", "properties": { "type": "ghost_drain" }, "geometry": { "type": "LineString", "coordinates": [ [ 77.66248595078018, 12.912386457015357 ], [ 77.662768792233095, 12.912658203835516 ], [ 77.662792069024007, 12.914855007794198 ], [ 77.662515043718798, 12.91513246259084 ], [ 77.662517953382078, 12.915407063113166 ], [ 77.662800798928956, 12.915678809173031 ], [ 77.662809529438476, 12.916502610494225 ], [ 77.663375224596024, 12.917046100905827 ], [ 77.663381046760662, 12.91759530147807 ], [ 77.663663895999278, 12.917867045898845 ], [ 77.663669719177292, 12.918416246307181 ], [ 77.664235420974421, 12.918959733578495 ], [ 77.664241245910588, 12.919508933684595 ], [ 77.664524098469272, 12.919780676535048 ], [ 77.665083978247139, 12.919774961250981 ], [ 77.666498252574584, 12.921133665411862 ], [ 77.666501167988315, 12.921408264914616 ], [ 77.666224141814041, 12.921685724139113 ], [ 77.666229972367475, 12.922234923238182 ], [ 77.666789856831599, 12.922229203231252 ], [ 77.667638433936148, 12.923044418633477 ], [ 77.66791837678106, 12.923041557094109 ], [ 77.667921294191927, 12.923316156237878 ], [ 77.667644268214673, 12.923593617040279 ], [ 77.667647185454896, 12.923868216234068 ], [ 77.667087297731698, 12.923873938791447 ], [ 77.666810270160909, 12.924151398996795 ], [ 77.666250381423453, 12.924157119883022 ], [ 77.665696322960102, 12.924712038806245 ], [ 77.665416377745416, 12.924714898326792 ], [ 77.665419292812615, 12.924989497997391 ], [ 77.664865230685905, 12.925544415838662 ], [ 77.664868145344258, 12.925819015615581 ], [ 77.664591113126932, 12.926096474322017 ], [ 77.664602771480332, 12.927194873591016 ], [ 77.664325737699968, 12.92747233234244 ], [ 77.664328652218288, 12.927746932200012 ], [ 77.66461151595135, 12.928018672975448 ], [ 77.664631922070214, 12.929940871314718 ], [ 77.664914789022419, 12.930212611174401 ] ] } },
{ "type": "Feature", "properties": { "type": "ghost_drain" }, "geometry": { "type": "LineString", "coordinates": [ [ 77.664914789022419, 12.930212611174401 ], [ 77.666046262939744, 12.931299566297245 ] ] } },
{ "type": "Feature", "properties": { "type": "ghost_drain" }, "geometry": { "type": "LineString", "coordinates": [ [ 77.531193253915845, 12.913966492366802 ], [ 77.53091605634522, 12.914243834801979 ], [ 77.530636092723498, 12.914246547670016 ], [ 77.530638858164309, 12.914521177050696 ], [ 77.530361659373128, 12.914798519112939 ], [ 77.530081695013408, 12.914801231501471 ], [ 77.529527294862106, 12.915355914586868 ], [ 77.526447674576701, 12.915385725826148 ], [ 77.526164947963906, 12.915113803827866 ], [ 77.525884982342234, 12.915116511785319 ], [ 77.525602256581209, 12.914844589003419 ], [ 77.524482394423131, 12.914855416403952 ], [ 77.524205187274163, 12.915132753243007 ], [ 77.523085322621583, 12.915143574893809 ], [ 77.522808113386915, 12.915420910586297 ], [ 77.522528146695763, 12.915423615010576 ], [ 77.521696514223038, 12.916255620246764 ], [ 77.521416546361792, 12.916258323651673 ], [ 77.521139333947943, 12.916535658116517 ], [ 77.52085936565426, 12.91653836098199 ], [ 77.519750508419293, 12.917647696011144 ], [ 77.519753262722162, 12.917922327635663 ], [ 77.519473292584394, 12.917925029300804 ], [ 77.519196076139011, 12.918202362403372 ], [ 77.519198829958526, 12.918476994133915 ], [ 77.518644394752812, 12.919031659883695 ], [ 77.518084451463153, 12.919037060993487 ], [ 77.517530012339961, 12.919591725033959 ], [ 77.517532764645566, 12.919866357088754 ], [ 77.516978322596486, 12.920421020486256 ], [ 77.517261048244521, 12.92069295307763 ], [ 77.517541021943501, 12.920690253215104 ], [ 77.517546527126413, 12.921239517267638 ], [ 77.517829254364599, 12.921511448944415 ], [ 77.517832007420211, 12.921786080895519 ], [ 77.517554785377243, 12.922063413298883 ], [ 77.517272057643126, 12.921791481394548 ], [ 77.516992082659314, 12.921794181194736 ], [ 77.516994834862402, 12.922068813317413 ], [ 77.516717611470966, 12.922346145052972 ], [ 77.515877684115836, 12.92235424211326 ], [ 77.515046006957419, 12.923186234033137 ], [ 77.514766029938841, 12.923188931733147 ], [ 77.514488802629018, 12.92346626175793 ], [ 77.514491552464648, 12.923740894375946 ], [ 77.515057008870059, 12.924284764018589 ], [ 77.515059759506883, 12.924559396499097 ], [ 77.514782531356175, 12.924836727028756 ], [ 77.514785281814497, 12.925111359555828 ], [ 77.514230823196542, 12.925666020158474 ], [ 77.513670863217769, 12.925671414527411 ], [ 77.511974497525372, 12.924039791708662 ], [ 77.511134561438013, 12.924047874556083 ], [ 77.51030286111444, 12.92487985516741 ], [ 77.509742901193391, 12.924885240791442 ], [ 77.509465665792945, 12.925162566805513 ], [ 77.50890570488103, 12.925167950749987 ], [ 77.508628468132187, 12.925445276095255 ], [ 77.508348487212515, 12.925447967377496 ], [ 77.508071249484018, 12.925725292294421 ], [ 77.507511286717289, 12.925730673478828 ], [ 77.507516772194293, 12.926279941564793 ], [ 77.507239532633008, 12.9265572659182 ], [ 77.506679567653833, 12.926562645659049 ], [ 77.50639684345785, 12.926290700810254 ], [ 77.505556896241359, 12.926298767097853 ], [ 77.505274173383, 12.926026820748868 ], [ 77.504994191093303, 12.926029508553381 ], [ 77.504985971409837, 12.925205604801771 ], [ 77.504703250510659, 12.924933657474044 ] ] } },
{ "type": "Feature", "properties": { "type": "ghost_drain" }, "geometry": { "type": "LineString", "coordinates": [ [ 77.504703250510659, 12.924933657474044 ], [ 77.504700511111253, 12.924659022812156 ], [ 77.504417791191585, 12.924387074995105 ], [ 77.504415052224005, 12.92411244026154 ], [ 77.503566897235871, 12.923296594070749 ], [ 77.50355047139189, 12.921648784360498 ], [ 77.503267756495376, 12.921376834390568 ], [ 77.499908021846991, 12.921409031072884 ] ] } },
{ "type": "Feature", "properties": { "type": "ghost_drain" }, "geometry": { "type": "LineString", "coordinates": [ [ 77.618541496018167, 12.913379998094751 ], [ 77.617710247117827, 12.914212248399128 ], [ 77.617713107640199, 12.914486858902988 ] ] } },
{ "type": "Feature", "properties": { "type": "ghost_drain" }, "geometry": { "type": "LineString", "coordinates": [ [ 77.575432269495465, 12.91408330094913 ], [ 77.576263684831972, 12.913251158838145 ], [ 77.576260869852149, 12.912976539242656 ], [ 77.575978102972343, 12.912704680757608 ], [ 77.575975288427557, 12.91243006108871 ], [ 77.576255240087463, 12.912427300032588 ], [ 77.576252425302613, 12.912152680418009 ], [ 77.57596965953293, 12.911880821731827 ], [ 77.575689708418139, 12.911883582367325 ], [ 77.575686894373334, 12.91160896261867 ], [ 77.5751213658843, 12.911065243111507 ], [ 77.574841415489672, 12.911068002667266 ], [ 77.574838602554848, 12.910793382717538 ], [ 77.574555839835412, 12.910521521896678 ], [ 77.574832976880089, 12.910244142799 ], [ 77.57482735146516, 12.909694902855017 ], [ 77.574261829595784, 12.90915118025038 ], [ 77.574259017725595, 12.908876560134837 ], [ 77.574813289064551, 12.908321802883741 ], [ 77.574802040313273, 12.907223322792227 ], [ 77.57451928240269, 12.906951461100279 ], [ 77.574242147868205, 12.907228839308019 ], [ 77.573393877405749, 12.906413250793197 ], [ 77.573113931805779, 12.906416007523086 ], [ 77.572548421693114, 12.905872278993447 ], [ 77.571708585943725, 12.90588054523003 ], [ 77.571425832522067, 12.905608679246107 ], [ 77.571148695119746, 12.905886054558827 ], [ 77.570308858397354, 12.905894316308627 ], [ 77.57002610617586, 12.905622448526344 ], [ 77.570023299723005, 12.905347827419344 ], [ 77.569740548480979, 12.905075959143627 ], [ 77.56973774246265, 12.904801337963375 ], [ 77.569457797848685, 12.904804090441392 ], [ 77.568892298413246, 12.904260351757449 ], [ 77.56805246562277, 12.904268605239348 ], [ 77.567769717539775, 12.903996734178955 ], [ 77.567489773386797, 12.90399948438186 ], [ 77.567212632249294, 12.904276856029499 ], [ 77.567215435394303, 12.904551477766958 ], [ 77.566655545545132, 12.904556976919233 ] ] } },
{ "type": "Feature", "properties": { "type": "ghost_drain" }, "geometry": { "type": "LineString", "coordinates": [ [ 77.488923523429932, 12.914922057717485 ], [ 77.489203496792655, 12.914919389398369 ], [ 77.489768885290715, 12.91546332787108 ], [ 77.490888780052487, 12.915452648735933 ] ] } },
{ "type": "Feature", "properties": { "type": "ghost_drain" }, "geometry": { "type": "LineString", "coordinates": [ [ 77.55360684996792, 12.915396220646233 ], [ 77.553052510410097, 12.915950944289337 ], [ 77.552212628142726, 12.915959154202584 ], [ 77.551935456339621, 12.916236515028205 ], [ 77.552218206980442, 12.916508403649253 ], [ 77.552220996495876, 12.916783028363058 ], [ 77.551389477088335, 12.917615110767191 ], [ 77.551392265945736, 12.917889735635915 ], [ 77.551675018322399, 12.918161624577213 ], [ 77.551397843853664, 12.918438985354298 ], [ 77.550557952187063, 12.918447191501196 ], [ 77.550280775999084, 12.918724551374636 ], [ 77.550000811611923, 12.91872728591869 ], [ 77.549723634443879, 12.919004645367098 ], [ 77.549729209203804, 12.919553895755632 ] ] } },
{ "type": "Feature", "properties": { "type": "ghost_drain" }, "geometry": { "type": "LineString", "coordinates": [ [ 77.549729209203804, 12.919553895755632 ], [ 77.548609347091542, 12.919564830460191 ], [ 77.548332167352854, 12.919842188872634 ], [ 77.548052201294439, 12.919844921560665 ], [ 77.547486698980322, 12.919301134701895 ], [ 77.547206733339578, 12.919303866371491 ], [ 77.546652370038146, 12.919858580508702 ], [ 77.54609243708579, 12.919864041991582 ] ] } },
{ "type": "Feature", "properties": { "type": "ghost_drain" }, "geometry": { "type": "LineString", "coordinates": [ [ 77.54609243708579, 12.919864041991582 ], [ 77.545532503876444, 12.919869502276557 ], [ 77.54524975458321, 12.919597605824933 ], [ 77.545246972055196, 12.91932297967368 ], [ 77.544964223741957, 12.919051082730011 ], [ 77.544404291850398, 12.919056540259499 ], [ 77.54412154462976, 12.918784642171326 ], [ 77.543281647034121, 12.918792825141473 ], [ 77.542998901147158, 12.918520925549533 ], [ 77.542718935394674, 12.918523652247986 ], [ 77.542441748860966, 12.918801005416539 ], [ 77.542161782674953, 12.918803731575982 ], [ 77.541884595161349, 12.91908108431894 ], [ 77.541604628541791, 12.91908380993935 ], [ 77.541321883732024, 12.91881190825759 ], [ 77.540481984212008, 12.918820082244089 ], [ 77.540199240736129, 12.918548179058877 ], [ 77.540196463959234, 12.918273551804067 ], [ 77.539630979577581, 12.91772974402487 ], [ 77.539071048301096, 12.917735189576625 ], [ 77.538516666467132, 12.918289889177149 ], [ 77.538533317100629, 12.919937654764283 ], [ 77.538816060976075, 12.920209559774394 ], [ 77.538824388265596, 12.921033442283795 ], [ 77.53967262687982, 12.92184915416583 ], [ 77.539678180942843, 12.922398408743335 ], [ 77.539960929107735, 12.922670311720612 ], [ 77.539966484165987, 12.923219566140354 ], [ 77.54024923368047, 12.923491468559684 ], [ 77.540265902610315, 12.925139231269338 ], [ 77.53971151070418, 12.925693935674888 ], [ 77.539431536243598, 12.925696660335362 ], [ 77.538300532922932, 12.924609045909243 ], [ 77.538297756873661, 12.92433441837542 ], [ 77.538017783619807, 12.924337141238817 ], [ 77.537735034927437, 12.924065236142868 ], [ 77.536895115505672, 12.924073401857427 ], [ 77.536340716663375, 12.924628100080014 ], [ 77.536343490638856, 12.924902728025895 ], [ 77.535511887070086, 12.925734774121507 ], [ 77.534671960614972, 12.925742933720935 ], [ 77.532177106946605, 12.92823905545456 ], [ 77.532179877171686, 12.928513684213401 ], [ 77.53274537732986, 12.929057506240223 ], [ 77.532748148357669, 12.929332134860692 ], [ 77.532470939112144, 12.929609481479888 ], [ 77.532473709962247, 12.929884110147318 ], [ 77.5319192891547, 12.930438802932033 ], [ 77.53193314194732, 12.931811946706931 ], [ 77.531653158973853, 12.931814664289989 ], [ 77.531375946075528, 12.932092010428475 ], [ 77.530815979197968, 12.932097444214964 ], [ 77.530818748789684, 12.932372073183076 ] ] } },
{ "type": "Feature", "properties": { "type": "ghost_drain" }, "geometry": { "type": "LineString", "coordinates": [ [ 77.530818748789684, 12.932372073183076 ], [ 77.529978797077518, 12.932380221793267 ], [ 77.529701581478918, 12.932657566597271 ], [ 77.529141612612648, 12.932662997024703 ], [ 77.528864395663916, 12.932940341161313 ], [ 77.528584410765589, 12.932943055685103 ], [ 77.528587178103919, 12.933217685110922 ], [ 77.528309959932685, 12.9334950288735 ], [ 77.528029974295478, 12.933497742916796 ], [ 77.527747222109241, 12.933225827062129 ], [ 77.526627279889894, 12.933236678799684 ], [ 77.526350059132682, 12.933514020880342 ], [ 77.52635282415352, 12.933788650769802 ], [ 77.526075602543173, 12.934065992716485 ], [ 77.52579561578446, 12.934068704480227 ], [ 77.525512864794365, 12.933796785882507 ], [ 77.525232878213814, 12.933799496987081 ], [ 77.524955655125879, 12.934076837972437 ], [ 77.524961182429763, 12.934626098314601 ], [ 77.524683958246627, 12.934903439218997 ], [ 77.524403970252251, 12.934906149661984 ] ] } },
{ "type": "Feature", "properties": { "type": "ghost_drain" }, "geometry": { "type": "LineString", "coordinates": [ [ 77.524403970252251, 12.934906149661984 ], [ 77.524123982194183, 12.934908859805107 ], [ 77.523841231547564, 12.934636939248938 ], [ 77.523561243667757, 12.934639648732892 ], [ 77.523278493874471, 12.934367727392308 ], [ 77.522718518407771, 12.934373144742084 ], [ 77.52187027414773, 12.933557376014326 ], [ 77.52186475407764, 12.933008114313525 ], [ 77.522141980260372, 12.932730776184661 ], [ 77.521576488875112, 12.93218692856504 ], [ 77.521296503236755, 12.932189635115567 ], [ 77.521013758702949, 12.931917710309136 ], [ 77.520453787719305, 12.931923121792448 ], [ 77.520176560047076, 12.932200458319729 ], [ 77.518216657016694, 12.932219387384855 ] ] } },
{ "type": "Feature", "properties": { "type": "ghost_drain" }, "geometry": { "type": "LineString", "coordinates": [ [ 77.518216657016694, 12.932219387384855 ], [ 77.517662194669867, 12.932774056510729 ], [ 77.517667705443714, 12.933323320005071 ], [ 77.517950448919095, 12.933595248792971 ], [ 77.517958716663998, 12.934419143789905 ] ] } },
{ "type": "Feature", "properties": { "type": "ghost_drain" }, "geometry": { "type": "LineString", "coordinates": [ [ 77.517958716663998, 12.934419143789905 ], [ 77.517681483490236, 12.934696478629869 ], [ 77.517401494210873, 12.934699181517026 ], [ 77.517124260056548, 12.934976515928858 ], [ 77.516844270344421, 12.934979218275593 ], [ 77.51684151546155, 12.934704586391765 ], [ 77.516561525991605, 12.934707288379348 ], [ 77.516278782250112, 12.93443535805832 ], [ 77.515724310860847, 12.934990024663884 ], [ 77.515727064584496, 12.935264656778488 ], [ 77.515449827730606, 12.935541989852682 ], [ 77.514889846258086, 12.935547390884912 ], [ 77.514607102862257, 12.935275458605929 ], [ 77.514601597923956, 12.934726193896344 ], [ 77.514036114443002, 12.934182327801979 ] ] } },
{ "type": "Feature", "properties": { "type": "ghost_drain" }, "geometry": { "type": "LineString", "coordinates": [ [ 77.514036114443002, 12.934182327801979 ], [ 77.513753373619537, 12.933910394117811 ], [ 77.513473384368339, 12.933913092629274 ], [ 77.513190644398406, 12.933641158161427 ], [ 77.512630666190176, 12.933646553566733 ], [ 77.511782451401615, 12.932830745461596 ], [ 77.511502462929116, 12.932833441637465 ], [ 77.511219726131074, 12.932561504394387 ], [ 77.509819784029247, 12.932574978981634 ], [ 77.509542541847182, 12.932852306473617 ], [ 77.508982563825072, 12.932857693728421 ], [ 77.507003434338685, 12.93095410150209 ], [ 77.506986975879286, 12.929306297105907 ], [ 77.505856067041989, 12.928218519216422 ] ] } },
{ "type": "Feature", "properties": { "type": "ghost_drain" }, "geometry": { "type": "LineString", "coordinates": [ [ 77.505856067041989, 12.928218519216422 ], [ 77.505007891830019, 12.927402681345992 ], [ 77.504727907949672, 12.927405369145895 ], [ 77.504162461347974, 12.92686147439456 ], [ 77.504439705207375, 12.926584152635511 ], [ 77.5044369657342, 12.926309517952637 ], [ 77.504714208740367, 12.926032196058234 ], [ 77.504703250510659, 12.924933657474044 ] ] } },
{ "type": "Feature", "properties": { "type": "ghost_drain" }, "geometry": { "type": "LineString", "coordinates": [ [ 77.461781953326934, 12.916827324476031 ], [ 77.461216610441525, 12.916283314968036 ] ] } },
{ "type": "Feature", "properties": { "type": "ghost_drain" }, "geometry": { "type": "LineString", "coordinates": [ [ 77.461216610441525, 12.916283314968036 ], [ 77.459803263911738, 12.914923283817862 ], [ 77.45952328429874, 12.914925920639313 ], [ 77.45924599224206, 12.915203201529456 ], [ 77.458406051928904, 12.915211109472665 ], [ 77.457840719287489, 12.914667090615833 ], [ 77.456720799947249, 12.91467762748923 ], [ 77.456710061329787, 12.913579047843767 ], [ 77.456427398366372, 12.913307036097033 ], [ 77.456422030163893, 12.912757746108076 ], [ 77.456699323704143, 12.912480468097343 ], [ 77.456696639452687, 12.91220582314496 ], [ 77.456973932139448, 12.91192854499586 ], [ 77.456971247706832, 12.911653900088741 ], [ 77.457248539540117, 12.911376621801301 ], [ 77.457243170374582, 12.910827332071287 ], [ 77.457797751237933, 12.910272775133112 ], [ 77.45775748310929, 12.906153102901243 ] ] } },
{ "type": "Feature", "properties": { "type": "ghost_drain" }, "geometry": { "type": "LineString", "coordinates": [ [ 77.623894814777344, 12.916621926330206 ], [ 77.62389768260671, 12.916896535418509 ], [ 77.623343525176054, 12.917451379603699 ], [ 77.623346392593746, 12.917725988796438 ], [ 77.623629207364971, 12.917997784995007 ] ] } },
{ "type": "Feature", "properties": { "type": "ghost_drain" }, "geometry": { "type": "LineString", "coordinates": [ [ 77.708167267409891, 12.916859977396083 ], [ 77.708444233850685, 12.916582483676693 ], [ 77.708727120549511, 12.916854169866705 ], [ 77.709286973415843, 12.916848361140318 ], [ 77.710135638592973, 12.917663414932191 ], [ 77.710975419509907, 12.917654696330411 ], [ 77.711541200765211, 12.918198061179499 ], [ 77.711544164694118, 12.918472650543169 ], [ 77.712663874739334, 12.918461018390365 ], [ 77.713795449852029, 12.919547736794868 ], [ 77.71379841656379, 12.919822325615263 ], [ 77.714081312240992, 12.920094004062149 ], [ 77.714087246617041, 12.920643181542946 ], [ 77.714370143651664, 12.920914859415515 ], [ 77.715489861942302, 12.920903212989334 ], [ 77.715772760533724, 12.92117488897509 ], [ 77.716052690171765, 12.921171976256879 ], [ 77.716329649940988, 12.920894475026598 ], [ 77.716326680209235, 12.920619886807444 ], [ 77.716043781891884, 12.9203482114075 ], [ 77.716320740951303, 12.920070710349835 ], [ 77.716317771425139, 12.919796122111386 ], [ 77.717157555145718, 12.919787382222399 ], [ 77.717434512237446, 12.919509880338511 ], [ 77.717425600614661, 12.918686116333125 ], [ 77.717142703966459, 12.918414441893432 ], [ 77.71741965987556, 12.918136940297371 ], [ 77.721338615824649, 12.918096119720111 ] ] } },
{ "type": "Feature", "properties": { "type": "ghost_drain" }, "geometry": { "type": "LineString", "coordinates": [ [ 77.627271387896769, 12.918235797226314 ], [ 77.62754846243466, 12.917958371733272 ] ] } },
{ "type": "Feature", "properties": { "type": "ghost_drain" }, "geometry": { "type": "LineString", "coordinates": [ [ 77.5679324386373, 12.919924777795579 ], [ 77.566801366608146, 12.918837304795177 ], [ 77.565961483762379, 12.918845560710668 ], [ 77.565678718002673, 12.918573690314071 ], [ 77.56539875716507, 12.918576441327165 ], [ 77.565115992256281, 12.918304570144045 ], [ 77.565113188314527, 12.918029948240903 ], [ 77.564553267536567, 12.918035448528279 ], [ 77.563444634034312, 12.91914493453414 ], [ 77.562324785783616, 12.919155927691156 ], [ 77.561493299808234, 12.919988037383648 ], [ 77.561501701281415, 12.920811905295313 ], [ 77.560670207645458, 12.92164401380721 ], [ 77.56011027686182, 12.921649506081323 ], [ 77.559555943238564, 12.92220424320633 ] ] } },
{ "type": "Feature", "properties": { "type": "ghost_drain" }, "geometry": { "type": "LineString", "coordinates": [ [ 77.559555943238564, 12.92220424320633 ], [ 77.558436077937102, 12.922215222246665 ], [ 77.558433280416693, 12.921940598984262 ], [ 77.558153314235241, 12.921943342935275 ], [ 77.557870551143992, 12.921671463197491 ], [ 77.557590585138755, 12.921674206489222 ], [ 77.557587788663355, 12.921399583033326 ], [ 77.557305026793316, 12.92112770244281 ], [ 77.557025061269613, 12.921130445015045 ], [ 77.556470720472518, 12.92168517666105 ], [ 77.556190754144694, 12.921687918455229 ], [ 77.555625232683454, 12.921144153383763 ], [ 77.555345266772733, 12.921146894159012 ], [ 77.555068094460736, 12.921424258638973 ], [ 77.554788128115788, 12.921426998875409 ], [ 77.554790921538128, 12.921701622933453 ], [ 77.554510954823414, 12.921704362930559 ] ] } },
{ "type": "Feature", "properties": { "type": "ghost_drain" }, "geometry": { "type": "LineString", "coordinates": [ [ 77.554510954823414, 12.921704362930559 ], [ 77.554228195232469, 12.921432478449759 ], [ 77.553668262091378, 12.921437956826084 ], [ 77.553102745704749, 12.920894185147272 ], [ 77.552822779519289, 12.920896923166877 ], [ 77.552540022482717, 12.92062503632863 ], [ 77.552537231760439, 12.920350411763918 ], [ 77.552257266056742, 12.92035314906428 ], [ 77.551974510241294, 12.920081261373847 ], [ 77.551694544714053, 12.920083998015132 ], [ 77.55141178975002, 12.919812109539054 ], [ 77.550291927960927, 12.919823051671148 ], [ 77.550009174571045, 12.919551161330824 ], [ 77.549729209203804, 12.919553895755632 ] ] } },
{ "type": "Feature", "properties": { "type": "ghost_drain" }, "geometry": { "type": "LineString", "coordinates": [ [ 77.496260110997852, 12.920619952581049 ], [ 77.495982861782878, 12.920897266203026 ] ] } },
{ "type": "Feature", "properties": { "type": "ghost_drain" }, "geometry": { "type": "LineString", "coordinates": [ [ 77.59901916485849, 12.920715712479462 ], [ 77.599301962520528, 12.92098753939865 ], [ 77.599307646509317, 12.921536768204223 ], [ 77.599590445523546, 12.921808594559909 ], [ 77.599596130516375, 12.922357823204754 ], [ 77.600444533447657, 12.923173299296062 ], [ 77.601004449752992, 12.923167719913113 ], [ 77.601570055718909, 12.923711367055587 ], [ 77.601581436352831, 12.924809822425914 ], [ 77.60186424173564, 12.925081645083807 ], [ 77.603264041051872, 12.925067684746868 ] ] } },
{ "type": "Feature", "properties": { "type": "ghost_drain" }, "geometry": { "type": "LineString", "coordinates": [ [ 77.603264041051872, 12.925067684746868 ], [ 77.603541153258078, 12.924790278383337 ], [ 77.603823960318593, 12.925062098515246 ], [ 77.604383879322526, 12.925056511085428 ], [ 77.604666687473042, 12.925328330066952 ], [ 77.60606648503078, 12.925314354445746 ], [ 77.606349294990054, 12.925586171193972 ], [ 77.606909214032072, 12.925580578126716 ], [ 77.60718632189338, 12.925303168556843 ], [ 77.610265867836844, 12.925272382649455 ], [ 77.610548681389204, 12.925544193982782 ], [ 77.611948473563231, 12.925530186601316 ], [ 77.612225574742993, 12.925252772745967 ], [ 77.61222271775155, 12.924978161259183 ], [ 77.612499818081204, 12.924700747276125 ], [ 77.612494103817241, 12.924151524393704 ], [ 77.61333397335531, 12.924143115496118 ], [ 77.613888168997633, 12.92358828577439 ], [ 77.615287946529477, 12.923574262575443 ], [ 77.616396323061679, 12.92246459618139 ], [ 77.616676276884945, 12.922461789691621 ], [ 77.617230460745191, 12.921906954923248 ], [ 77.617510413759874, 12.921904147658362 ], [ 77.618064594435495, 12.921349311684208 ], [ 77.618344546641524, 12.921346503644287 ], [ 77.619175811962521, 12.920514247601123 ], [ 77.620015664842427, 12.920505819545019 ], [ 77.620846921327782, 12.919673559720742 ] ] } },
{ "type": "Feature", "properties": { "type": "ghost_drain" }, "geometry": { "type": "LineString", "coordinates": [ [ 77.498790840506814, 12.921694389690131 ], [ 77.498508129728478, 12.921422433626107 ] ] } },
{ "type": "Feature", "properties": { "type": "ghost_drain" }, "geometry": { "type": "LineString", "coordinates": [ [ 77.74599275593944, 12.919760260224962 ], [ 77.745438916495985, 12.920315311981044 ], [ 77.745158994701214, 12.920318255999693 ], [ 77.743744387565215, 12.91896006191703 ], [ 77.742904625303112, 12.91896888671851 ], [ 77.742621706413829, 12.918697245505419 ], [ 77.742341785757247, 12.918700186143514 ], [ 77.742058867713922, 12.918428544131684 ], [ 77.740659264572969, 12.918443241014048 ], [ 77.740382339224652, 12.918720762230761 ], [ 77.740102418014857, 12.918723700474736 ] ] } },
{ "type": "Feature", "properties": { "type": "ghost_drain" }, "geometry": { "type": "LineString", "coordinates": [ [ 77.725278411899879, 12.91997734393618 ], [ 77.725281391257965, 12.920251930117612 ], [ 77.725564297378966, 12.920523593525104 ], [ 77.725567277179664, 12.920798179629475 ], [ 77.725850184284766, 12.921069842532187 ], [ 77.725853164528118, 12.921344428559486 ], [ 77.726136072617365, 12.921616090957382 ], [ 77.726695927965281, 12.92161024281342 ], [ 77.727261746920036, 12.922153564852296 ], [ 77.726707853563269, 12.922708586061949 ], [ 77.726722762108523, 12.924081514977734 ] ] } },
{ "type": "Feature", "properties": { "type": "ghost_drain" }, "geometry": { "type": "LineString", "coordinates": [ [ 77.584746986104278, 12.921406712722904 ], [ 77.586409776858204, 12.919742370786359 ], [ 77.586969691770932, 12.919736822939045 ], [ 77.587523948989798, 12.919182039867678 ], [ 77.587803905607245, 12.919179265017902 ], [ 77.58780107668359, 12.918904648056143 ], [ 77.588078203766955, 12.918627256060738 ], [ 77.587795419032119, 12.918355414113519 ], [ 77.587792590304332, 12.918080797132646 ], [ 77.588069716668002, 12.917803405301006 ], [ 77.588066887765621, 12.917528788368356 ], [ 77.588906751536868, 12.917520462221741 ], [ 77.5891838759389, 12.917243069545659 ], [ 77.589178216019377, 12.916693836136307 ], [ 77.589732462033211, 12.916139050451349 ], [ 77.589729631691824, 12.915864433846366 ], [ 77.590006753543562, 12.915587040782938 ], [ 77.590286705606019, 12.915584264031532 ], [ 77.590283874785072, 12.915309647535819 ], [ 77.590838115437421, 12.914754860490602 ], [ 77.590835284202328, 12.91448024409782 ], [ 77.591666639885347, 12.913648062316815 ], [ 77.591660976173088, 12.913098829840141 ], [ 77.591378195730229, 12.912826991229888 ], [ 77.591375364342596, 12.912552374914581 ], [ 77.591655312722366, 12.912549597337987 ], [ 77.591932429104432, 12.91227220326255 ], [ 77.591929597237495, 12.911997587056595 ], [ 77.591646818036651, 12.911725748536981 ], [ 77.591643986605519, 12.911451132257241 ], [ 77.591361208385095, 12.911179293242508 ], [ 77.591915438883674, 12.910624505931278 ], [ 77.591912607409057, 12.910349889687108 ], [ 77.592189721503786, 12.910072495810951 ], [ 77.59218405827157, 12.909523263412874 ], [ 77.593292506634754, 12.908413686511524 ], [ 77.593278344908128, 12.907040606498906 ], [ 77.592995571175905, 12.90676876856673 ], [ 77.592992739397147, 12.906494152477652 ], [ 77.593269848657187, 12.906216758414917 ], [ 77.593829730407705, 12.906211201583009 ], [ 77.594112504117675, 12.906483038569489 ], [ 77.594392445134233, 12.906480259344663 ], [ 77.594669552542712, 12.906202864091858 ], [ 77.594666719065557, 12.905928248356622 ], [ 77.595220931574488, 12.905373457410809 ], [ 77.595218097683983, 12.90509884177871 ], [ 77.59549520278452, 12.90482144608576 ], [ 77.595775141644637, 12.904818665732213 ], [ 77.596606452177326, 12.903986476840686 ], [ 77.597726202518999, 12.903975349581025 ] ] } },
{ "type": "Feature", "properties": { "type": "ghost_drain" }, "geometry": { "type": "LineString", "coordinates": [ [ 77.651941229199522, 12.921281967738086 ], [ 77.652224073514702, 12.921553726102458 ], [ 77.65222697343026, 12.921828328793366 ], [ 77.651118788168702, 12.922938116527234 ], [ 77.650278948271605, 12.922946646158673 ], [ 77.649724849745169, 12.923501537517703 ], [ 77.650007695130512, 12.923773298226402 ], [ 77.650287642812387, 12.923770455427565 ], [ 77.650290541126381, 12.92404505850439 ], [ 77.650013491214807, 12.924322504498498 ], [ 77.649730645085214, 12.924050743927433 ], [ 77.649450696964337, 12.924053586189732 ], [ 77.649173645936358, 12.924331031472628 ], [ 77.648893697376522, 12.924333873198359 ], [ 77.648616645365863, 12.924611318063057 ], [ 77.648899491285945, 12.924883079944092 ], [ 77.648622438798355, 12.925160524920768 ], [ 77.648625335614838, 12.925435128340016 ], [ 77.649191030298496, 12.925978651258609 ], [ 77.649193927926135, 12.926253254533862 ], [ 77.648913977229128, 12.926256096696376 ], [ 77.648082814356954, 12.927088431922694 ], [ 77.648365663149434, 12.927360193908468 ], [ 77.648645615201502, 12.927357352095488 ], [ 77.648928464843237, 12.92762911328858 ], [ 77.649208417066987, 12.927626270814079 ], [ 77.650339822695557, 12.928713309830673 ] ] } },
{ "type": "Feature", "properties": { "type": "ghost_drain" }, "geometry": { "type": "LineString", "coordinates": [ [ 77.55983870851405, 12.922476120652069 ], [ 77.559555943238564, 12.92220424320633 ] ] } },
{ "type": "Feature", "properties": { "type": "ghost_drain" }, "geometry": { "type": "LineString", "coordinates": [ [ 77.546400245260841, 12.922607570100604 ], [ 77.546397460805039, 12.922332944259125 ], [ 77.545831954731185, 12.921789154280718 ], [ 77.546109139483065, 12.921511797648146 ], [ 77.546103571760341, 12.92096254578804 ], [ 77.546380755419463, 12.920685189076806 ], [ 77.546377971413435, 12.920410563190853 ], [ 77.54609522065806, 12.920138667950225 ], [ 77.54609243708579, 12.919864041991582 ] ] } },
{ "type": "Feature", "properties": { "type": "ghost_drain" }, "geometry": { "type": "LineString", "coordinates": [ [ 77.69086169127884, 12.921707515963879 ], [ 77.690867575681722, 12.922256703946449 ], [ 77.689187954514068, 12.92227401524881 ], [ 77.688633960039937, 12.922828972258245 ], [ 77.685834578540181, 12.922857795754528 ], [ 77.685557576657445, 12.923135271629182 ], [ 77.684717759766954, 12.923143912130904 ], [ 77.684720695559079, 12.923418507486039 ], [ 77.684166687249501, 12.923973457393769 ], [ 77.683886747099379, 12.923976336552956 ], [ 77.683609741655914, 12.924253811001458 ], [ 77.683612676497972, 12.924528406583804 ], [ 77.681950629590716, 12.926193249846195 ] ] } },
{ "type": "Feature", "properties": { "type": "ghost_drain" }, "geometry": { "type": "LineString", "coordinates": [ [ 77.640480771721926, 12.923045959386108 ], [ 77.639926647155519, 12.923600834143729 ] ] } },
{ "type": "Feature", "properties": { "type": "ghost_drain" }, "geometry": { "type": "LineString", "coordinates": [ [ 77.703190634333836, 12.922678607428471 ], [ 77.703205414354997, 12.924051563233082 ], [ 77.702928434424351, 12.924329054022836 ], [ 77.702368561940816, 12.924334852420754 ], [ 77.702091580652862, 12.92461234256039 ], [ 77.702657365420905, 12.925155727139833 ] ] } },
{ "type": "Feature", "properties": { "type": "ghost_drain" }, "geometry": { "type": "LineString", "coordinates": [ [ 77.702657365420905, 12.925155727139833 ], [ 77.702940258720687, 12.925427418779773 ], [ 77.702946171278029, 12.925976601119666 ], [ 77.704077753570374, 12.927063362786194 ], [ 77.704080711445343, 12.927337953666074 ], [ 77.706061006580597, 12.92923976940825 ], [ 77.707180769707279, 12.929228151254144 ], [ 77.707463672403293, 12.929499836030407 ], [ 77.707466634556667, 12.929774426087651 ], [ 77.707189655251355, 12.93005192161716 ], [ 77.707210390578282, 12.931974052239047 ] ] } },
{ "type": "Feature", "properties": { "type": "ghost_drain" }, "geometry": { "type": "LineString", "coordinates": [ [ 77.707210390578282, 12.931974052239047 ], [ 77.707776204055179, 12.932517419953976 ], [ 77.708336092264886, 12.93251160635061 ], [ 77.708339056086047, 12.932786196145736 ], [ 77.708904873702437, 12.933329560532023 ], [ 77.708627893183746, 12.933607057986206 ], [ 77.708657540259338, 12.936352954752532 ], [ 77.708103572645896, 12.936907950272536 ], [ 77.708115431492232, 12.938006309257704 ], [ 77.708681262841026, 12.938549671702175 ], [ 77.708684228471313, 12.938824261291909 ], [ 77.708967145436418, 12.939095941793196 ], [ 77.708970111509032, 12.939370531306253 ], [ 77.709250063012746, 12.939367621860645 ], [ 77.709532981200283, 12.939639301494235 ], [ 77.710092884477064, 12.939633480976408 ], [ 77.710375803750296, 12.939905159448859 ] ] } },
{ "type": "Feature", "properties": { "type": "ghost_drain" }, "geometry": { "type": "LineString", "coordinates": [ [ 77.724471399886468, 12.923006559817185 ], [ 77.724751329533149, 12.92300363737013 ] ] } },
{ "type": "Feature", "properties": { "type": "ghost_drain" }, "geometry": { "type": "LineString", "coordinates": [ [ 77.700968879538962, 12.924349343175381 ], [ 77.701251770296025, 12.924621037204066 ], [ 77.701531707149798, 12.924618139288953 ], [ 77.702097490969564, 12.925161525320771 ], [ 77.702657365420905, 12.925155727139833 ] ] } },
{ "type": "Feature", "properties": { "type": "ghost_drain" }, "geometry": { "type": "LineString", "coordinates": [ [ 77.573336127045081, 12.928111000727622 ], [ 77.573053342446471, 12.92783914196713 ], [ 77.572499031807268, 12.928393903580073 ], [ 77.572504660559431, 12.92894314374967 ], [ 77.571944718724339, 12.92894866445371 ], [ 77.571661934217346, 12.928676804092836 ], [ 77.570822021699726, 12.928685081820635 ], [ 77.570544863000976, 12.928962460969558 ], [ 77.570550487736014, 12.929511701961756 ] ] } },
{ "type": "Feature", "properties": { "type": "ghost_drain" }, "geometry": { "type": "LineString", "coordinates": [ [ 77.570550487736014, 12.929511701961756 ], [ 77.570270515785722, 12.929514460487011 ], [ 77.56943903346874, 12.930346596431692 ], [ 77.568319140574971, 12.930357624665779 ], [ 77.568036357344553, 12.930085759956498 ], [ 77.567476410990182, 12.9300912715549 ], [ 77.567193628852209, 12.929819405698195 ], [ 77.566633682720138, 12.929824915377443 ], [ 77.566356517504019, 12.930102291155277 ], [ 77.565236622981644, 12.930113305960397 ], [ 77.564682287754209, 12.930668055046368 ], [ 77.563562389234178, 12.930679063141785 ], [ 77.563285219222919, 12.930956436449607 ], [ 77.563288024068115, 12.931231058476515 ], [ 77.562728073068399, 12.931236560367971 ] ] } },
{ "type": "Feature", "properties": { "type": "ghost_drain" }, "geometry": { "type": "LineString", "coordinates": [ [ 77.562728073068399, 12.931236560367971 ], [ 77.56244529354295, 12.93096468865607 ], [ 77.561885342766317, 12.930970188628409 ], [ 77.561602564333711, 12.930698315769531 ], [ 77.561322589089301, 12.930701064946039 ], [ 77.56103981150865, 12.930429191300325 ], [ 77.560759836440496, 12.930431939817058 ], [ 77.560194283594171, 12.929888190525372 ], [ 77.560191482432998, 12.929613567802821 ], [ 77.559908707296486, 12.929341692450263 ], [ 77.559628733191957, 12.929344439526925 ], [ 77.559345958907343, 12.92907256338772 ], [ 77.559343158856464, 12.928797940465177 ], [ 77.559060385552911, 12.928526063832692 ], [ 77.558500438724678, 12.928531555526506 ], [ 77.558217666513912, 12.928259677747528 ], [ 77.557377746510141, 12.928267911960914 ], [ 77.55682339392763, 12.928822646887022 ], [ 77.556540622792497, 12.928550767015125 ], [ 77.55653782592556, 12.928276143477285 ], [ 77.556255055771373, 12.928004263112317 ], [ 77.556249462970996, 12.927455015884387 ], [ 77.556526639102955, 12.927177649262314 ], [ 77.555112801840068, 12.925818241841723 ], [ 77.554552859314214, 12.925823723940939 ], [ 77.55427009417609, 12.925551840458105 ], [ 77.55426171322722, 12.924727968170885 ], [ 77.553978949809419, 12.924456084062172 ], [ 77.553976156658536, 12.924181459887187 ], [ 77.554253332858423, 12.923904095826439 ], [ 77.554247746268175, 12.923354847565012 ], [ 77.553964984699448, 12.923082963123674 ], [ 77.553959399106574, 12.92253371470377 ], [ 77.554513748004922, 12.921978987042426 ], [ 77.554510954823414, 12.921704362930559 ] ] } },
{ "type": "Feature", "properties": { "type": "ghost_drain" }, "geometry": { "type": "LineString", "coordinates": [ [ 77.637179066068583, 12.92857204442679 ], [ 77.637744749366419, 12.929115595504442 ], [ 77.637750521114825, 12.929664807013577 ], [ 77.638030478144486, 12.92966197608709 ] ] } },
{ "type": "Feature", "properties": { "type": "ghost_drain" }, "geometry": { "type": "LineString", "coordinates": [ [ 77.638030478144486, 12.92966197608709 ], [ 77.638310435107599, 12.929659144860976 ], [ 77.639141643493332, 12.928826833043816 ], [ 77.639421599273831, 12.928824000805706 ], [ 77.639987287136989, 12.929367545958067 ], [ 77.640267243328523, 12.929364712696765 ], [ 77.640544310558269, 12.92908727399973 ], [ 77.640541421729779, 12.928812668857219 ], [ 77.640821377177204, 12.928809835121086 ], [ 77.641104221997324, 12.929081606103454 ], [ 77.64138128787215, 12.928804166750012 ], [ 77.641661243119657, 12.92880133211507 ], [ 77.641944088656061, 12.929073102011969 ] ] } },
{ "type": "Feature", "properties": { "type": "ghost_drain" }, "geometry": { "type": "LineString", "coordinates": [ [ 77.742163814989226, 12.928038922569497 ], [ 77.741597954529908, 12.927495642212788 ], [ 77.741318023831525, 12.927498583719919 ], [ 77.741035094753798, 12.927226942524923 ], [ 77.740755164222378, 12.927229883368549 ], [ 77.740752166286597, 12.926955300894889 ], [ 77.739337533108127, 12.925597086219929 ], [ 77.739057603993402, 12.925600024879646 ], [ 77.738774679425248, 12.925328380275893 ], [ 77.737934892374895, 12.925337193366664 ], [ 77.737381021781445, 12.925892233829874 ] ] } },
{ "type": "Feature", "properties": { "type": "ghost_drain" }, "geometry": { "type": "LineString", "coordinates": [ [ 77.520997207048083, 12.93026992383286 ], [ 77.520719981566089, 12.930547260522721 ], [ 77.520439997570378, 12.93054996581758 ], [ 77.520162771108076, 12.930827302079718 ], [ 77.519882786679588, 12.930830006834436 ], [ 77.519328331183161, 12.93138467831578 ], [ 77.519048345952768, 12.9313873822899 ], [ 77.518216657016694, 12.932219387384855 ] ] } },
{ "type": "Feature", "properties": { "type": "ghost_drain" }, "geometry": { "type": "LineString", "coordinates": [ [ 77.503643581247488, 12.930986369702667 ], [ 77.503640841679825, 12.930711734944225 ], [ 77.503358114618052, 12.930439787129629 ], [ 77.503635362734059, 12.930162465408326 ], [ 77.503632623355955, 12.929887830630866 ], [ 77.504472583815257, 12.929879768335658 ], [ 77.505858808485215, 12.928493153559851 ], [ 77.505856067041989, 12.928218519216422 ] ] } },
{ "type": "Feature", "properties": { "type": "ghost_drain" }, "geometry": { "type": "LineString", "coordinates": [ [ 77.660155603984904, 12.930261188342749 ], [ 77.664914789022419, 12.930212611174401 ] ] } },
{ "type": "Feature", "properties": { "type": "ghost_drain" }, "geometry": { "type": "LineString", "coordinates": [ [ 77.589891065439943, 12.931517570158745 ], [ 77.5904453358892, 12.930962777619557 ], [ 77.59072530498392, 12.930959997151614 ], [ 77.591279572247302, 12.930405203398957 ], [ 77.59211947691378, 12.93039685876502 ], [ 77.592402281559387, 12.930668692338807 ], [ 77.592682249890814, 12.93066590983403 ], [ 77.592959380991559, 12.930388511433904 ], [ 77.593239348886627, 12.930385728390824 ], [ 77.593522154492504, 12.930657560521544 ], [ 77.59379928448044, 12.930380161405612 ], [ 77.596039024236958, 12.930357881477384 ], [ 77.597170259927225, 12.931445192997428 ], [ 77.598010164134806, 12.931436828749121 ], [ 77.598564413067209, 12.930882022371506 ], [ 77.599124347393484, 12.93087644375349 ] ] } },
{ "type": "Feature", "properties": { "type": "ghost_drain" }, "geometry": { "type": "LineString", "coordinates": [ [ 77.599124347393484, 12.93087644375349 ], [ 77.599678592397538, 12.930321635687438 ] ] } },
{ "type": "Feature", "properties": { "type": "ghost_drain" }, "geometry": { "type": "LineString", "coordinates": [ [ 77.599678592397538, 12.930321635687438 ], [ 77.599955713983093, 12.93004423137902 ], [ 77.60023567993457, 12.930041440905148 ], [ 77.600789920530644, 12.929486631260831 ], [ 77.600507110170255, 12.929214808241912 ], [ 77.60050426508478, 12.92894019426592 ], [ 77.600781384357845, 12.928662789516634 ], [ 77.601341312746825, 12.928657207083901 ], [ 77.601618430666861, 12.928379801674406 ], [ 77.601612738511818, 12.92783057416791 ], [ 77.601329929658448, 12.92755875182579 ], [ 77.601324238508099, 12.927009524158445 ], [ 77.601601354989498, 12.926732119078338 ], [ 77.602161278708749, 12.926726535705845 ], [ 77.602438393837275, 12.926449129965743 ], [ 77.60272120216537, 12.926720951134991 ], [ 77.602998316551776, 12.926443544918328 ], [ 77.602995469374051, 12.926168931430098 ], [ 77.60327258290998, 12.925891525085042 ], [ 77.602989775215647, 12.925619704434492 ], [ 77.602986928234969, 12.925345090927113 ], [ 77.603264041051872, 12.925067684746868 ] ] } },
{ "type": "Feature", "properties": { "type": "ghost_drain" }, "geometry": { "type": "LineString", "coordinates": [ [ 77.60221252382739, 12.931669580598292 ], [ 77.601646895381066, 12.931125938823939 ], [ 77.60108696162483, 12.931131522958946 ], [ 77.600521336582005, 12.930587878026152 ], [ 77.599961403522713, 12.930593459518578 ], [ 77.599678592397538, 12.930321635687438 ] ] } },
{ "type": "Feature", "properties": { "type": "ghost_drain" }, "geometry": { "type": "LineString", "coordinates": [ [ 77.702159565759402, 12.930927942752216 ], [ 77.702436552501482, 12.930650451296563 ], [ 77.702716495799521, 12.930647550783288 ], [ 77.702993481557229, 12.930370058912992 ], [ 77.703273424413482, 12.930367157864202 ], [ 77.703556325284453, 12.930638847445918 ], [ 77.70411621126668, 12.930633043723066 ], [ 77.704119170028619, 12.930907634519347 ], [ 77.704684975298875, 12.931451010789225 ], [ 77.706644579544758, 12.9314306827898 ], [ 77.707210390578282, 12.931974052239047 ] ] } },
{ "type": "Feature", "properties": { "type": "ghost_drain" }, "geometry": { "type": "LineString", "coordinates": [ [ 77.646729384649603, 12.931496294891891 ], [ 77.646723592419306, 12.930947087455628 ] ] } },
{ "type": "Feature", "properties": { "type": "ghost_drain" }, "geometry": { "type": "LineString", "coordinates": [ [ 77.646723592419306, 12.930947087455628 ], [ 77.647000652522138, 12.930669642964132 ] ] } },
{ "type": "Feature", "properties": { "type": "ghost_drain" }, "geometry": { "type": "LineString", "coordinates": [ [ 77.647000652522138, 12.930669642964132 ], [ 77.647277712014073, 12.93039219829129 ], [ 77.647557667692823, 12.930389356990611 ], [ 77.64784052047473, 12.930661118875008 ], [ 77.648120476325317, 12.930658276912684 ], [ 77.649505760231179, 12.929271046990506 ], [ 77.649788613194204, 12.929542806615991 ], [ 77.650068567355163, 12.929539962805862 ], [ 77.650351421167571, 12.92981172163846 ], [ 77.651751192161825, 12.929797496283358 ] ] } },
{ "type": "Feature", "properties": { "type": "ghost_drain" }, "geometry": { "type": "LineString", "coordinates": [ [ 77.684525914738273, 12.931384651457513 ], [ 77.684243029266085, 12.931112937327875 ], [ 77.683966018017642, 12.9313904134894 ], [ 77.683683133020864, 12.931118698634073 ], [ 77.68340318479666, 12.931121578837747 ], [ 77.683400248634925, 12.930846983346283 ], [ 77.68312030064844, 12.930849863187136 ], [ 77.68283741711106, 12.930578147104095 ], [ 77.682834481695551, 12.930303551473393 ], [ 77.682274586605757, 12.930309309404295 ], [ 77.681720559700636, 12.930864257897207 ], [ 77.67948097066585, 12.930887273853381 ] ] } },
{ "type": "Feature", "properties": { "type": "ghost_drain" }, "geometry": { "type": "LineString", "coordinates": [ [ 77.598584318288459, 12.932804322757242 ], [ 77.598861443517762, 12.932526918909112 ], [ 77.598855755503891, 12.931977690369052 ], [ 77.599135723856293, 12.931974900665308 ], [ 77.599124347393484, 12.93087644375349 ] ] } },
{ "type": "Feature", "properties": { "type": "ghost_drain" }, "geometry": { "type": "LineString", "coordinates": [ [ 77.626586674874886, 12.93307309665359 ], [ 77.626869513084515, 12.933344885056352 ], [ 77.627146601513417, 12.933067456986597 ], [ 77.627426564733241, 12.933064636703522 ], [ 77.627429440201524, 12.933339244666152 ], [ 77.627995119410969, 12.93388281873554 ], [ 77.628000872033894, 12.934432034368433 ], [ 77.627723783524317, 12.934709463429206 ], [ 77.627729535933994, 12.935258679147518 ], [ 77.628012378075553, 12.935530465557457 ], [ 77.628021008303165, 12.936354288882052 ], [ 77.628586696651496, 12.936897860002095 ], [ 77.629146630917816, 12.936892214405166 ] ] } },
{ "type": "Feature", "properties": { "type": "ghost_drain" }, "geometry": { "type": "LineString", "coordinates": [ [ 77.629146630917816, 12.936892214405166 ], [ 77.629423719481821, 12.936614783710928 ], [ 77.62942084107857, 12.936340176258472 ], [ 77.629975015894416, 12.935785314434142 ], [ 77.631094877944506, 12.935774017036341 ], [ 77.631371962947725, 12.935496584899514 ], [ 77.631931892830409, 12.935490933926358 ], [ 77.632208976478438, 12.935213501131779 ], [ 77.632488940948136, 12.935210674957778 ], [ 77.632766023613001, 12.934933241743293 ], [ 77.633045987644266, 12.934930415031783 ], [ 77.633600150396532, 12.934375547581009 ], [ 77.633880113617309, 12.934372720094307 ], [ 77.634162959904955, 12.93464449875122 ], [ 77.634717119202804, 12.934089629510105 ], [ 77.63471135204631, 12.933540416839618 ], [ 77.634991314084544, 12.93353758834014 ], [ 77.635545469237783, 12.932982718118369 ], [ 77.635528164662787, 12.931335080993804 ], [ 77.635245321644007, 12.931063303324196 ], [ 77.636076545888685, 12.930230998509208 ], [ 77.636916419808514, 12.930222509851546 ], [ 77.637193492218998, 12.929945073836889 ], [ 77.63775340708888, 12.929939412758545 ], [ 77.638030478144486, 12.92966197608709 ] ] } },
{ "type": "Feature", "properties": { "type": "ghost_drain" }, "geometry": { "type": "LineString", "coordinates": [ [ 77.574795139754983, 12.933864200596274 ], [ 77.574517981671008, 12.934141584123395 ], [ 77.574235187959516, 12.933869728278312 ], [ 77.573955211964346, 12.933872491669653 ], [ 77.573952394859248, 12.933597872005791 ], [ 77.573672419104724, 12.933600635036711 ], [ 77.572824044192913, 12.932785062573508 ], [ 77.572544069095386, 12.932787824223489 ], [ 77.571978489357917, 12.932244106390536 ], [ 77.57197567478147, 12.931969486264165 ], [ 77.57141009822945, 12.931425766588124 ], [ 77.571407284458786, 12.931151146321483 ], [ 77.571124497469839, 12.930879285775637 ], [ 77.571116057658458, 12.930055424736674 ], [ 77.570550487736014, 12.929511701961756 ] ] } },
{ "type": "Feature", "properties": { "type": "ghost_drain" }, "geometry": { "type": "LineString", "coordinates": [ [ 77.657388061102409, 12.933310337310298 ], [ 77.672785575945696, 12.933152989596859 ] ] } },
{ "type": "Feature", "properties": { "type": "ghost_drain" }, "geometry": { "type": "LineString", "coordinates": [ [ 77.637233894290858, 12.933789555333982 ], [ 77.637231007996007, 12.933514949554365 ], [ 77.637510969435539, 12.933512118357401 ], [ 77.638065117891756, 12.932957243858663 ], [ 77.638345078520544, 12.932954411886831 ], [ 77.638622151459998, 12.932676974127162 ], [ 77.63861926390382, 12.932402368632626 ], [ 77.638899223788442, 12.932399536185699 ], [ 77.639453366612315, 12.931844659757475 ], [ 77.639733325686151, 12.93184182653583 ], [ 77.640010395809512, 12.931564387811616 ], [ 77.64000461824169, 12.931015177386636 ], [ 77.640281687276413, 12.930737738592299 ], [ 77.640561644928496, 12.930734904720405 ], [ 77.64084449211434, 12.931006675584364 ], [ 77.642244280569216, 12.930992499920796 ], [ 77.642521346627063, 12.930715059226964 ], [ 77.647000652522138, 12.930669642964132 ] ] } },
{ "type": "Feature", "properties": { "type": "ghost_drain" }, "geometry": { "type": "LineString", "coordinates": [ [ 77.555493435960813, 12.935701954428534 ], [ 77.553513994525602, 12.933798785419114 ], [ 77.55295403350631, 12.933804267411467 ], [ 77.552671259085869, 12.93353238369845 ], [ 77.552394072229319, 12.933809748204599 ], [ 77.552114091494175, 12.933812488151462 ], [ 77.55045095529799, 12.935476669845221 ], [ 77.550170972278281, 12.935479408053911 ], [ 77.549888198050141, 12.935207521140416 ], [ 77.549328232300255, 12.935212995938432 ], [ 77.549045459166067, 12.934941107878798 ], [ 77.548765476435946, 12.934943844468158 ], [ 77.548482704154381, 12.934671955622353 ], [ 77.548202721601257, 12.934674691552004 ], [ 77.547925527859647, 12.934952052437215 ], [ 77.547085578704639, 12.934960257707742 ], [ 77.546531187167759, 12.935514977480672 ], [ 77.546248416077219, 12.93524308588878 ], [ 77.545688448655525, 12.935248552890869 ], [ 77.54541125110174, 12.93552591172476 ], [ 77.54485128268324, 12.93553137704769 ], [ 77.544574083778286, 12.93580873521549 ], [ 77.5442940991028, 12.935811467187264 ], [ 77.544299669485341, 12.93636071920031 ], [ 77.544022469116157, 12.936638077049016 ], [ 77.544025254162264, 12.936912703099573 ], [ 77.543193648661671, 12.937744775688035 ], [ 77.542073699730892, 12.937755697455918 ], [ 77.541796495194831, 12.938033053652486 ], [ 77.541236519604681, 12.938038512256902 ], [ 77.540959313717366, 12.938315867786857 ], [ 77.540111005673637, 12.937500172133298 ], [ 77.540105443948931, 12.936950918374436 ], [ 77.539822676563588, 12.936679018838941 ], [ 77.539819896167216, 12.936404391883778 ], [ 77.53953712976309, 12.936132491856183 ], [ 77.539531569902223, 12.935583237794413 ], [ 77.539248804849038, 12.935311337208582 ], [ 77.539240466647669, 12.934487455869705 ], [ 77.538957703315063, 12.934215554659502 ], [ 77.538952145574015, 12.93366630026946 ], [ 77.537821101313796, 12.932578690641527 ], [ 77.537815546786447, 12.932029435696826 ], [ 77.53753278798871, 12.931757532093235 ], [ 77.537255582850975, 12.932034883273188 ], [ 77.536975600787187, 12.932037606611704 ], [ 77.536698394668647, 12.93231495736506 ], [ 77.535298481541489, 12.932328568360806 ], [ 77.535015724548373, 12.932056661587547 ], [ 77.534735741972582, 12.932059382527838 ], [ 77.534452985832289, 12.931787474969521 ], [ 77.534173003434162, 12.931790195250551 ], [ 77.533895793861433, 12.932067543550041 ], [ 77.533909659267465, 12.933440685045911 ], [ 77.533355235871667, 12.93399538161797 ], [ 77.532795265610062, 12.934000820436854 ], [ 77.53251250857457, 12.933728910824403 ], [ 77.530832597706322, 12.933745217928351 ], [ 77.530549842732569, 12.933473305733656 ], [ 77.530827057948045, 12.933195960049295 ], [ 77.530818748789684, 12.932372073183076 ] ] } },
{ "type": "Feature", "properties": { "type": "ghost_drain" }, "geometry": { "type": "LineString", "coordinates": [ [ 77.716755194905375, 12.934346373494144 ], [ 77.716478223908297, 12.934623877779574 ], [ 77.716484170431031, 12.935173053554951 ], [ 77.716207198349096, 12.935450557777314 ], [ 77.71621017147632, 12.935725145712881 ], [ 77.715933198546423, 12.936002649814602 ], [ 77.715936171505206, 12.936277237801264 ], [ 77.715659197727263, 12.936554741782306 ], [ 77.71568298196857, 12.938751445903973 ], [ 77.715123083263521, 12.93875727802979 ], [ 77.715126055990865, 12.939031866143933 ], [ 77.714849078720263, 12.939309369992785 ], [ 77.715132001651142, 12.939581042352895 ], [ 77.715411951954735, 12.939578126248005 ], [ 77.715977800124364, 12.940121468938278 ], [ 77.715983748166536, 12.940670644711933 ], [ 77.716266673916564, 12.940942315264962 ], [ 77.716272622981293, 12.941491490872016 ], [ 77.715164707681609, 12.942601511041616 ], [ 77.715167681368214, 12.942876099065574 ] ] } },
{ "type": "Feature", "properties": { "type": "ghost_drain" }, "geometry": { "type": "LineString", "coordinates": [ [ 77.565298387310946, 12.936154980199042 ], [ 77.564732811204095, 12.935611245235085 ], [ 77.564721581958466, 12.934512758704772 ], [ 77.564156011259698, 12.933969021498408 ], [ 77.564144786012321, 12.932870534331975 ], [ 77.563296438991827, 12.932054924519031 ], [ 77.563293633952568, 12.931780302511225 ], [ 77.562728073068399, 12.931236560367971 ] ] } },
{ "type": "Feature", "properties": { "type": "ghost_drain" }, "geometry": { "type": "LineString", "coordinates": [ [ 77.473741348973761, 12.937039646076823 ], [ 77.472893223264734, 12.936223690577012 ], [ 77.472053221342421, 12.936231655093833 ], [ 77.47149863102652, 12.936786246021127 ], [ 77.470938627960408, 12.936791553232476 ], [ 77.470661331148847, 12.937068847927936 ], [ 77.470101327096984, 12.937074153455988 ] ] } },
{ "type": "Feature", "properties": { "type": "ghost_drain" }, "geometry": { "type": "LineString", "coordinates": [ [ 77.470101327096984, 12.937074153455988 ], [ 77.469818621079824, 12.936802164055768 ] ] } },
{ "type": "Feature", "properties": { "type": "ghost_drain" }, "geometry": { "type": "LineString", "coordinates": [ [ 77.469818621079824, 12.936802164055768 ], [ 77.469253210880126, 12.936258183987396 ], [ 77.468973209490983, 12.936260835227095 ], [ 77.468690505551876, 12.935988844200873 ], [ 77.468685100763494, 12.935439560249925 ], [ 77.468402398172003, 12.935167568672155 ], [ 77.468396994368931, 12.934618284566941 ], [ 77.468116994627323, 12.934620934557914 ], [ 77.467834293626765, 12.934348942070596 ], [ 77.467831592492402, 12.934074299885879 ], [ 77.468108890307093, 12.933797008178203 ], [ 77.468103487738418, 12.933247723893444 ], [ 77.467820788577825, 12.932975731083783 ], [ 77.467793783151279, 12.930229308635898 ], [ 77.465532241304004, 12.928053345796643 ], [ 77.465529544046575, 12.927778703001605 ], [ 77.464681477040799, 12.926962709776229 ], [ 77.464673388951454, 12.926138780773641 ], [ 77.464390702274784, 12.925866781994335 ], [ 77.464110711441307, 12.925869425928839 ], [ 77.46382802561898, 12.925597426369658 ], [ 77.46382533075446, 12.925322783169356 ], [ 77.463545340407606, 12.925325426388387 ], [ 77.463534562793214, 12.924226853291811 ], [ 77.462403833939206, 12.92313884811665 ], [ 77.462123845725273, 12.923141489373204 ], [ 77.461841165282266, 12.922869486666812 ], [ 77.459881247748598, 12.922887964569755 ], [ 77.459603949004631, 12.923165247198765 ], [ 77.459043971272663, 12.923170523419598 ], [ 77.458761293506399, 12.922898516779668 ], [ 77.458750538898101, 12.921799939512924 ] ] } },
{ "type": "Feature", "properties": { "type": "ghost_drain" }, "geometry": { "type": "LineString", "coordinates": [ [ 77.458750538898101, 12.921799939512924 ], [ 77.460968910833913, 12.919581681025834 ], [ 77.460947389026217, 12.917384529493999 ], [ 77.461224680824301, 12.917107246741649 ], [ 77.461216610441525, 12.916283314968036 ] ] } },
{ "type": "Feature", "properties": { "type": "ghost_drain" }, "geometry": { "type": "LineString", "coordinates": [ [ 77.616539452805185, 12.93619511938274 ], [ 77.616816557382563, 12.93591769956535 ], [ 77.616813692930478, 12.935643089313135 ], [ 77.617093661348733, 12.935640279565057 ], [ 77.617370764703679, 12.935362859381874 ], [ 77.617087932031467, 12.935091059164737 ], [ 77.617365034907323, 12.934813639092081 ], [ 77.619324805105435, 12.934793961658158 ], [ 77.619890474149926, 12.935337556015746 ], [ 77.619893341897594, 12.935612165595892 ], [ 77.620176177708345, 12.935883962062183 ], [ 77.620179045893849, 12.936158571567821 ], [ 77.621310396736249, 12.937245752863967 ], [ 77.621316136279844, 12.937794971311023 ], [ 77.621881816855975, 12.938338559108278 ], [ 77.62328166761769, 12.938324477300366 ], [ 77.624130196659223, 12.939139850348234 ], [ 77.623853098873909, 12.939417277020436 ], [ 77.624135943242933, 12.939689067470104 ], [ 77.624415914526466, 12.939686249000344 ], [ 77.624698759746394, 12.939958038658402 ], [ 77.625258702593669, 12.939952400095816 ], [ 77.626089989973082, 12.939120115628194 ] ] } },
{ "type": "Feature", "properties": { "type": "ghost_drain" }, "geometry": { "type": "LineString", "coordinates": [ [ 77.626089989973082, 12.939120115628194 ], [ 77.626087114640782, 12.938845507490528 ], [ 77.626641302691368, 12.938290650376976 ], [ 77.626638426946556, 12.938016042343849 ], [ 77.626915519815483, 12.937738613568802 ], [ 77.62831536155818, 12.937724505393739 ], [ 77.629146630917816, 12.936892214405166 ] ] } },
{ "type": "Feature", "properties": { "type": "ghost_drain" }, "geometry": { "type": "LineString", "coordinates": [ [ 77.721532108029493, 12.935944269419471 ], [ 77.721541045442891, 12.936768029517959 ], [ 77.720987111293468, 12.937323046959806 ], [ 77.721016902397324, 12.940068914689023 ], [ 77.72129983166532, 12.94034057883381 ], [ 77.72130281152765, 12.940615165500752 ], [ 77.72102584106743, 12.940892674882132 ], [ 77.721028820761461, 12.941167261600279 ], [ 77.720751849452981, 12.941444770861223 ], [ 77.721034780355524, 12.941716435017241 ], [ 77.721037760255555, 12.941991021716051 ], [ 77.720760788236092, 12.942268531149924 ], [ 77.720763767967796, 12.942543117899936 ], [ 77.721046700367651, 12.942814781773819 ], [ 77.721326652898512, 12.942811858604275 ], [ 77.721609586146783, 12.943083521679702 ], [ 77.722729396531335, 12.943071824546987 ], [ 77.72301233133895, 12.943343485731919 ], [ 77.725811854859018, 12.943314218269153 ], [ 77.726094792647459, 12.943585875379 ], [ 77.726654697000029, 12.943580017559832 ], [ 77.726937635873668, 12.943851673506733 ], [ 77.727217588183635, 12.94384874378323 ], [ 77.727494553012775, 12.943571228582011 ], [ 77.727491565669624, 12.943296643397732 ], [ 77.72917127400234, 12.943279057731086 ], [ 77.729448235735973, 12.943001540996251 ], [ 77.734487339108099, 12.942948714986427 ] ] } },
{ "type": "Feature", "properties": { "type": "ghost_drain" }, "geometry": { "type": "LineString", "coordinates": [ [ 77.694114885932564, 12.937876745503395 ], [ 77.693837881810481, 12.938154231360281 ], [ 77.694403688941819, 12.938697630871626 ], [ 77.694406638986379, 12.938972223706648 ], [ 77.694129634287421, 12.939249710027976 ], [ 77.693849679407919, 12.939252603220906 ], [ 77.69357267372412, 12.939530089126563 ], [ 77.693578572455394, 12.940079275132325 ], [ 77.693861478093041, 12.940350974978639 ], [ 77.693307464212808, 12.940905947066724 ], [ 77.693310413578672, 12.94118054010411 ], [ 77.692756396777696, 12.941735511588625 ], [ 77.692196480769255, 12.941741295818208 ], [ 77.691919470704434, 12.942018780818415 ], [ 77.691928315235984, 12.942842560785465 ], [ 77.692494131742862, 12.943385963007181 ], [ 77.692497080803264, 12.943660556176974 ], [ 77.692777040913498, 12.943657663468281 ], [ 77.694191595939003, 12.945016159275401 ] ] } },
{ "type": "Feature", "properties": { "type": "ghost_drain" }, "geometry": { "type": "LineString", "coordinates": [ [ 77.513262182050866, 12.940781605765286 ], [ 77.513539426462302, 12.940504273611758 ], [ 77.513533921558789, 12.939955008669505 ], [ 77.513811164873815, 12.939677676433806 ] ] } },
{ "type": "Feature", "properties": { "type": "ghost_drain" }, "geometry": { "type": "LineString", "coordinates": [ [ 77.513811164873815, 12.939677676433806 ], [ 77.513808412274855, 12.939403044006033 ], [ 77.513242917695351, 12.938859177986261 ], [ 77.513234662494511, 12.938035280271478 ], [ 77.512951917229756, 12.937763346427834 ], [ 77.512946414818074, 12.937214081121814 ], [ 77.513223656448133, 12.936936749896255 ], [ 77.513220905095125, 12.936662117286584 ], [ 77.513775386036272, 12.936107454377696 ], [ 77.51376162779998, 12.934734291762854 ], [ 77.514038866142144, 12.934456960291101 ], [ 77.514036114443002, 12.934182327801979 ] ] } },
{ "type": "Feature", "properties": { "type": "ghost_drain" }, "geometry": { "type": "LineString", "coordinates": [ [ 77.747602769719833, 12.938966194033492 ], [ 77.747885720340051, 12.939237823793801 ], [ 77.747888729027238, 12.939512404361201 ], [ 77.74817168063349, 12.939784033614677 ], [ 77.748451623413871, 12.939781082007451 ], [ 77.749017528932342, 12.940324338478339 ], [ 77.749297472115813, 12.940321385842321 ], [ 77.749580426028047, 12.940593013059649 ], [ 77.749860369378354, 12.940590059759316 ] ] } },
{ "type": "Feature", "properties": { "type": "ghost_drain" }, "geometry": { "type": "LineString", "coordinates": [ [ 77.499267727484082, 12.941465478772303 ], [ 77.499264990408932, 12.941190843311869 ], [ 77.498699516627184, 12.940646940736469 ], [ 77.498696780352986, 12.940372305139263 ], [ 77.497565841605251, 12.939284494638697 ], [ 77.497285842877233, 12.939287176876649 ], [ 77.496437645966907, 12.938471313472657 ], [ 77.496434912643579, 12.938196677354004 ], [ 77.495869451832235, 12.937652766168011 ], [ 77.496146716212039, 12.937375449586334 ], [ 77.496135785527912, 12.936276904737024 ], [ 77.496690310511056, 12.935722271427514 ], [ 77.496682111703194, 12.93489836303884 ], [ 77.496959372549512, 12.934621046258631 ], [ 77.496676646146369, 12.934349090748039 ], [ 77.496396652732798, 12.934351771027323 ], [ 77.496393920354578, 12.934077134813601 ], [ 77.496111195174151, 12.933805178455337 ], [ 77.496108463227628, 12.933530542170129 ], [ 77.495825739027211, 12.933258585322925 ], [ 77.495820276060456, 12.932709312603231 ], [ 77.495254830968122, 12.932165397376997 ], [ 77.495249369727773, 12.931616124371443 ], [ 77.494969379055789, 12.931618802563555 ], [ 77.493838500125378, 12.930530965071464 ], [ 77.493558510361055, 12.930533641529557 ], [ 77.493555781920762, 12.930259004639348 ], [ 77.493275792399103, 12.930261680738921 ], [ 77.492993075048318, 12.9299897195247 ], [ 77.492984892127268, 12.929165808444647 ], [ 77.492702176493083, 12.928893846611679 ], [ 77.492693995243627, 12.92806993527944 ], [ 77.492128568019154, 12.927526009952652 ], [ 77.492125841798668, 12.927251372699144 ], [ 77.491843129471391, 12.926979409335507 ], [ 77.49184040368219, 12.926704772010629 ], [ 77.491557692334283, 12.926432808158522 ], [ 77.491554966976338, 12.926158170762275 ], [ 77.491272256607786, 12.925886206421739 ], [ 77.490992271471441, 12.925888879184102 ], [ 77.490989546850173, 12.925614241657817 ], [ 77.49070956195645, 12.925616914061832 ], [ 77.490426853052398, 12.925344948516205 ], [ 77.490146868338428, 12.925347620262222 ], [ 77.489581452848327, 12.924803687184387 ], [ 77.489578730005732, 12.924529049339442 ], [ 77.489296023545307, 12.924257082100622 ], [ 77.490405063735111, 12.923147847088561 ], [ 77.490402340353256, 12.922873209381624 ], [ 77.490119635374569, 12.922601242827707 ], [ 77.489839653652041, 12.922603913687466 ], [ 77.48983693100665, 12.922329275850544 ], [ 77.489271524103131, 12.921785340626558 ], [ 77.489548782883617, 12.921508032627367 ], [ 77.489543338769025, 12.920958756779262 ], [ 77.48982059645374, 12.920681448696122 ], [ 77.489812430025438, 12.919857535033483 ], [ 77.490089686371974, 12.919580226918775 ], [ 77.490084241915625, 12.919030951216707 ], [ 77.490364219605809, 12.919028280820003 ], [ 77.490641474488626, 12.918750972380604 ], [ 77.491201428944166, 12.918745630207027 ], [ 77.491185090133541, 12.917097804319189 ] ] } },
{ "type": "Feature", "properties": { "type": "ghost_drain" }, "geometry": { "type": "LineString", "coordinates": [ [ 77.641508499696101, 12.94088677875216 ], [ 77.641785575471616, 12.940609336761062 ], [ 77.641765326921373, 12.938687104253551 ], [ 77.642042400412407, 12.938409662471408 ], [ 77.642036615234417, 12.937860453237544 ], [ 77.642313687636218, 12.9375830113853 ], [ 77.642302117124558, 12.93648459306405 ], [ 77.642019261300646, 12.936212825382244 ], [ 77.642010585233848, 12.935389011368125 ], [ 77.642287655485319, 12.935111570018378 ], [ 77.642276087374128, 12.934013151466564 ], [ 77.642553156058995, 12.9337357101585 ], [ 77.642270303718604, 12.933463942152233 ], [ 77.642261628735397, 12.932640128132716 ], [ 77.642541588059288, 12.932637291727584 ], [ 77.643095721685256, 12.932082409013368 ], [ 77.643092829374424, 12.93180780450133 ], [ 77.643369895032151, 12.931530362927726 ], [ 77.643649852867298, 12.931527525572896 ], [ 77.644203981605557, 12.930972641406319 ], [ 77.646723592419306, 12.930947087455628 ] ] } },
{ "type": "Feature", "properties": { "type": "ghost_drain" }, "geometry": { "type": "LineString", "coordinates": [ [ 77.580476571613133, 12.941772784807929 ], [ 77.580479397700671, 12.94204740288415 ], [ 77.580762207829352, 12.942319248783102 ], [ 77.580765034352964, 12.942593866785774 ], [ 77.581613469521741, 12.943409401713264 ], [ 77.581619124990283, 12.943958637296346 ], [ 77.585578572298019, 12.947764414131743 ], [ 77.585581405325684, 12.948039030972266 ], [ 77.585027091705214, 12.948593821676862 ], [ 77.58446711157265, 12.948599377519045 ], [ 77.584469943572202, 12.948873994584011 ], [ 77.583915625537614, 12.94942878370173 ], [ 77.583921288769403, 12.949978018030492 ], [ 77.584486936939555, 12.950521696839754 ], [ 77.584764096483411, 12.950244301676729 ], [ 77.585604071896483, 12.950235965466641 ], [ 77.585618240624399, 12.951609049318124 ], [ 77.585901068075827, 12.951880886366737 ], [ 77.585906736766532, 12.952430119728032 ], [ 77.586189565572752, 12.952701956213588 ], [ 77.586192400387375, 12.952976572817347 ], [ 77.586475230177101, 12.953248408807122 ], [ 77.586480900744959, 12.953797641860847 ], [ 77.586763731889661, 12.954069477287483 ], [ 77.586769403461517, 12.954618710181009 ], [ 77.587052235961266, 12.954890545044462 ], [ 77.587055072216586, 12.955165161414314 ], [ 77.586500749789252, 12.955719957347688 ], [ 77.586512093536768, 12.956818423199636 ], [ 77.586232094647201, 12.956821204599335 ], [ 77.585677767100648, 12.957375999750948 ], [ 77.585117767639815, 12.957381560691696 ], [ 77.58456343615785, 12.95793635414595 ], [ 77.584283435586613, 12.957939133686908 ], [ 77.584006268555555, 12.958216529897127 ], [ 77.584014769763158, 12.959040380767654 ] ] } },
{ "type": "Feature", "properties": { "type": "ghost_drain" }, "geometry": { "type": "LineString", "coordinates": [ [ 77.584014769763158, 12.959040380767654 ], [ 77.584863279702446, 12.959855891679201 ], [ 77.585703287259705, 12.959847549074119 ], [ 77.585980453507645, 12.959570151099971 ], [ 77.586260455524638, 12.959567369391342 ], [ 77.587369112905392, 12.958457774687858 ], [ 77.587934789882496, 12.959001440655456 ], [ 77.588211952435231, 12.958724040929477 ], [ 77.58905195396639, 12.958715688241927 ], [ 77.589329114791937, 12.95843828761301 ], [ 77.589889114742732, 12.95843271717408 ], [ 77.590166274212649, 12.958155315881724 ], [ 77.591006272533619, 12.958146957252636 ] ] } },
{ "type": "Feature", "properties": { "type": "ghost_drain" }, "geometry": { "type": "LineString", "coordinates": [ [ 77.591006272533619, 12.958146957252636 ], [ 77.591560587406534, 12.957592152677979 ], [ 77.591557745664332, 12.957317537341639 ], [ 77.591834901941453, 12.957040134832036 ], [ 77.59182921817181, 12.956490904249524 ], [ 77.592106373355094, 12.956213501664667 ], [ 77.592103531327695, 12.955938886418497 ], [ 77.592383527926046, 12.955936098895249 ], [ 77.592660681884723, 12.955658695941288 ], [ 77.595460640551465, 12.955630801800579 ], [ 77.596292087604994, 12.954798584656892 ] ] } },
{ "type": "Feature", "properties": { "type": "ghost_drain" }, "geometry": { "type": "LineString", "coordinates": [ [ 77.596292087604994, 12.954798584656892 ], [ 77.59713207058266, 12.954790208407026 ], [ 77.597109294735816, 12.952593294805071 ], [ 77.597386439490009, 12.952315888442927 ] ] } },
{ "type": "Feature", "properties": { "type": "ghost_drain" }, "geometry": { "type": "LineString", "coordinates": [ [ 77.597386439490009, 12.952315888442927 ], [ 77.598772154079555, 12.950928853869293 ] ] } },
{ "type": "Feature", "properties": { "type": "ghost_drain" }, "geometry": { "type": "LineString", "coordinates": [ [ 77.598772154079555, 12.950928853869293 ], [ 77.599049295161308, 12.950651446402128 ], [ 77.599609273385127, 12.950645858367574 ], [ 77.600440690728618, 12.949813633428088 ], [ 77.600720678627212, 12.949810838243865 ], [ 77.601003516839853, 12.950082656188822 ], [ 77.601563492920747, 12.950077064197091 ], [ 77.601846332226032, 12.950348880990086 ], [ 77.603246272480447, 12.950334893950846 ] ] } },
{ "type": "Feature", "properties": { "type": "ghost_drain" }, "geometry": { "type": "LineString", "coordinates": [ [ 77.603246272480447, 12.950334893950846 ], [ 77.60352626033422, 12.950332095642533 ], [ 77.603809101693301, 12.950603909837541 ], [ 77.6046490655811, 12.950595512027169 ], [ 77.604926198617193, 12.95031809959867 ], [ 77.605206186076558, 12.950315299489437 ], [ 77.605209041177574, 12.950589911986127 ], [ 77.605491884349931, 12.950861723944287 ], [ 77.60576901651099, 12.950584310744448 ], [ 77.605763305150759, 12.950035085990191 ], [ 77.606883252580303, 12.950023880396133 ] ] } },
{ "type": "Feature", "properties": { "type": "ghost_drain" }, "geometry": { "type": "LineString", "coordinates": [ [ 77.606883252580303, 12.950023880396133 ], [ 77.607160382161837, 12.949746466167554 ], [ 77.608000340927703, 12.94973805810436 ], [ 77.608277468781878, 12.94946064297598 ], [ 77.610237367661696, 12.949441011986464 ], [ 77.61079161632864, 12.948886177837776 ], [ 77.616951261128477, 12.948824374206318 ], [ 77.617234112152232, 12.949096171382674 ], [ 77.61751122725336, 12.948818748491783 ] ] } },
{ "type": "Feature", "properties": { "type": "ghost_drain" }, "geometry": { "type": "LineString", "coordinates": [ [ 77.61751122725336, 12.948818748491783 ], [ 77.618619681539116, 12.947709055096615 ] ] } },
{ "type": "Feature", "properties": { "type": "ghost_drain" }, "geometry": { "type": "LineString", "coordinates": [ [ 77.618619681539116, 12.947709055096615 ], [ 77.618896793580959, 12.947431631290021 ], [ 77.618893924213609, 12.947157021738104 ], [ 77.620279474047024, 12.945769900235861 ] ] } },
{ "type": "Feature", "properties": { "type": "ghost_drain" }, "geometry": { "type": "LineString", "coordinates": [ [ 77.620279474047024, 12.945769900235861 ], [ 77.621665008587286, 12.944382774159216 ], [ 77.623344870058574, 12.944365868734776 ], [ 77.623621972899514, 12.944088441541485 ], [ 77.623610478204753, 12.942990007187179 ], [ 77.625827271249861, 12.940770584836285 ], [ 77.626107243358746, 12.940767764319823 ], [ 77.626661434761132, 12.940212906429711 ] ] } },
{ "type": "Feature", "properties": { "type": "ghost_drain" }, "geometry": { "type": "LineString", "coordinates": [ [ 77.626661434761132, 12.940212906429711 ], [ 77.626652806333496, 12.939389082445505 ], [ 77.626369960181449, 12.939117295183012 ], [ 77.626089989973082, 12.939120115628194 ] ] } },
{ "type": "Feature", "properties": { "type": "ghost_drain" }, "geometry": { "type": "LineString", "coordinates": [ [ 77.62779570771086, 12.941574658068632 ], [ 77.627512857624993, 12.941302872799522 ], [ 77.627509980233782, 12.941028265022437 ], [ 77.626661434761132, 12.940212906429711 ] ] } },
{ "type": "Feature", "properties": { "type": "ghost_drain" }, "geometry": { "type": "LineString", "coordinates": [ [ 77.556400559156785, 12.942284682104541 ], [ 77.555846179016569, 12.942839420607779 ], [ 77.555286198850268, 12.942844911370367 ], [ 77.555009007121924, 12.943122279863411 ], [ 77.555011805637946, 12.943396903418822 ], [ 77.55473461305651, 12.943674271779676 ], [ 77.554737411395649, 12.94394889538254 ], [ 77.554460217961065, 12.944226263611171 ], [ 77.554463016123293, 12.944500887261484 ], [ 77.553903031641639, 12.944506375745947 ], [ 77.553625836613122, 12.944783743362542 ], [ 77.553345843905234, 12.944786486914778 ], [ 77.553351438104812, 12.945335734664891 ], [ 77.553074241611199, 12.945613101963016 ], [ 77.553085429817799, 12.946711597601963 ], [ 77.55280823174634, 12.946988964929032 ], [ 77.552816622853399, 12.947812836752702 ], [ 77.552539423445396, 12.948090204054875 ], [ 77.552570193142401, 12.951111067509391 ], [ 77.552292990464849, 12.951388435216709 ] ] } },
{ "type": "Feature", "properties": { "type": "ghost_drain" }, "geometry": { "type": "LineString", "coordinates": [ [ 77.552292990464849, 12.951388435216709 ], [ 77.551738583273277, 12.951943170072319 ], [ 77.551458582158475, 12.951945913086991 ], [ 77.551181377273934, 12.952223279995108 ], [ 77.550901375724251, 12.9522260224694 ], [ 77.550618578427702, 12.951954140329564 ], [ 77.550338577055314, 12.951956882143273 ], [ 77.550055780612638, 12.951684999216317 ], [ 77.549495778158189, 12.951690481222384 ] ] } },
{ "type": "Feature", "properties": { "type": "ghost_drain" }, "geometry": { "type": "LineString", "coordinates": [ [ 77.549495778158189, 12.951690481222384 ], [ 77.549215776834416, 12.951693221775059 ], [ 77.548938569227843, 12.951970586708173 ], [ 77.54809856375914, 12.951978805844197 ], [ 77.547821354429104, 12.952256169870177 ], [ 77.547538559791704, 12.95198428376699 ], [ 77.546418551085182, 12.95199523600963 ], [ 77.546135758027134, 12.951723348038817 ], [ 77.543335734180502, 12.95175070402612 ], [ 77.543058518796244, 12.952028063913813 ], [ 77.542778515688042, 12.952030797620875 ], [ 77.541946864751154, 12.95286287544206 ], [ 77.540826847233191, 12.952873804383268 ], [ 77.540272407251834, 12.953428520073146 ] ] } },
{ "type": "Feature", "properties": { "type": "ghost_drain" }, "geometry": { "type": "LineString", "coordinates": [ [ 77.540272407251834, 12.953428520073146 ], [ 77.539706828688949, 12.952884728520111 ], [ 77.538586809118883, 12.952895647852575 ], [ 77.538304021723917, 12.95262374999623 ], [ 77.538295675081713, 12.951799869141714 ] ] } },
{ "type": "Feature", "properties": { "type": "ghost_drain" }, "geometry": { "type": "LineString", "coordinates": [ [ 77.538295675081713, 12.951799869141714 ], [ 77.538278983527405, 12.950152107260871 ], [ 77.537430635009684, 12.949336409348332 ], [ 77.53742507389147, 12.948787154940225 ], [ 77.537979513049095, 12.948232445875965 ] ] } },
{ "type": "Feature", "properties": { "type": "ghost_drain" }, "geometry": { "type": "LineString", "coordinates": [ [ 77.537979513049095, 12.948232445875965 ], [ 77.5379739512193, 12.947683191656111 ], [ 77.537691171340711, 12.947411291822707 ], [ 77.537688390891958, 12.947136664637089 ], [ 77.537405611995368, 12.946864764311464 ], [ 77.5374028319807, 12.94659013705334 ], [ 77.536837276763336, 12.94604633499169 ], [ 77.53655727897717, 12.946049060778366 ], [ 77.536274502528272, 12.945777158748657 ], [ 77.535994504920012, 12.945779883875359 ], [ 77.535717285234583, 12.946057236337715 ], [ 77.535437287192366, 12.946059960923932 ], [ 77.534871736841936, 12.945516153559774 ], [ 77.534591739219636, 12.94551887712622 ], [ 77.534308965204204, 12.945246972445467 ], [ 77.530668993440813, 12.945282346822898 ], [ 77.530391767211526, 12.945559694610498 ], [ 77.5301117685664, 12.945562413375271 ], [ 77.529834541355413, 12.945839760735137 ], [ 77.528714544657163, 12.945850631831085 ] ] } },
{ "type": "Feature", "properties": { "type": "ghost_drain" }, "geometry": { "type": "LineString", "coordinates": [ [ 77.528714544657163, 12.945850631831085 ], [ 77.52814900666425, 12.945306807066656 ], [ 77.528143467658765, 12.944757548529514 ], [ 77.528420696120023, 12.944480202825648 ], [ 77.52840130991639, 12.94255779811791 ], [ 77.528678536071368, 12.94228045259924 ], [ 77.528675766626961, 12.942005823383074 ], [ 77.528393002500707, 12.94173391029069 ], [ 77.528390233489787, 12.94145928100224 ], [ 77.527824707811675, 12.940915453409163 ], [ 77.527821939603854, 12.94064082398253 ], [ 77.52753917805191, 12.940368909481894 ], [ 77.527528107337048, 12.939270391448222 ], [ 77.52724534787508, 12.938998476258568 ], [ 77.527237046617486, 12.938174587468922 ], [ 77.526954288875714, 12.937902671656227 ], [ 77.526948755761964, 12.937353412299592 ], [ 77.526383243590942, 12.936809579134685 ], [ 77.526380477868727, 12.936534949315087 ], [ 77.525540509339109, 12.936543086213012 ], [ 77.52497500180462, 12.935999249058886 ], [ 77.524972237802189, 12.93572461892273 ], [ 77.524689485321474, 12.935452699642026 ], [ 77.524686721752204, 12.935178069433686 ], [ 77.524403970252251, 12.934906149661984 ] ] } },
{ "type": "Feature", "properties": { "type": "ghost_drain" }, "geometry": { "type": "LineString", "coordinates": [ [ 77.602886436951195, 12.94264852571497 ], [ 77.60288928776464, 12.942923138881389 ], [ 77.603169267424775, 12.94292034252892 ], [ 77.603452098509933, 12.943192158913851 ], [ 77.603457801688549, 12.94374138496944 ], [ 77.603740634128428, 12.944013200789893 ], [ 77.603746338312973, 12.944562426684476 ], [ 77.603192078743888, 12.945117247139651 ], [ 77.603200634072678, 12.945941086263236 ], [ 77.602369237969356, 12.94677331606198 ], [ 77.602372089156432, 12.94704792925517 ], [ 77.602654925094527, 12.947319745708521 ], [ 77.602377791727619, 12.94759715562237 ], [ 77.602383494561565, 12.948146381964001 ], [ 77.602103508892753, 12.948149178581264 ], [ 77.601826374061844, 12.948426588182258 ], [ 77.601829225031139, 12.948701201459693 ], [ 77.602109211377538, 12.948698405019938 ], [ 77.602674887844657, 12.949242037407958 ], [ 77.602954874605913, 12.949239239945223 ], [ 77.602960579452031, 12.949788465964897 ], [ 77.603243419587145, 12.950060281018311 ], [ 77.603246272480447, 12.950334893950846 ] ] } },
{ "type": "Feature", "properties": { "type": "ghost_drain" }, "geometry": { "type": "LineString", "coordinates": [ [ 77.590567280422462, 12.942771265550082 ], [ 77.590570117780217, 12.943045881408068 ], [ 77.590292972288069, 12.943323280173869 ], [ 77.590295809470746, 12.943597896080114 ], [ 77.590861451632449, 12.944141561378876 ], [ 77.590864289622971, 12.944416177143911 ], [ 77.591147111992612, 12.944688009083171 ], [ 77.591149950419791, 12.9449626247744 ], [ 77.591709919462772, 12.944957056113443 ], [ 77.591987064541357, 12.944679655824837 ], [ 77.593118363022725, 12.945766974963439 ], [ 77.593678332984922, 12.945761401735419 ], [ 77.594243986857947, 12.946305057288461 ], [ 77.594246829042518, 12.946579672269511 ], [ 77.594529657268126, 12.946851499335507 ], [ 77.594809643178195, 12.946848711126764 ], [ 77.595092472256056, 12.947120537402846 ], [ 77.595095315554858, 12.947395152181365 ], [ 77.594541028146907, 12.947949958925827 ], [ 77.594543871030325, 12.948224573807437 ], [ 77.59482385847005, 12.948221785293068 ], [ 77.595389520952054, 12.94876543674126 ], [ 77.595669508807177, 12.948762647204266 ], [ 77.595952341206527, 12.949034471923905 ], [ 77.595955185881778, 12.949309086474269 ], [ 77.596520853259307, 12.949852734491929 ], [ 77.597080830827593, 12.949847152227434 ], [ 77.597363665915211, 12.950118974870296 ], [ 77.597640808133661, 12.949841568762345 ], [ 77.598772154079555, 12.950928853869293 ] ] } },
{ "type": "Feature", "properties": { "type": "ghost_drain" }, "geometry": { "type": "LineString", "coordinates": [ [ 77.702572641841115, 12.943281638840912 ], [ 77.702855559566999, 12.943553326218034 ], [ 77.70341547468098, 12.943547518307881 ], [ 77.703698393493312, 12.943819204524187 ], [ 77.704538266365006, 12.94381048931896 ] ] } },
{ "type": "Feature", "properties": { "type": "ghost_drain" }, "geometry": { "type": "LineString", "coordinates": [ [ 77.660578270352204, 12.943713758617294 ], [ 77.660295388948001, 12.943442016345225 ], [ 77.660289561486351, 12.942892815473522 ] ] } },
{ "type": "Feature", "properties": { "type": "ghost_drain" }, "geometry": { "type": "LineString", "coordinates": [ [ 77.660289561486351, 12.942892815473522 ], [ 77.660843666313895, 12.942337898594605 ], [ 77.660840752206596, 12.94206329826164 ], [ 77.663360440223073, 12.942037562063623 ], [ 77.664468628161728, 12.940927717821433 ], [ 77.664748591669138, 12.940924855795847 ], [ 77.665025636752347, 12.94064739404625 ], [ 77.665585562819501, 12.940641668621289 ], [ 77.665862606545431, 12.940364206216804 ], [ 77.666982456380538, 12.940352750820312 ], [ 77.66809061920334, 12.939242895603412 ], [ 77.668650540733196, 12.939237164210034 ], [ 77.668927579164645, 12.938959699480451 ], [ 77.674526772176321, 12.938902314847386 ] ] } },
{ "type": "Feature", "properties": { "type": "ghost_drain" }, "geometry": { "type": "LineString", "coordinates": [ [ 77.674526772176321, 12.938902314847386 ], [ 77.67618894516167, 12.937237494258719 ], [ 77.676468901865263, 12.937234620458376 ], [ 77.67674592818382, 12.936957149493013 ] ] } },
{ "type": "Feature", "properties": { "type": "ghost_drain" }, "geometry": { "type": "LineString", "coordinates": [ [ 77.571836493458804, 12.945703248374986 ], [ 77.571839310975079, 12.945977868243279 ], [ 77.572404927297342, 12.946521580100431 ], [ 77.571850581689375, 12.94707634765269 ], [ 77.572133391028004, 12.947348203527222 ], [ 77.572139027516414, 12.947897443059725 ], [ 77.571861853442343, 12.948174826960072 ], [ 77.571864671542897, 12.948449446770976 ], [ 77.572147482735957, 12.948721302310654 ], [ 77.572153119873633, 12.949270541779388 ], [ 77.571321592199496, 12.950102693737538 ], [ 77.571604405135901, 12.950374549596924 ], [ 77.571607223449789, 12.950649169417391 ], [ 77.571890037369215, 12.950921024782081 ], [ 77.572170032844923, 12.950918260032493 ], [ 77.572735663002277, 12.951461968756981 ], [ 77.572749762640626, 12.952835066455988 ], [ 77.572195406684656, 12.953389836981572 ], [ 77.571915408454274, 12.953392602276509 ], [ 77.571638229186945, 12.953669987021483 ], [ 77.571078231789372, 12.953675516231227 ], [ 77.570801051167749, 12.953952900311346 ], [ 77.570521052000586, 12.953955664226118 ], [ 77.570238235206233, 12.953683807793867 ], [ 77.569678237159721, 12.953689334000968 ], [ 77.56856950357971, 12.954798864413505 ], [ 77.567729501571705, 12.954807148594993 ], [ 77.567452315533075, 12.955084530014672 ], [ 77.566892313128363, 12.95509005082123 ], [ 77.566326683457731, 12.954546328683541 ], [ 77.566323870051548, 12.954271707802457 ], [ 77.566043869540849, 12.95427446697331 ], [ 77.56521230435925, 12.955106606033652 ], [ 77.56521511673516, 12.955381227137396 ], [ 77.564935114740777, 12.955383985348837 ], [ 77.564652300918056, 12.955112122035365 ] ] } },
{ "type": "Feature", "properties": { "type": "ghost_drain" }, "geometry": { "type": "LineString", "coordinates": [ [ 77.564652300918056, 12.955112122035365 ], [ 77.564369487707665, 12.954840258294372 ], [ 77.564363865116491, 12.954291015692457 ], [ 77.56352386203028, 12.954299285998186 ], [ 77.563521051750214, 12.954024664506449 ], [ 77.563238240988923, 12.953752799055559 ], [ 77.563235431144392, 12.95347817749068 ], [ 77.562669812200184, 12.952934445173133 ], [ 77.561829812541092, 12.952942709168239 ], [ 77.561547004711571, 12.952670841286551 ], [ 77.56014700519367, 12.952684606803684 ], [ 77.558732981265024, 12.951325251972152 ] ] } },
{ "type": "Feature", "properties": { "type": "ghost_drain" }, "geometry": { "type": "LineString", "coordinates": [ [ 77.558732981265024, 12.951325251972152 ], [ 77.558167375978542, 12.950781507049321 ], [ 77.557890180953862, 12.951058879503167 ], [ 77.557050184426828, 12.951067126919858 ], [ 77.557052986955682, 12.951341749869025 ], [ 77.556775789965485, 12.951619121470763 ], [ 77.555655790985767, 12.951630113104263 ], [ 77.555101392204094, 12.952184853829181 ], [ 77.55454139084479, 12.952190346884395 ], [ 77.554264189794509, 12.952467716487408 ] ] } },
{ "type": "Feature", "properties": { "type": "ghost_drain" }, "geometry": { "type": "LineString", "coordinates": [ [ 77.554264189794509, 12.952467716487408 ], [ 77.553698589272713, 12.951923960562901 ], [ 77.553138587880809, 12.951929450495356 ], [ 77.552855789021422, 12.951657571171914 ], [ 77.552575788470421, 12.951660315327405 ], [ 77.552292990464849, 12.951388435216709 ] ] } },
{ "type": "Feature", "properties": { "type": "ghost_drain" }, "geometry": { "type": "LineString", "coordinates": [ [ 77.540197245200332, 12.9460136021429 ], [ 77.539920030823211, 12.946290958263475 ], [ 77.539925596295816, 12.946840211709535 ], [ 77.539645598296573, 12.946842940976934 ], [ 77.539368382453759, 12.947120296777355 ], [ 77.539373947087128, 12.947669550424568 ], [ 77.539653946068412, 12.94766682127781 ], [ 77.539936728010403, 12.947938718525306 ], [ 77.539659511570179, 12.948216074779916 ], [ 77.537979513049095, 12.948232445875965 ] ] } },
{ "type": "Feature", "properties": { "type": "ghost_drain" }, "geometry": { "type": "LineString", "coordinates": [ [ 77.673751313954838, 12.944952074000403 ], [ 77.674028350674163, 12.94467460381888 ], [ 77.674022492574338, 12.944125409168388 ], [ 77.673739598978273, 12.943853684447477 ], [ 77.673736670402832, 12.943579087043192 ], [ 77.673453777791522, 12.943307361820565 ], [ 77.673450849656774, 12.943032764340451 ], [ 77.673727885081377, 12.942755294791786 ], [ 77.673722028537796, 12.9422060999254 ], [ 77.673999062874458, 12.941928630309489 ], [ 77.673972709624579, 12.939457253601917 ], [ 77.674526772176321, 12.938902314847386 ] ] } },
{ "type": "Feature", "properties": { "type": "ghost_drain" }, "geometry": { "type": "LineString", "coordinates": [ [ 77.652753681844146, 12.945166684037314 ], [ 77.65303655903935, 12.945438435684078 ], [ 77.656396208428106, 12.945404207118283 ], [ 77.656679089100777, 12.945675953983299 ], [ 77.656681999493713, 12.945950555172299 ], [ 77.656404938689434, 12.946228010873012 ], [ 77.656687820480741, 12.946499757531047 ], [ 77.658647619593594, 12.94647976706573 ] ] } },
{ "type": "Feature", "properties": { "type": "ghost_drain" }, "geometry": { "type": "LineString", "coordinates": [ [ 77.658647619593594, 12.94647976706573 ], [ 77.658924677653303, 12.946202309409623 ], [ 77.659204648313846, 12.946199452191447 ], [ 77.659481705388941, 12.945921994116834 ], [ 77.65947587855365, 12.945372792984697 ], [ 77.66002998991415, 12.944817876517062 ], [ 77.660012508155333, 12.943170273641474 ], [ 77.660289561486351, 12.942892815473522 ] ] } },
{ "type": "Feature", "properties": { "type": "ghost_drain" }, "geometry": { "type": "LineString", "coordinates": [ [ 77.61495699699104, 12.94554872973564 ], [ 77.614962726434328, 12.946097950635975 ], [ 77.616376960677769, 12.94745694828192 ], [ 77.616936924007604, 12.947451324384224 ], [ 77.617219773171428, 12.947723121900831 ], [ 77.618619681539116, 12.947709055096615 ] ] } },
{ "type": "Feature", "properties": { "type": "ghost_drain" }, "geometry": { "type": "LineString", "coordinates": [ [ 77.492610492229616, 12.947846470474117 ], [ 77.49034858760055, 12.945670793595404 ], [ 77.490068580200173, 12.945673469382983 ], [ 77.48950311064911, 12.945129545206996 ], [ 77.489500383462499, 12.944854907772125 ], [ 77.487803991708134, 12.943223124684293 ], [ 77.48780126679695, 12.942948486853261 ], [ 77.486953080285986, 12.942132589394962 ], [ 77.486950356543659, 12.941857951362776 ], [ 77.486384902665975, 12.941314017476111 ], [ 77.486104899281173, 12.941316688124399 ], [ 77.48469127650803, 12.939956844203223 ] ] } },
{ "type": "Feature", "properties": { "type": "ghost_drain" }, "geometry": { "type": "LineString", "coordinates": [ [ 77.48469127650803, 12.939956844203223 ], [ 77.484685834983893, 12.939407567094101 ], [ 77.484403113001463, 12.939135596909772 ], [ 77.484394952291211, 12.938311681003983 ], [ 77.484112232025964, 12.938039710201675 ], [ 77.484090475838855, 12.935842600322019 ], [ 77.483807759132873, 12.935570628577533 ], [ 77.483796884017735, 12.934472073226322 ], [ 77.483514169396813, 12.934200100799181 ], [ 77.483511451143144, 12.933925461880699 ], [ 77.483228737501975, 12.933653488965493 ], [ 77.483204279354453, 12.9311817378308 ], [ 77.483481554489543, 12.93090443335964 ], [ 77.483478836988027, 12.930629794365199 ], [ 77.482913419156574, 12.930085846555606 ], [ 77.482910702454248, 12.929811207425175 ], [ 77.482627994823545, 12.9295392328209 ], [ 77.482622562343352, 12.928989954411414 ], [ 77.482339856060236, 12.928717979254442 ], [ 77.48233714028234, 12.92844333997539 ], [ 77.481489026204159, 12.927627411771942 ], [ 77.481483597045298, 12.927078132806066 ], [ 77.481200894310987, 12.926806155762717 ], [ 77.481195466138871, 12.926256876641963 ], [ 77.480915478438448, 12.926259538674437 ], [ 77.480632777294261, 12.925987560720465 ], [ 77.480072802191373, 12.925992883170103 ], [ 77.480053814552647, 12.92407040436759 ], [ 77.479205723971873, 12.92325446446025 ], [ 77.479194879685338, 12.922155904228495 ], [ 77.478912185518624, 12.92188392315494 ], [ 77.478909474971346, 12.921609283016467 ], [ 77.478626781783319, 12.92133730145548 ], [ 77.478618651620508, 12.920513380807961 ], [ 77.478335960146936, 12.920241398630163 ], [ 77.478330541086891, 12.919692118037446 ], [ 77.47804785095974, 12.9194201353076 ], [ 77.478045141891386, 12.919145494937057 ], [ 77.477762452742709, 12.91887351171991 ], [ 77.477740785389358, 12.916676388010409 ], [ 77.477458099793651, 12.916404403853173 ], [ 77.477452684316034, 12.915855122733216 ], [ 77.477170000066323, 12.915583138024113 ], [ 77.477167292788991, 12.915308497389974 ], [ 77.476884609517455, 12.91503651219373 ], [ 77.476862956490578, 12.912839386375746 ], [ 77.477140223453588, 12.912562090701023 ], [ 77.477134810336523, 12.912012809287404 ], [ 77.47796660610814, 12.911180921441765 ], [ 77.477955777712836, 12.910082359163283 ], [ 77.477673100698809, 12.909810373811283 ], [ 77.477651449849617, 12.907613248433575 ], [ 77.478205971742099, 12.907058657427319 ], [ 77.478189733320889, 12.905410813753427 ], [ 77.478466991897378, 12.905133518279504 ], [ 77.478442636304024, 12.902661752810971 ], [ 77.479551655785727, 12.901552570903151 ] ] } },
{ "type": "Feature", "properties": { "type": "ghost_drain" }, "geometry": { "type": "LineString", "coordinates": [ [ 77.549173873241827, 12.947573851701591 ], [ 77.549739454177185, 12.948117621283558 ], [ 77.549747835959508, 12.948941495014285 ], [ 77.55003062845627, 12.949213378965975 ], [ 77.550052985671115, 12.951410374769532 ], [ 77.549772984782138, 12.951413115862609 ], [ 77.549495778158189, 12.951690481222384 ] ] } },
{ "type": "Feature", "properties": { "type": "ghost_drain" }, "geometry": { "type": "LineString", "coordinates": [ [ 77.510539211823911, 12.948498310759657 ], [ 77.511099224077981, 12.948492913763413 ], [ 77.511376478234709, 12.948215582057623 ], [ 77.51193648949635, 12.948210183378565 ] ] } },
{ "type": "Feature", "properties": { "type": "ghost_drain" }, "geometry": { "type": "LineString", "coordinates": [ [ 77.51193648949635, 12.948210183378565 ], [ 77.513336516540676, 12.948196681427653 ], [ 77.51389101784568, 12.947642014077731 ], [ 77.514171022325272, 12.947639312305084 ], [ 77.514725520443221, 12.947084643721032 ], [ 77.515005524120397, 12.94708194116637 ], [ 77.515837265598933, 12.946249936157558 ], [ 77.515834509335278, 12.945975304296896 ], [ 77.516111755028405, 12.94569796897097 ], [ 77.516108998585807, 12.945423337156877 ], [ 77.516663487651456, 12.944868666047164 ], [ 77.516652460576864, 12.943770139150768 ], [ 77.514673181923996, 12.94186663314086 ], [ 77.514659412437965, 12.940493472080917 ], [ 77.513811164873815, 12.939677676433806 ] ] } },
{ "type": "Feature", "properties": { "type": "ghost_drain" }, "geometry": { "type": "LineString", "coordinates": [ [ 77.702614088979942, 12.94712591060806 ], [ 77.702608167141634, 12.946576729004295 ], [ 77.702325245539669, 12.946305042034645 ], [ 77.702879245001043, 12.945750052535827 ], [ 77.702873323233248, 12.945200870995006 ] ] } },
{ "type": "Feature", "properties": { "type": "ghost_drain" }, "geometry": { "type": "LineString", "coordinates": [ [ 77.531273364888506, 12.949670964804476 ], [ 77.53127059096623, 12.949396336296392 ], [ 77.530990588228846, 12.949399056796326 ], [ 77.530425036745797, 12.948855239502599 ], [ 77.530145034428841, 12.948857958982714 ], [ 77.53014226192235, 12.948583330217064 ], [ 77.529576714111613, 12.948039510368746 ], [ 77.529571170769742, 12.947490252554529 ], [ 77.529848399803228, 12.947212905115736 ], [ 77.530128400348005, 12.947210186293438 ], [ 77.530122856165335, 12.946660928679481 ], [ 77.529840084542954, 12.946389018506446 ], [ 77.529837312917252, 12.94611438962397 ], [ 77.528997314571455, 12.946122543574877 ], [ 77.528714544657163, 12.945850631831085 ] ] } },
{ "type": "Feature", "properties": { "type": "ghost_drain" }, "geometry": { "type": "LineString", "coordinates": [ [ 77.460713292726624, 12.950621694026172 ], [ 77.46069980909563, 12.949248477357868 ], [ 77.459851669140576, 12.948432479856734 ] ] } },
{ "type": "Feature", "properties": { "type": "ghost_drain" }, "geometry": { "type": "LineString", "coordinates": [ [ 77.459851669140576, 12.948432479856734 ], [ 77.459003534695043, 12.947616478553284 ] ] } },
{ "type": "Feature", "properties": { "type": "ghost_drain" }, "geometry": { "type": "LineString", "coordinates": [ [ 77.459003534695043, 12.947616478553284 ], [ 77.459280856229029, 12.947339192055725 ], [ 77.459560872031673, 12.947336548996301 ], [ 77.460392831856566, 12.946504687633041 ], [ 77.460382049778801, 12.945406113699525 ], [ 77.459533926017855, 12.944590112423734 ], [ 77.459528537560132, 12.944040825033317 ], [ 77.458397717390682, 12.942952816905109 ], [ 77.458117706235754, 12.942955457836973 ], [ 77.457840387132549, 12.943232742539971 ], [ 77.457560375547573, 12.943235382929521 ], [ 77.456994969861682, 12.942691374312082 ], [ 77.456968061933765, 12.939944931451702 ], [ 77.455271881633635, 12.938312891615729 ], [ 77.455263817085637, 12.937488957478942 ], [ 77.45498112361318, 12.937216949169953 ], [ 77.454975748293251, 12.936667659585495 ], [ 77.453562293781943, 12.93530761106992 ], [ 77.453559608053482, 12.935032965947507 ], [ 77.453276919353456, 12.934760954914605 ], [ 77.453258123561767, 12.932838438431943 ], [ 77.455753943055512, 12.930342921738587 ], [ 77.455751255996745, 12.930068276965105 ], [ 77.456028565973781, 12.929790996431727 ], [ 77.456020504438513, 12.928967062228002 ], [ 77.456860492237595, 12.928959153689362 ], [ 77.457415106690917, 12.92840459090945 ], [ 77.457409729836286, 12.927855301962238 ], [ 77.456561684009202, 12.927039277615743 ], [ 77.456542874689674, 12.925116764753319 ], [ 77.45765208898537, 12.924007642287854 ], [ 77.457641338271415, 12.922909064195544 ], [ 77.458750538898101, 12.921799939512924 ] ] } },
{ "type": "Feature", "properties": { "type": "ghost_drain" }, "geometry": { "type": "LineString", "coordinates": [ [ 77.697029617184882, 12.948556894524215 ], [ 77.697860642479441, 12.947724422109252 ], [ 77.697845863707428, 12.946351462709577 ] ] } },
{ "type": "Feature", "properties": { "type": "ghost_drain" }, "geometry": { "type": "LineString", "coordinates": [ [ 77.473044919035544, 12.951603581672341 ], [ 77.472764901323657, 12.951606240073829 ], [ 77.471916719964995, 12.950790290543567 ], [ 77.471914010806998, 12.950515649553267 ], [ 77.471631285280509, 12.950243665465715 ], [ 77.471615033853951, 12.948595819003478 ], [ 77.471049589059476, 12.948051848784454 ], [ 77.471038758970565, 12.946953283833182 ], [ 77.47075603896522, 12.946681297830981 ], [ 77.470753331967344, 12.946406656512787 ], [ 77.470470612942449, 12.946134670023103 ], [ 77.470462493428187, 12.94531074583691 ], [ 77.470179776120389, 12.945038758730707 ], [ 77.470144602832221, 12.941468419093306 ], [ 77.46986189092415, 12.941196430725416 ], [ 77.469856481320818, 12.940647147480297 ], [ 77.470133782402016, 12.940369852835843 ], [ 77.470122962969413, 12.93927128647713 ], [ 77.470400262464906, 12.93899399185019 ], [ 77.470384033725708, 12.937346142433528 ], [ 77.470101327096984, 12.937074153455988 ] ] } },
{ "type": "Feature", "properties": { "type": "ghost_drain" }, "geometry": { "type": "LineString", "coordinates": [ [ 77.563490142940452, 12.951003827676537 ], [ 77.562650150291219, 12.951012093105874 ], [ 77.562644533185178, 12.950462849600713 ], [ 77.562361727968181, 12.95019098220016 ], [ 77.562358919882911, 12.949916360371274 ], [ 77.56179892677892, 12.949921868073162 ], [ 77.561521737297113, 12.950199243483789 ], [ 77.56152454452895, 12.950473865487373 ], [ 77.561244547203231, 12.950476618708546 ], [ 77.560412973249043, 12.951308743267393 ], [ 77.558732981265024, 12.951325251972152 ] ] } },
{ "type": "Feature", "properties": { "type": "ghost_drain" }, "geometry": { "type": "LineString", "coordinates": [ [ 77.514769612759977, 12.951478756115556 ], [ 77.514486848182642, 12.951206827281704 ], [ 77.514206839787747, 12.95120953012461 ], [ 77.513924076065251, 12.950937600506178 ], [ 77.513915810653629, 12.950113703984815 ], [ 77.513350287262412, 12.949569843079352 ], [ 77.512790273574524, 12.949575245352353 ], [ 77.512224753602311, 12.949031381309236 ] ] } },
{ "type": "Feature", "properties": { "type": "ghost_drain" }, "geometry": { "type": "LineString", "coordinates": [ [ 77.512224753602311, 12.949031381309236 ], [ 77.511941994534368, 12.948759448650273 ], [ 77.51193648949635, 12.948210183378565 ] ] } },
{ "type": "Feature", "properties": { "type": "ghost_drain" }, "geometry": { "type": "LineString", "coordinates": [ [ 77.455411755763194, 12.952594407611935 ], [ 77.455691778250809, 12.952591767656266 ], [ 77.455689086476866, 12.952317123337016 ], [ 77.455966416578178, 12.952039838871155 ], [ 77.455963724622066, 12.951765194597121 ], [ 77.456241053866847, 12.951487909991878 ], [ 77.456230285685834, 12.950389333038631 ], [ 77.459003534695043, 12.947616478553284 ] ] } },
{ "type": "Feature", "properties": { "type": "ghost_drain" }, "geometry": { "type": "LineString", "coordinates": [ [ 77.639944371846269, 12.951887993587253 ], [ 77.640227246987308, 12.952159760255036 ], [ 77.641067191484893, 12.952151244084376 ], [ 77.641632945039134, 12.952694773952736 ], [ 77.642472890372701, 12.952686252906211 ] ] } },
{ "type": "Feature", "properties": { "type": "ghost_drain" }, "geometry": { "type": "LineString", "coordinates": [ [ 77.642472890372701, 12.952686252906211 ], [ 77.642749975315184, 12.95240880780106 ], [ 77.642744182111343, 12.951859599469895 ], [ 77.643575431831067, 12.951027263397206 ] ] } },
{ "type": "Feature", "properties": { "type": "ghost_drain" }, "geometry": { "type": "LineString", "coordinates": [ [ 77.643575431831067, 12.951027263397206 ], [ 77.643852513847051, 12.950749817675625 ], [ 77.644692451153546, 12.950741290733061 ], [ 77.645258207201849, 12.951284811865412 ], [ 77.646658103769397, 12.951270590667425 ], [ 77.64693518192442, 12.950993142273953 ], [ 77.646932281033116, 12.950718539014071 ], [ 77.647772216135778, 12.950710002167421 ], [ 77.648603442856782, 12.949877653924261 ], [ 77.648600540397112, 12.949603051012961 ], [ 77.648317661433808, 12.94933129459934 ], [ 77.648037684796478, 12.949334140803343 ], [ 77.647754806684119, 12.949062383595985 ], [ 77.648308955574208, 12.948507485620553 ], [ 77.649428857784017, 12.948496098552441 ], [ 77.649425954740892, 12.948221495796277 ], [ 77.649703026538148, 12.94794404564133 ], [ 77.650542950457336, 12.94793550166391 ], [ 77.650825829468985, 12.948207255521771 ], [ 77.651105804213927, 12.94820440656669 ], [ 77.651382873774438, 12.947926954986015 ] ] } },
{ "type": "Feature", "properties": { "type": "ghost_drain" }, "geometry": { "type": "LineString", "coordinates": [ [ 77.651382873774438, 12.947926954986015 ], [ 77.651659942723171, 12.947649503223786 ], [ 77.651939916655564, 12.947646653493468 ], [ 77.651937011060156, 12.947372051280029 ], [ 77.652491145898892, 12.946817146847991 ], [ 77.652771118712863, 12.946814296405002 ], [ 77.653048184841836, 12.94653684367923 ], [ 77.653328157216023, 12.946533992698694 ], [ 77.653611036752977, 12.946805743275883 ], [ 77.65445095419031, 12.946797187446565 ], [ 77.654728018082309, 12.946519733295757 ], [ 77.655287961959829, 12.946514027434477 ], [ 77.655853724989413, 12.947057523081657 ], [ 77.657813529792605, 12.947037538040401 ], [ 77.658090589448662, 12.946760080984063 ], [ 77.658370560922194, 12.946757224540665 ], [ 77.658647619593594, 12.94647976706573 ] ] } },
{ "type": "Feature", "properties": { "type": "ghost_drain" }, "geometry": { "type": "LineString", "coordinates": [ [ 77.606626120185524, 12.952223579634921 ], [ 77.606620406199752, 12.951674355325776 ], [ 77.606337560951062, 12.951402545017212 ], [ 77.606057572530759, 12.951405346572633 ], [ 77.606054716314404, 12.951130734279275 ], [ 77.606331847972115, 12.950853320546891 ], [ 77.606328991581321, 12.950578708302137 ], [ 77.606883252580303, 12.950023880396133 ] ] } },
{ "type": "Feature", "properties": { "type": "ghost_drain" }, "geometry": { "type": "LineString", "coordinates": [ [ 77.577789706317517, 12.95278523117863 ], [ 77.577792531949655, 12.95305984960723 ], [ 77.578072528508869, 12.953057078067712 ], [ 77.57835535131241, 12.953328924528693 ], [ 77.578635348047541, 12.953326152327943 ], [ 77.578918171704288, 12.953597997999807 ], [ 77.578920998756089, 12.953872616166286 ], [ 77.579203823396242, 12.954144461342858 ], [ 77.579480993125273, 12.953867070020495 ], [ 77.580046643981845, 12.954410758501313 ], [ 77.580055129592097, 12.955234612194911 ], [ 77.580895124858571, 12.955226288010815 ], [ 77.581177953042044, 12.955498130324111 ], [ 77.581183613020755, 12.956047365588779 ], [ 77.580629273549604, 12.956602151792875 ], [ 77.580349273596624, 12.956604926824873 ], [ 77.580072102571194, 12.956882319409718 ], [ 77.580077760751976, 12.957431555096907 ], [ 77.580360591182952, 12.957703397956104 ], [ 77.580083419193286, 12.957980790758555 ], [ 77.580089077895153, 12.958530026394659 ], [ 77.579811904810867, 12.958807419120726 ], [ 77.579817563291058, 12.959356654840073 ], [ 77.580100396080496, 12.959628497590229 ], [ 77.580940406044618, 12.959620170488025 ], [ 77.581223240169919, 12.959892011726225 ], [ 77.582063250270878, 12.959883680836791 ] ] } },
{ "type": "Feature", "properties": { "type": "ghost_drain" }, "geometry": { "type": "LineString", "coordinates": [ [ 77.582063250270878, 12.959883680836791 ], [ 77.582617591813076, 12.959328890930911 ], [ 77.582614759477948, 12.959054273682542 ], [ 77.582891929089257, 12.958776878506418 ], [ 77.583731934341699, 12.958768542940065 ], [ 77.584014769763158, 12.959040380767654 ] ] } },
{ "type": "Feature", "properties": { "type": "ghost_drain" }, "geometry": { "type": "LineString", "coordinates": [ [ 77.740462341823687, 12.951673589964297 ], [ 77.745170478007864, 12.946955590646835 ], [ 77.745730380919383, 12.946949690364901 ] ] } },
{ "type": "Feature", "properties": { "type": "ghost_drain" }, "geometry": { "type": "LineString", "coordinates": [ [ 77.642195804818186, 12.952963697829281 ], [ 77.642472890372701, 12.952686252906211 ] ] } },
{ "type": "Feature", "properties": { "type": "ghost_drain" }, "geometry": { "type": "LineString", "coordinates": [ [ 77.661800219907676, 12.953313322905988 ], [ 77.661240263819963, 12.953319045702482 ], [ 77.660108687738699, 12.952232086597968 ], [ 77.659268755969592, 12.952240664187514 ], [ 77.658985864195841, 12.951968922243225 ], [ 77.658980035630918, 12.951419721142939 ], [ 77.658420082484199, 12.951425437059159 ], [ 77.658137192546306, 12.951153693819423 ], [ 77.657860129069093, 12.951431151774864 ], [ 77.657580152260891, 12.951434008682526 ], [ 77.656748957038332, 12.952266380748169 ], [ 77.656468979043922, 12.952269236643048 ] ] } },
{ "type": "Feature", "properties": { "type": "ghost_drain" }, "geometry": { "type": "LineString", "coordinates": [ [ 77.656468979043922, 12.952269236643048 ], [ 77.656186089659201, 12.951997491071227 ], [ 77.656174445036683, 12.950899086340835 ], [ 77.654477130530807, 12.949268602189576 ], [ 77.65391718013359, 12.949274307501222 ], [ 77.653634297001972, 12.949002557906914 ], [ 77.653354321941805, 12.949005409750029 ], [ 77.653077254035381, 12.94928286321808 ], [ 77.652797278535374, 12.949285714523535 ], [ 77.651382873774438, 12.947926954986015 ] ] } },
{ "type": "Feature", "properties": { "type": "ghost_drain" }, "geometry": { "type": "LineString", "coordinates": [ [ 77.593486453690872, 12.954277256020525 ], [ 77.594886425207548, 12.954263309727319 ], [ 77.595169264316382, 12.954535134180299 ], [ 77.596009247162158, 12.954526761717089 ], [ 77.596292087604994, 12.954798584656892 ] ] } },
{ "type": "Feature", "properties": { "type": "ghost_drain" }, "geometry": { "type": "LineString", "coordinates": [ [ 77.554566593456315, 12.954661957845335 ], [ 77.554560992424555, 12.95411271100973 ], [ 77.554838194553994, 12.953835340843767 ], [ 77.5548353938932, 12.953560717470218 ], [ 77.554552591360576, 12.953288840708533 ], [ 77.554546990973719, 12.952739593809207 ], [ 77.554266989585116, 12.952742340006807 ], [ 77.554264189794509, 12.952467716487408 ] ] } },
{ "type": "Feature", "properties": { "type": "ghost_drain" }, "geometry": { "type": "LineString", "coordinates": [ [ 77.674699660041028, 12.955103546001506 ], [ 77.676915998266793, 12.95288375705878 ], [ 77.677475946196139, 12.952878000770317 ], [ 77.678307060691353, 12.952045575516308 ], [ 77.678304125195936, 12.951770979313375 ], [ 77.678864070001552, 12.951765220528239 ], [ 77.679141105957257, 12.951487744665437 ], [ 77.679138169679192, 12.951213148638946 ], [ 77.680538027112135, 12.951198745554747 ], [ 77.680820936509534, 12.951470459685309 ], [ 77.683060706789718, 12.951447396239088 ], [ 77.683343618705052, 12.951719107030504 ], [ 77.683903561074459, 12.951713337441239 ], [ 77.68418059030472, 12.951435857313429 ], [ 77.685300472735733, 12.951424313586102 ], [ 77.685297529726896, 12.951149718949615 ], [ 77.685574556612295, 12.950872237751128 ], [ 77.685571613433083, 12.950597643165034 ], [ 77.685848639468475, 12.950320161843374 ], [ 77.688368358738472, 12.950294167777773 ], [ 77.68865127368359, 12.950565871944152 ], [ 77.688663060268226, 12.951664247464851 ], [ 77.689228894984439, 12.952207653939855 ], [ 77.689788835729644, 12.952201871492649 ], [ 77.690071754481764, 12.952473573353339 ] ] } },
{ "type": "Feature", "properties": { "type": "ghost_drain" }, "geometry": { "type": "LineString", "coordinates": [ [ 77.690071754481764, 12.952473573353339 ], [ 77.690351724990592, 12.95247068131607 ], [ 77.690348776203265, 12.952196087844971 ], [ 77.690625797312848, 12.951918602156802 ], [ 77.690622848355403, 12.951644008736206 ], [ 77.692284960735563, 12.949979091174159 ], [ 77.692258410324627, 12.947507753175316 ], [ 77.692535424772089, 12.947230266798929 ], [ 77.692532474828297, 12.946955673712765 ], [ 77.692812438607888, 12.94695278024296 ], [ 77.693089451832037, 12.946675293507427 ], [ 77.695049193769123, 12.946655029163439 ], [ 77.695603213149269, 12.946100051842651 ], [ 77.695883175263461, 12.946097155263489 ], [ 77.696160183662315, 12.945819666097506 ], [ 77.697280029943201, 12.945808075835432 ] ] } },
{ "type": "Feature", "properties": { "type": "ghost_drain" }, "geometry": { "type": "LineString", "coordinates": [ [ 77.564103542211342, 12.956216122179304 ], [ 77.564097919585166, 12.955666879520336 ], [ 77.564377922079942, 12.95566412214942 ], [ 77.564655112681649, 12.955386743259965 ], [ 77.564652300918056, 12.955112122035365 ] ] } },
{ "type": "Feature", "properties": { "type": "ghost_drain" }, "geometry": { "type": "LineString", "coordinates": [ [ 77.471979047823822, 12.957107031572178 ], [ 77.471696313450636, 12.956835049034401 ], [ 77.47169360322593, 12.956560408125226 ], [ 77.471128137054635, 12.956016441650839 ], [ 77.470848114006529, 12.956019098881708 ] ] } },
{ "type": "Feature", "properties": { "type": "ghost_drain" }, "geometry": { "type": "LineString", "coordinates": [ [ 77.470848114006529, 12.956019098881708 ], [ 77.470565382083578, 12.955747114651086 ], [ 77.470546422142945, 12.953824626346179 ], [ 77.470263693412761, 12.953552641240615 ], [ 77.470228494993847, 12.94998230415476 ], [ 77.469945771666801, 12.949710317787188 ], [ 77.469934944978206, 12.948611752056566 ], [ 77.469652223737128, 12.948339765007921 ], [ 77.469635987785267, 12.946691915834908 ], [ 77.469353269366678, 12.94641992797624 ], [ 77.469318103958528, 12.942849586480904 ], [ 77.469035390939936, 12.942577597360801 ], [ 77.46902727844649, 12.941753672054926 ], [ 77.468744567144455, 12.941481682318569 ], [ 77.46902187042916, 12.941204388486033 ], [ 77.46901105514236, 12.940105821272317 ], [ 77.469288356841105, 12.93982852745712 ], [ 77.469848367383392, 12.939823222565154 ], [ 77.469818621079824, 12.936802164055768 ] ] } },
{ "type": "Feature", "properties": { "type": "ghost_drain" }, "geometry": { "type": "LineString", "coordinates": [ [ 77.469464244663968, 12.957680228760022 ], [ 77.469741561593878, 12.957402931384422 ], [ 77.470021586422931, 12.957400275064225 ], [ 77.470298902371582, 12.957122977255985 ], [ 77.470296193615908, 12.956848336062043 ], [ 77.470850823187618, 12.956293739978234 ], [ 77.470848114006529, 12.956019098881708 ] ] } },
{ "type": "Feature", "properties": { "type": "ghost_drain" }, "geometry": { "type": "LineString", "coordinates": [ [ 77.484588240496677, 12.957811008811147 ], [ 77.484585515932267, 12.957536370613209 ], [ 77.484302769853826, 12.957264404351822 ], [ 77.484294597644023, 12.956440489525315 ], [ 77.484571894051214, 12.956163179528382 ], [ 77.484566445737883, 12.955613903050059 ] ] } },
{ "type": "Feature", "properties": { "type": "ghost_drain" }, "geometry": { "type": "LineString", "coordinates": [ [ 77.484566445737883, 12.955613903050059 ], [ 77.485121035740676, 12.955059282696034 ], [ 77.485118311191115, 12.954784644551765 ], [ 77.485395605030334, 12.954507334142543 ], [ 77.485390155632501, 12.953958057939417 ], [ 77.484259191257877, 12.952870191284294 ] ] } },
{ "type": "Feature", "properties": { "type": "ghost_drain" }, "geometry": { "type": "LineString", "coordinates": [ [ 77.484259191257877, 12.952870191284294 ], [ 77.48369371274471, 12.95232625541429 ], [ 77.48397100623734, 12.952048946683835 ], [ 77.483957393690304, 12.950675754379624 ], [ 77.483391921565556, 12.950131816754238 ], [ 77.4833891999819, 12.949857178144665 ], [ 77.48394378271098, 12.949302561916936 ], [ 77.483941060703245, 12.949027923405383 ], [ 77.484218350906161, 12.948750615059405 ], [ 77.484207462528857, 12.947652061158568 ], [ 77.483924729973623, 12.947380092202973 ], [ 77.483916565455317, 12.946556176516207 ], [ 77.482785645779288, 12.945468295680136 ], [ 77.482782925873337, 12.945193656845825 ], [ 77.482502917390249, 12.945196324412384 ], [ 77.48248660110643, 12.943548490922533 ], [ 77.482763888286513, 12.943271184828262 ], [ 77.482755730260806, 12.942447268154284 ], [ 77.483033016099313, 12.942169962027062 ], [ 77.483024857907992, 12.941346045452558 ], [ 77.483856709564023, 12.940514126404146 ], [ 77.484136712533058, 12.940511458331793 ], [ 77.48469127650803, 12.939956844203223 ] ] } },
{ "type": "Feature", "properties": { "type": "ghost_drain" }, "geometry": { "type": "LineString", "coordinates": [ [ 77.627674097379298, 12.956680898097815 ], [ 77.627114118270057, 12.956686549009316 ], [ 77.627102596695835, 12.955588118801804 ], [ 77.626819728344557, 12.955316335929808 ], [ 77.626813968700176, 12.954767120651029 ], [ 77.625682504395982, 12.95367998431283 ], [ 77.625679626162722, 12.953405376390739 ], [ 77.625956733935837, 12.953127945462217 ], [ 77.625950977188623, 12.952578729709725 ], [ 77.62622808387016, 12.952301298709237 ], [ 77.626216570212236, 12.951202867349227 ], [ 77.626770779821541, 12.950648005243474 ], [ 77.626765022431584, 12.950098789746921 ], [ 77.626482161766873, 12.949827005147142 ], [ 77.625922197429603, 12.949832650562991 ], [ 77.625090880904565, 12.950664940803756 ], [ 77.623410979602141, 12.950681865558927 ], [ 77.623133870636536, 12.950959293843507 ], [ 77.621733949202479, 12.95097338836036 ], [ 77.620319667992007, 12.949614429508589 ], [ 77.620279474047024, 12.945769900235861 ] ] } },
{ "type": "Feature", "properties": { "type": "ghost_drain" }, "geometry": { "type": "LineString", "coordinates": [ [ 77.499994847120263, 12.958212852759328 ], [ 77.499992105583729, 12.957938217803754 ], [ 77.499426585792094, 12.957394324622902 ], [ 77.499146567243457, 12.957397012546947 ], [ 77.498863808509668, 12.957125064960394 ], [ 77.498023753214824, 12.957133125852163 ], [ 77.497740995823136, 12.956861176763281 ], [ 77.496620922186636, 12.956871918976189 ], [ 77.49634364092249, 12.957149239524531 ], [ 77.496063621986451, 12.957151924085144 ], [ 77.495786339740462, 12.957429244202753 ], [ 77.495220828722807, 12.956885339983131 ], [ 77.495215356756802, 12.956336068001386 ], [ 77.49493260290528, 12.956064115124795 ], [ 77.49437256679029, 12.956069480471225 ], [ 77.494089814037793, 12.95579752645201 ], [ 77.493529778157452, 12.955802889878578 ], [ 77.492681525034484, 12.954987023120735 ], [ 77.491281437881653, 12.955000421043911 ], [ 77.490726864116937, 12.955555052035388 ], [ 77.49016682733901, 12.955560408135318 ] ] } },
{ "type": "Feature", "properties": { "type": "ghost_drain" }, "geometry": { "type": "LineString", "coordinates": [ [ 77.49016682733901, 12.955560408135318 ], [ 77.489884078974654, 12.955288448599468 ], [ 77.489881349156406, 12.955013811457887 ], [ 77.489598601773594, 12.954741851432985 ], [ 77.489595872387298, 12.954467214220053 ], [ 77.489313125985973, 12.95419525370613 ], [ 77.489307668140029, 12.953645979131245 ], [ 77.489024923089204, 12.95337401806335 ], [ 77.489022194629527, 12.953099380701406 ], [ 77.488456707102941, 12.952555457163793 ], [ 77.487896676055911, 12.952560807167856 ], [ 77.487619387241338, 12.952838119387186 ], [ 77.484259191257877, 12.952870191284294 ] ] } },
{ "type": "Feature", "properties": { "type": "ghost_drain" }, "geometry": { "type": "LineString", "coordinates": [ [ 77.54593111968434, 12.959140966955959 ], [ 77.545651109257577, 12.959143705224914 ], [ 77.545368307293444, 12.958871817898258 ], [ 77.545091088211279, 12.95914918086158 ], [ 77.544808286731168, 12.958877292814158 ], [ 77.54452827635366, 12.95888002982149 ], [ 77.544251056159908, 12.959157392063426 ], [ 77.543971045347632, 12.95916012852987 ] ] } },
{ "type": "Feature", "properties": { "type": "ghost_drain" }, "geometry": { "type": "LineString", "coordinates": [ [ 77.543971045347632, 12.95916012852987 ], [ 77.543688244835678, 12.958888239041 ], [ 77.543685455264452, 12.95861361337974 ] ] } },
{ "type": "Feature", "properties": { "type": "ghost_drain" }, "geometry": { "type": "LineString", "coordinates": [ [ 77.543685455264452, 12.95861361337974 ], [ 77.543677086936057, 12.957789736357739 ], [ 77.541980305617855, 12.956158388875075 ], [ 77.541977518526011, 12.955883762790672 ], [ 77.541697510875011, 12.955886496135115 ], [ 77.541678005172159, 12.953964112946842 ], [ 77.5419552241015, 12.953686753886261 ], [ 77.541952437587213, 12.95341212774456 ], [ 77.540272407251834, 12.953428520073146 ] ] } },
{ "type": "Feature", "properties": { "type": "ghost_drain" }, "geometry": { "type": "LineString", "coordinates": [ [ 77.688733802578781, 12.958254498426912 ], [ 77.688716113336284, 12.956606936033932 ], [ 77.689270167050054, 12.956051965497819 ] ] } },
{ "type": "Feature", "properties": { "type": "ghost_drain" }, "geometry": { "type": "LineString", "coordinates": [ [ 77.689270167050054, 12.956051965497819 ], [ 77.689547192988741, 12.955774479959828 ], [ 77.68954424430467, 12.955499886375863 ] ] } },
{ "type": "Feature", "properties": { "type": "ghost_drain" }, "geometry": { "type": "LineString", "coordinates": [ [ 77.68954424430467, 12.955499886375863 ], [ 77.689541295688471, 12.955225292785464 ], [ 77.690372368403231, 12.954392835433577 ], [ 77.690369419140552, 12.954118242007524 ], [ 77.690086497907046, 12.95384654092916 ], [ 77.689806525800407, 12.95384943298312 ], [ 77.689794732148314, 12.952751058681878 ], [ 77.690071754481764, 12.952473573353339 ] ] } },
{ "type": "Feature", "properties": { "type": "ghost_drain" }, "geometry": { "type": "LineString", "coordinates": [ [ 77.694062222178559, 12.959023279109706 ], [ 77.693785199366673, 12.959300769120713 ], [ 77.69266528957985, 12.959312356218966 ], [ 77.69238235933517, 12.959040659376432 ], [ 77.691542426995852, 12.959049345456039 ], [ 77.690976569772332, 12.958505948288236 ], [ 77.690973618878758, 12.958231355085507 ], [ 77.690690691559396, 12.957959655781547 ], [ 77.690678890160456, 12.956861282626953 ], [ 77.689830116363495, 12.956046181276685 ], [ 77.689827167305481, 12.955771587762516 ], [ 77.68954424430467, 12.955499886375863 ] ] } },
{ "type": "Feature", "properties": { "type": "ghost_drain" }, "geometry": { "type": "LineString", "coordinates": [ [ 77.72600306612685, 12.960887681719893 ], [ 77.725443122815122, 12.960893545829238 ], [ 77.724594242599863, 12.960078583269379 ] ] } },
{ "type": "Feature", "properties": { "type": "ghost_drain" }, "geometry": { "type": "LineString", "coordinates": [ [ 77.724594242599863, 12.960078583269379 ], [ 77.72458527848714, 12.959254826739578 ], [ 77.725416222211834, 12.958422277972952 ], [ 77.72538633918812, 12.955676424186086 ], [ 77.725106373244557, 12.95567935457062 ], [ 77.725103385626554, 12.955404769092242 ], [ 77.725380363408888, 12.955127253351264 ], [ 77.725362437722112, 12.953479740691925 ], [ 77.725079487158681, 12.953208085032911 ], [ 77.725073513229532, 12.952658913953551 ], [ 77.725633438316436, 12.952653054296634 ], [ 77.726464360464078, 12.951820506856214 ], [ 77.726461372279459, 12.951545921608522 ], [ 77.727292288209483, 12.950713372738692 ], [ 77.727289299382477, 12.950438787657887 ], [ 77.727009339733513, 12.950441718923047 ], [ 77.72672639186932, 12.95017006467244 ], [ 77.726720415782921, 12.949620894221637 ], [ 77.726440456913906, 12.949623824694045 ], [ 77.726157510647852, 12.949352169502916 ], [ 77.72614257503858, 12.947979242588552 ], [ 77.725859631257336, 12.947707586609228 ], [ 77.725856644716501, 12.947433001136345 ], [ 77.725573701921462, 12.947161344651528 ], [ 77.726127641149375, 12.946606315512929 ], [ 77.74516446307338, 12.946406428560511 ] ] } },
{ "type": "Feature", "properties": { "type": "ghost_drain" }, "geometry": { "type": "LineString", "coordinates": [ [ 77.457202368673634, 12.963838963147332 ], [ 77.457199672825112, 12.963564319377017 ], [ 77.45775434876397, 12.963009743601074 ], [ 77.45803438239578, 12.963007099042033 ], [ 77.459421059674483, 12.961620655045037 ], [ 77.459418361870945, 12.961346011687448 ], [ 77.459695695243795, 12.961068722366621 ], [ 77.45969299725806, 12.960794079054319 ], [ 77.459970329773782, 12.960516789594161 ] ] } },
{ "type": "Feature", "properties": { "type": "ghost_drain" }, "geometry": { "type": "LineString", "coordinates": [ [ 77.459970329773782, 12.960516789594161 ], [ 77.459959537474816, 12.959418216488132 ], [ 77.460236868400713, 12.959140927043565 ], [ 77.460228774095967, 12.958316997302452 ], [ 77.459946048498637, 12.95804499996312 ], [ 77.45993256107522, 12.95667178327982 ], [ 77.459649837932631, 12.956399785196318 ], [ 77.459647141002677, 12.956125141776377 ], [ 77.459924469366484, 12.955847853193859 ], [ 77.459851669140576, 12.948432479856734 ] ] } },
{ "type": "Feature", "properties": { "type": "ghost_drain" }, "geometry": { "type": "LineString", "coordinates": [ [ 77.721529482027108, 12.961483733321945 ], [ 77.721532467178278, 12.961758319492274 ], [ 77.721812440749559, 12.961755391599519 ], [ 77.722095400084356, 12.962027049442089 ], [ 77.722098385985291, 12.962301635471276 ], [ 77.722378360031513, 12.962298706849641 ], [ 77.722655347495703, 12.962021192026748 ], [ 77.722652361051132, 12.961746606119357 ], [ 77.722929347665513, 12.961469091175635 ] ] } },
{ "type": "Feature", "properties": { "type": "ghost_drain" }, "geometry": { "type": "LineString", "coordinates": [ [ 77.722929347665513, 12.961469091175635 ], [ 77.723483319057323, 12.960914060752771 ], [ 77.724043263331964, 12.960908200847507 ], [ 77.724320247359614, 12.960630684896152 ], [ 77.724600219018896, 12.960627754256965 ], [ 77.724594242599863, 12.960078583269379 ] ] } },
{ "type": "Feature", "properties": { "type": "ghost_drain" }, "geometry": { "type": "LineString", "coordinates": [ [ 77.541772776611253, 12.963301399795469 ], [ 77.541492760626156, 12.963304134456335 ], [ 77.540927153457673, 12.962760350553495 ], [ 77.540918791430201, 12.961936472021213 ], [ 77.540353188935768, 12.961392686014564 ], [ 77.540350402462565, 12.961118059691943 ], [ 77.540904856000793, 12.960563341006683 ], [ 77.541184869050696, 12.960560607545547 ], [ 77.541182081850948, 12.9602859813834 ], [ 77.542013755725733, 12.959453901391162 ], [ 77.542293767293742, 12.959451166967776 ], [ 77.542848212739727, 12.958896445556785 ], [ 77.543128223502592, 12.958893710351939 ], [ 77.543405444936283, 12.958616349125489 ], [ 77.543685455264452, 12.95861361337974 ] ] } },
{ "type": "Feature", "properties": { "type": "ghost_drain" }, "geometry": { "type": "LineString", "coordinates": [ [ 77.546535832260233, 12.963529489534539 ], [ 77.545970215632877, 12.962985718740407 ], [ 77.545410186137929, 12.962991196657248 ] ] } },
{ "type": "Feature", "properties": { "type": "ghost_drain" }, "geometry": { "type": "LineString", "coordinates": [ [ 77.545410186137929, 12.962991196657248 ], [ 77.545407393765103, 12.962716571451251 ], [ 77.545124587225402, 12.962444684626599 ], [ 77.544844572930003, 12.96244742271382 ], [ 77.544838989731105, 12.961898172030109 ], [ 77.544556184787453, 12.961626284285558 ], [ 77.544553393654979, 12.961351658867818 ], [ 77.544270589694577, 12.961079770630196 ], [ 77.544262217794298, 12.960255894139802 ], [ 77.544539438956249, 12.959978531683563 ], [ 77.543973835353597, 12.959434754118458 ], [ 77.543971045347632, 12.95916012852987 ] ] } },
{ "type": "Feature", "properties": { "type": "ghost_drain" }, "geometry": { "type": "LineString", "coordinates": [ [ 77.655745528078739, 12.963261848929411 ], [ 77.65658549920056, 12.963253275537239 ], [ 77.656868404125362, 12.963525017917132 ], [ 77.657428385016317, 12.963519300094262 ], [ 77.657705459757352, 12.96324184014189 ], [ 77.657696713348486, 12.962418038332407 ], [ 77.657130905663038, 12.961874554766441 ], [ 77.657125076552575, 12.961325353251897 ], [ 77.657679222342267, 12.960770434539992 ], [ 77.657676307409389, 12.960495833885439 ], [ 77.657393405873634, 12.960224091835267 ], [ 77.657387576955713, 12.95967489036884 ], [ 77.657664648348799, 12.959397431203 ], [ 77.658224619650355, 12.959391713456061 ], [ 77.658201299851129, 12.957194908784709 ], [ 77.657069713384928, 12.95610793758239 ], [ 77.657066800204731, 12.955833336693459 ], [ 77.657343868624338, 12.95555587855179 ], [ 77.657623850089976, 12.955553021005246 ], [ 77.65761802284068, 12.955003819445681 ], [ 77.657335128769219, 12.954732076015008 ], [ 77.657332215618325, 12.954457475156568 ], [ 77.657609282469878, 12.954180017058176 ], [ 77.657591803539503, 12.952532412109816 ], [ 77.656751869040619, 12.952540981783141 ], [ 77.656468979043922, 12.952269236643048 ] ] } },
{ "type": "Feature", "properties": { "type": "ghost_drain" }, "geometry": { "type": "LineString", "coordinates": [ [ 77.526391205326732, 12.9653737645184 ], [ 77.526382889371263, 12.964549876845668 ], [ 77.526660137873108, 12.964272528997888 ], [ 77.526640734511361, 12.962350124577569 ], [ 77.526917980702166, 12.962072776914114 ], [ 77.526915208805946, 12.961798147738925 ], [ 77.52663241974183, 12.961526236873407 ], [ 77.526352402446335, 12.961528954888944 ], [ 77.525786826641379, 12.960985131160172 ], [ 77.526064072729753, 12.960707784485427 ], [ 77.52606130207154, 12.960433155099842 ], [ 77.525778515585742, 12.960161242824892 ], [ 77.525775745361415, 12.959886613367079 ], [ 77.525215714000026, 12.959892046580672 ], [ 77.525212944452093, 12.959617416997487 ], [ 77.5249301598042, 12.959345503445078 ], [ 77.524921852653051, 12.958521614459801 ], [ 77.524356287415245, 12.957977785682596 ], [ 77.524353519232378, 12.957703155876432 ], [ 77.524070737902278, 12.957431240783407 ], [ 77.524056899793791, 12.956058091328032 ], [ 77.524334143736837, 12.955780747055202 ], [ 77.524320306009059, 12.954407597706393 ], [ 77.524037529118274, 12.954135681823409 ], [ 77.524031995213036, 12.953586421907721 ], [ 77.523749219674343, 12.953314505467482 ], [ 77.523743686763723, 12.952765245394719 ], [ 77.524298168958495, 12.95221055841766 ], [ 77.524295402113935, 12.951935928477956 ], [ 77.52401262855193, 12.951664012002524 ], [ 77.52400709579365, 12.951114751972394 ], [ 77.52372432358348, 12.950842834939781 ], [ 77.523699432653132, 12.948371163897171 ], [ 77.523416664382921, 12.948099245846745 ], [ 77.523693902036058, 12.947821903595566 ], [ 77.523128367586523, 12.947278066806062 ], [ 77.523125603112945, 12.947003436514116 ], [ 77.522842837175844, 12.946731517415461 ], [ 77.522562835584964, 12.94673422831497 ], [ 77.522554544573239, 12.945910337025314 ], [ 77.523940722573357, 12.944523629627714 ], [ 77.523657959236331, 12.944251711015522 ], [ 77.5236551948515, 12.943977080772576 ], [ 77.523372432495918, 12.943705161669232 ], [ 77.523649666272959, 12.943427820267628 ], [ 77.523646902079236, 12.943153190005621 ], [ 77.523924135002304, 12.942875848469615 ], [ 77.523921370630106, 12.942601218254364 ], [ 77.523638609880294, 12.942329299181488 ], [ 77.523635845941357, 12.94205466889407 ], [ 77.523353086172833, 12.941782749330089 ], [ 77.523073090215831, 12.94178545975986 ], [ 77.522224815306942, 12.940969697438037 ], [ 77.521384829233483, 12.94097782369229 ], [ 77.521102072880424, 12.940705900989698 ], [ 77.520822077637504, 12.940708608781707 ], [ 77.520816556704133, 12.940159346935877 ], [ 77.520533801943813, 12.939887423317293 ], [ 77.51969381839487, 12.939895543458983 ], [ 77.519411064972758, 12.939623618337274 ], [ 77.518571081578102, 12.939631734701162 ], [ 77.518005578022027, 12.939087881026817 ], [ 77.517991793363095, 12.937714723206398 ], [ 77.517709044349019, 12.937442795403452 ], [ 77.517703531668914, 12.936893532099514 ], [ 77.518535235167562, 12.936061525745536 ], [ 77.518518694293647, 12.934413736634953 ], [ 77.517958716663998, 12.934419143789905 ] ] } },
{ "type": "Feature", "properties": { "type": "ghost_drain" }, "geometry": { "type": "LineString", "coordinates": [ [ 77.50763236573512, 12.965829875831425 ], [ 77.507909639999568, 12.965552543937541 ], [ 77.508469691496799, 12.965547145617718 ], [ 77.509024236707617, 12.964992480297644 ], [ 77.5090214837861, 12.96471784738919 ], [ 77.509576026059023, 12.964163181419778 ], [ 77.509573272714704, 12.963888548610502 ], [ 77.510127812049973, 12.963333881991964 ], [ 77.510125058282924, 12.963059249281892 ], [ 77.510402326788267, 12.962781915742468 ], [ 77.510396818958242, 12.962232650408822 ], [ 77.511228619339505, 12.96140064897585 ], [ 77.51121760152445, 12.960302118865904 ], [ 77.51177213010476, 12.959747450723803 ], [ 77.511766620605982, 12.959198185841974 ] ] } },
{ "type": "Feature", "properties": { "type": "ghost_drain" }, "geometry": { "type": "LineString", "coordinates": [ [ 77.511766620605982, 12.959198185841974 ], [ 77.511717046531771, 12.954254800761623 ], [ 77.511434280928256, 12.953982868628854 ], [ 77.511415010257124, 12.952060440083004 ], [ 77.5111322478528, 12.951788507066585 ], [ 77.51111573482433, 12.950140710529315 ], [ 77.512224753602311, 12.949031381309236 ] ] } },
{ "type": "Feature", "properties": { "type": "ghost_drain" }, "geometry": { "type": "LineString", "coordinates": [ [ 77.493073654546222, 12.966244433761812 ], [ 77.493068183200037, 12.965695161271503 ], [ 77.493345476441704, 12.965417841998525 ], [ 77.493323591626918, 12.963220752202458 ] ] } },
{ "type": "Feature", "properties": { "type": "ghost_drain" }, "geometry": { "type": "LineString", "coordinates": [ [ 77.493323591626918, 12.963220752202458 ], [ 77.493040830246144, 12.962948798438987 ], [ 77.493038095296981, 12.962674162120816 ], [ 77.493592675810518, 12.962119524538135 ], [ 77.493576264516207, 12.960471707124567 ], [ 77.493010749267441, 12.959927798589959 ], [ 77.492730726512519, 12.959930480132909 ], [ 77.492447970050605, 12.959658524869919 ], [ 77.492167947476162, 12.95966120575318 ], [ 77.491602436877187, 12.959117293236007 ], [ 77.491599704340899, 12.958842656535362 ], [ 77.491316950329633, 12.958570699575381 ], [ 77.491314218225455, 12.958296062803337 ], [ 77.491031465196031, 12.95802410535412 ], [ 77.49102600191479, 12.957474831660921 ], [ 77.490743250236321, 12.957202873657467 ], [ 77.490740519059216, 12.956928236736315 ], [ 77.490457768362461, 12.956656278243702 ], [ 77.490452306935182, 12.956107004252312 ], [ 77.490169557589226, 12.95583504520555 ], [ 77.49016682733901, 12.955560408135318 ] ] } },
{ "type": "Feature", "properties": { "type": "ghost_drain" }, "geometry": { "type": "LineString", "coordinates": [ [ 77.668922574345501, 12.964774810216651 ], [ 77.669762541502052, 12.964766193335295 ], [ 77.672591753086763, 12.967483422821571 ], [ 77.672868811238601, 12.967205949189598 ], [ 77.673708783833604, 12.967197317989616 ], [ 77.673991708943547, 12.967469037173387 ], [ 77.676511625232038, 12.967443124075301 ], [ 77.677360410686546, 12.968258269213502 ], [ 77.677914515097527, 12.967703313354797 ], [ 77.680154435838631, 12.967680246531549 ], [ 77.68126262533977, 12.966570325049542 ], [ 77.681256741123065, 12.966021134581696 ], [ 77.681533786489368, 12.965743653873155 ], [ 77.681816716414218, 12.966015363224976 ], [ 77.68209376103249, 12.96573788204187 ], [ 77.68237374820248, 12.965734995675554 ], [ 77.68237669143457, 12.966009590666427 ], [ 77.682942554076675, 12.96655300661571 ], [ 77.683496640662568, 12.965998041943877 ], [ 77.684336601872246, 12.965989377247196 ], [ 77.684613643123996, 12.965711893928916 ], [ 77.688253463118542, 12.965674312579843 ] ] } },
{ "type": "Feature", "properties": { "type": "ghost_drain" }, "geometry": { "type": "LineString", "coordinates": [ [ 77.688253463118542, 12.965674312579843 ], [ 77.688807534056835, 12.965119339236301 ], [ 77.688795734169531, 12.964020964977243 ], [ 77.688512800900682, 12.963749264229566 ], [ 77.688503952820298, 12.962925483258326 ], [ 77.689058018242562, 12.962370510578587 ], [ 77.689016728604656, 12.958526200206451 ], [ 77.689293757061137, 12.958248714393136 ], [ 77.689270167050054, 12.956051965497819 ] ] } },
{ "type": "Feature", "properties": { "type": "ghost_drain" }, "geometry": { "type": "LineString", "coordinates": [ [ 77.601726108007384, 12.965730012112745 ], [ 77.601166097020496, 12.965735611090885 ], [ 77.600600378816992, 12.965191982485857 ], [ 77.600597525438531, 12.96491736928572 ], [ 77.600874676557822, 12.964639957586513 ], [ 77.60059181887857, 12.964368142866254 ], [ 77.600588965697071, 12.964093529646926 ], [ 77.600868969516469, 12.964090731276791 ], [ 77.601146119541653, 12.963813319502991 ], [ 77.601426122923357, 12.963810520593169 ], [ 77.601406146518215, 12.961888229120744 ], [ 77.599991880440726, 12.960529151459479 ], [ 77.599986177206787, 12.959979924590261 ], [ 77.59970332657268, 12.959708107634727 ], [ 77.59969762434504, 12.959158880604637 ], [ 77.599974771526576, 12.958881470775072 ], [ 77.599691922379918, 12.958609653548965 ], [ 77.599689071495817, 12.958335040011534 ], [ 77.598849078348636, 12.958343426756722 ], [ 77.59856623090802, 12.958071607948998 ], [ 77.598286233301678, 12.958074402568458 ], [ 77.598009084610993, 12.958351810798755 ], [ 77.596889092042602, 12.958362985316544 ], [ 77.596877701410165, 12.957264528654395 ], [ 77.5965948571409, 12.956992707045567 ], [ 77.596592010018426, 12.95671809279648 ], [ 77.596869159124211, 12.956440686090659 ], [ 77.596866311826673, 12.956166071889962 ], [ 77.597146307617678, 12.956163279200497 ], [ 77.597423455498841, 12.955885872126014 ], [ 77.597703450852578, 12.955883078897148 ], [ 77.597680668009914, 12.953686166478789 ], [ 77.597397827850969, 12.953414345075851 ], [ 77.597386439490009, 12.952315888442927 ] ] } },
{ "type": "Feature", "properties": { "type": "ghost_drain" }, "geometry": { "type": "LineString", "coordinates": [ [ 77.574576574260533, 12.967098653199145 ], [ 77.575130948406184, 12.966543873412087 ], [ 77.575128122649389, 12.966269254689355 ], [ 77.575959678547108, 12.96543708377957 ], [ 77.576239689343026, 12.965434311610728 ], [ 77.577071238610984, 12.964602138311497 ], [ 77.578751295333731, 12.964585494670633 ], [ 77.579028474968624, 12.964308101761237 ], [ 77.57930848382307, 12.964305326529521 ], [ 77.579591322816228, 12.964577168793191 ], [ 77.579871331846803, 12.96457439289968 ], [ 77.580148509995681, 12.964296999031312 ], [ 77.581548552313706, 12.964283113857423 ], [ 77.581825727992126, 12.964005718605236 ], [ 77.581822895467624, 12.963731101282962 ], [ 77.580982872306024, 12.963739433825452 ], [ 77.580700033221277, 12.963467593166708 ], [ 77.580977209290737, 12.963190198796841 ], [ 77.580971546536091, 12.962640963742675 ], [ 77.581531559591539, 12.962635409501349 ], [ 77.581525895872247, 12.962086174664881 ], [ 77.581803069621358, 12.96180877984817 ], [ 77.581800237618339, 12.961534162474786 ], [ 77.581517400782118, 12.96126232236227 ], [ 77.581508906278572, 12.960438470002163 ], [ 77.582063250270878, 12.959883680836791 ] ] } },
{ "type": "Feature", "properties": { "type": "ghost_drain" }, "geometry": { "type": "LineString", "coordinates": [ [ 77.555815558232808, 12.967283627471554 ], [ 77.555535540868789, 12.967286378061287 ], [ 77.555258327632728, 12.967563751344985 ], [ 77.554698291969117, 12.967569251141823 ], [ 77.554421077378095, 12.967846623758094 ], [ 77.55358102228594, 12.967854870477439 ], [ 77.553583824768509, 12.968129493820356 ], [ 77.553029391037526, 12.968684237157795 ], [ 77.553034995227904, 12.969233484039611 ], [ 77.552757776958728, 12.969510855535805 ], [ 77.552197735843265, 12.969516350763531 ], [ 77.551914914223119, 12.969244474254507 ], [ 77.550794832187322, 12.969255459658928 ], [ 77.550517610950408, 12.969532829230833 ] ] } },
{ "type": "Feature", "properties": { "type": "ghost_drain" }, "geometry": { "type": "LineString", "coordinates": [ [ 77.550517610950408, 12.969532829230833 ], [ 77.550237589909472, 12.969535574589729 ], [ 77.550234790782952, 12.969260950557201 ], [ 77.549951971228552, 12.96898907145637 ], [ 77.549949172537325, 12.96871444735101 ], [ 77.549666353966913, 12.968442567756542 ], [ 77.549386333958921, 12.968445311973172 ], [ 77.549103516243662, 12.968173431590845 ], [ 77.548823496413434, 12.968176175146143 ] ] } },
{ "type": "Feature", "properties": { "type": "ghost_drain" }, "geometry": { "type": "LineString", "coordinates": [ [ 77.548823496413434, 12.968176175146143 ], [ 77.548540679553327, 12.967904293976005 ], [ 77.548260659900919, 12.967907036870002 ], [ 77.54797784389595, 12.967635154912113 ], [ 77.547137785279162, 12.967643380708386 ], [ 77.546854970613708, 12.96737149724153 ], [ 77.546574951188319, 12.967374238211757 ], [ 77.545726511596285, 12.966558584167471 ], [ 77.54572371808149, 12.966283959104295 ], [ 77.54544369962484, 12.966286698632159 ], [ 77.544878077520707, 12.965742926280832 ], [ 77.544875285118081, 12.965468301018632 ], [ 77.54459247535604, 12.965196414136324 ], [ 77.544575724513663, 12.963548662031322 ], [ 77.544852948210249, 12.963271298691598 ], [ 77.545132963424763, 12.963268560424495 ], [ 77.545410186137929, 12.962991196657248 ] ] } },
{ "type": "Feature", "properties": { "type": "ghost_drain" }, "geometry": { "type": "LineString", "coordinates": [ [ 77.566461803149309, 12.967728123472899 ], [ 77.565613309799502, 12.966912546683595 ], [ 77.56393322005998, 12.966929108476267 ], [ 77.563101612637752, 12.967761249233588 ], [ 77.563112864639237, 12.968859734369463 ], [ 77.563395695565987, 12.969131596508802 ], [ 77.56340132269753, 12.969680838904894 ], [ 77.562846912041834, 12.970235599715256 ], [ 77.562849725221056, 12.970510221011734 ], [ 77.56256970579436, 12.970512979841017 ], [ 77.561738083373228, 12.971345119100368 ], [ 77.56145806276804, 12.971347876908007 ], [ 77.561175230564245, 12.971076012775438 ], [ 77.560335169086372, 12.971084283311072 ], [ 77.560057958772077, 12.971361661435727 ], [ 77.560060769144357, 12.971636283310167 ], [ 77.559783557974953, 12.971913661302304 ], [ 77.559503536303993, 12.971916417125671 ], [ 77.55922632415016, 12.972193794690918 ], [ 77.559229133796578, 12.972468416727136 ], [ 77.558951920787564, 12.972745794159792 ], [ 77.557831829261318, 12.972756812763766 ], [ 77.557266168045714, 12.972213075351462 ], [ 77.556711736701629, 12.972767826556003 ], [ 77.556717350798337, 12.973317071681345 ], [ 77.556157302904595, 12.973322577013985 ], [ 77.555874472700154, 12.973050706489015 ], [ 77.555597254752669, 12.973328081143627 ], [ 77.555317230579888, 12.973330832757325 ], [ 77.554485571944269, 12.974162954879171 ], [ 77.554205546593494, 12.974165705470417 ] ] } },
{ "type": "Feature", "properties": { "type": "ghost_drain" }, "geometry": { "type": "LineString", "coordinates": [ [ 77.554205546593494, 12.974165705470417 ], [ 77.553922716970405, 12.973893832618501 ], [ 77.553917108748237, 12.973344586314562 ], [ 77.553068625785386, 12.972528964794675 ], [ 77.553060217275686, 12.971705094692036 ], [ 77.552211743171355, 12.970889468726678 ], [ 77.551931720984172, 12.970892216190194 ], [ 77.550517610950408, 12.969532829230833 ] ] } },
{ "type": "Feature", "properties": { "type": "ghost_drain" }, "geometry": { "type": "LineString", "coordinates": [ [ 77.463699925711211, 12.969545561779093 ], [ 77.463139846156935, 12.969550865406159 ], [ 77.463131735571551, 12.968726938127359 ], [ 77.46284899352348, 12.968454946818692 ], [ 77.462846290488216, 12.968180304315375 ], [ 77.462280808969169, 12.967636320299993 ], [ 77.462000771058371, 12.967638970354081 ], [ 77.461718031462979, 12.96736697735307 ], [ 77.46115795594369, 12.967372275841759 ] ] } },
{ "type": "Feature", "properties": { "type": "ghost_drain" }, "geometry": { "type": "LineString", "coordinates": [ [ 77.46115795594369, 12.967372275841759 ], [ 77.460027005648655, 12.966284296738237 ], [ 77.46058167910391, 12.965729715076421 ], [ 77.460861715179632, 12.96572706693169 ], [ 77.460859014911946, 12.965452423958952 ], [ 77.460576279243696, 12.965180429008646 ], [ 77.460853614562978, 12.964903137994469 ], [ 77.460570879632016, 12.964631142915529 ], [ 77.460551982948289, 12.962708641390078 ], [ 77.45998652008565, 12.962164649063212 ], [ 77.459981123066569, 12.961615362598863 ], [ 77.460258455946658, 12.96133807274123 ], [ 77.459975726295937, 12.961066076109175 ], [ 77.459970329773782, 12.960516789594161 ] ] } },
{ "type": "Feature", "properties": { "type": "ghost_drain" }, "geometry": { "type": "LineString", "coordinates": [ [ 77.626115148397233, 12.96823136861256 ], [ 77.626392268754842, 12.967953934450891 ], [ 77.627512277733999, 12.967942624881012 ], [ 77.627795163704533, 12.968214403886412 ], [ 77.628635170462587, 12.968205917465777 ], [ 77.628918057766214, 12.968477694952941 ], [ 77.629758064647106, 12.968469204739769 ], [ 77.630040953283753, 12.968740980708542 ], [ 77.630880960287158, 12.968732486702693 ], [ 77.631163850256755, 12.96900426115292 ], [ 77.631443852698382, 12.969001428853939 ], [ 77.631720966692711, 12.968723989991723 ], [ 77.632000968695024, 12.968721157153592 ], [ 77.632283859624636, 12.968992930153547 ], [ 77.632563861800477, 12.968990096652266 ], [ 77.633118086193036, 12.968435216836408 ], [ 77.63395809008415, 12.968426713097942 ], [ 77.634235200242358, 12.968149272200108 ] ] } },
{ "type": "Feature", "properties": { "type": "ghost_drain" }, "geometry": { "type": "LineString", "coordinates": [ [ 77.634235200242358, 12.968149272200108 ], [ 77.634512309787723, 12.967871831119426 ], [ 77.634506527495773, 12.967322619777015 ], [ 77.635337851015692, 12.966490295772012 ], [ 77.635334959249903, 12.96621569025816 ], [ 77.63782889456418, 12.963718708877629 ], [ 77.637823106916372, 12.963169498833242 ], [ 77.638100207297541, 12.962892055655958 ], [ 77.638097313333844, 12.962617450679872 ], [ 77.641422467256319, 12.959288118989184 ] ] } },
{ "type": "Feature", "properties": { "type": "ghost_drain" }, "geometry": { "type": "LineString", "coordinates": [ [ 77.641422467256319, 12.959288118989184 ], [ 77.641139581465936, 12.95901635555534 ], [ 77.641136685066641, 12.958741751173466 ], [ 77.641967959449431, 12.957909415196943 ], [ 77.642807922029817, 12.957900889701824 ], [ 77.643085011147534, 12.957623443297679 ], [ 77.64307052077011, 12.956250423342246 ], [ 77.643624694774772, 12.955695530545995 ], [ 77.643610203671756, 12.954322510988758 ], [ 77.644164372834368, 12.953767618022772 ], [ 77.644161474335348, 12.95349301420382 ], [ 77.644438557759216, 12.953215567503644 ], [ 77.644424065068904, 12.951842548592072 ], [ 77.643575431831067, 12.951027263397206 ] ] } },
{ "type": "Feature", "properties": { "type": "ghost_drain" }, "geometry": { "type": "LineString", "coordinates": [ [ 77.534270721105244, 12.969142308140739 ], [ 77.534267939579877, 12.968867680681285 ], [ 77.533985134580448, 12.96859578089653 ], [ 77.533705110978431, 12.968598508276942 ], [ 77.533422306834623, 12.9683266077054 ], [ 77.533416746070941, 12.967777352383704 ], [ 77.533133943281143, 12.967505451253654 ], [ 77.533108926345037, 12.965033801396281 ], [ 77.532826127502119, 12.964761899245437 ], [ 77.532823348532744, 12.964487271385622 ], [ 77.533100588517627, 12.964209917995866 ], [ 77.533095030285821, 12.963660662363756 ], [ 77.533649507447336, 12.963105955234884 ], [ 77.533635610562897, 12.961732816576397 ], [ 77.534190082849392, 12.961178109230854 ], [ 77.533907288221783, 12.960906207596054 ], [ 77.534184523573956, 12.96062885393623 ], [ 77.53418174403221, 12.960354226279369 ], [ 77.5344589785294, 12.960076872485473 ], [ 77.535019006287342, 12.960071419322784 ], [ 77.535016225954635, 12.959796791832343 ], [ 77.53640238433708, 12.958410017912291 ], [ 77.536682395962188, 12.958407289736595 ], [ 77.536959625430697, 12.958129934150087 ], [ 77.537239636621436, 12.958127205433346 ], [ 77.537516865107122, 12.957849849418988 ], [ 77.537796875863506, 12.957847120161235 ], [ 77.538074103366355, 12.957569763719087 ], [ 77.538068537179669, 12.957020509931994 ], [ 77.537785744715109, 12.956748612347868 ], [ 77.537769049914615, 12.955100850436844 ], [ 77.538877946566345, 12.953991425682862 ], [ 77.538312368942826, 12.953447630793464 ], [ 77.538309586472437, 12.953173003867414 ], [ 77.538029581049486, 12.95317573270937 ], [ 77.538018453033203, 12.952077224702343 ], [ 77.538295675081713, 12.951799869141714 ] ] } },
{ "type": "Feature", "properties": { "type": "ghost_drain" }, "geometry": { "type": "LineString", "coordinates": [ [ 77.740073703668529, 12.967330653339568 ], [ 77.741193605061994, 12.967318855263809 ] ] } },
{ "type": "Feature", "properties": { "type": "ghost_drain" }, "geometry": { "type": "LineString", "coordinates": [ [ 77.741193605061994, 12.967318855263809 ], [ 77.74147057189586, 12.967041323527466 ], [ 77.742030521426415, 12.967035422215321 ], [ 77.742307486896706, 12.96675788982958 ], [ 77.742304477774752, 12.966483308544085 ], [ 77.742858406403599, 12.965928243355835 ], [ 77.742852387419305, 12.965379080997979 ], [ 77.743129350340936, 12.965101548253676 ], [ 77.743969266855174, 12.965092691784394 ], [ 77.744246228037852, 12.964815158155254 ], [ 77.744219133503378, 12.962343930016562 ], [ 77.745880874946934, 12.960678727656358 ], [ 77.745314919577694, 12.960135472965147 ], [ 77.745308897991563, 12.959586311499198 ], [ 77.745025921976037, 12.959314683357249 ], [ 77.744998831646697, 12.956843455800321 ], [ 77.745275784222429, 12.956565922974233 ], [ 77.744992812335653, 12.956294294049901 ], [ 77.744989802784062, 12.956019713164993 ], [ 77.744706831884585, 12.955748083733603 ], [ 77.744691787042214, 12.954375178856539 ], [ 77.745522637668557, 12.953542582124205 ], [ 77.74551962819794, 12.953268001303996 ], [ 77.745796576946319, 12.952990468763627 ], [ 77.74579055773971, 12.952441307220244 ], [ 77.748560006843661, 12.949665973239149 ] ] } },
{ "type": "Feature", "properties": { "type": "ghost_drain" }, "geometry": { "type": "LineString", "coordinates": [ [ 77.694725644089161, 12.968628212010026 ], [ 77.694445656535748, 12.968631112293993 ], [ 77.694162712137057, 12.968359420010763 ], [ 77.693322749783775, 12.968368117967731 ], [ 77.693039806712889, 12.968096424158773 ], [ 77.692199844462806, 12.968105118319436 ], [ 77.691916902719811, 12.967833422984896 ], [ 77.690516965469115, 12.967847905423275 ], [ 77.690234025530913, 12.967576207835572 ], [ 77.689674050631979, 12.967581997979767 ], [ 77.689108173547467, 12.967038600047992 ], [ 77.688268212120562, 12.967047280827691 ] ] } },
{ "type": "Feature", "properties": { "type": "ghost_drain" }, "geometry": { "type": "LineString", "coordinates": [ [ 77.688268212120562, 12.967047280827691 ], [ 77.688262312316155, 12.966498093547873 ], [ 77.68797937615669, 12.966226392700614 ], [ 77.688256412783218, 12.965948906242291 ], [ 77.688253463118542, 12.965674312579843 ] ] } },
{ "type": "Feature", "properties": { "type": "ghost_drain" }, "geometry": { "type": "LineString", "coordinates": [ [ 77.455592225334556, 12.970995566457974 ], [ 77.455589529712668, 12.970720922505075 ], [ 77.455866876557948, 12.970443634829225 ], [ 77.456146918901069, 12.970440990811836 ], [ 77.456429657661999, 12.970712990279297 ], [ 77.457549827392612, 12.970702409767407 ], [ 77.458659200770455, 12.969593251115667 ], [ 77.458939241573077, 12.969590604264411 ], [ 77.458936542581753, 12.969315960974646 ], [ 77.459768564336215, 12.968484089404466 ], [ 77.46116876035363, 12.968470847285333 ] ] } },
{ "type": "Feature", "properties": { "type": "ghost_drain" }, "geometry": { "type": "LineString", "coordinates": [ [ 77.46116876035363, 12.968470847285333 ], [ 77.46115795594369, 12.967372275841759 ] ] } },
{ "type": "Feature", "properties": { "type": "ghost_drain" }, "geometry": { "type": "LineString", "coordinates": [ [ 77.595060071544069, 12.971014793112118 ], [ 77.595054374355968, 12.970465564526048 ], [ 77.593640078315545, 12.969106455744065 ], [ 77.593917242347715, 12.968829049207136 ], [ 77.593914395470989, 12.968554434621618 ], [ 77.5941915586492, 12.968277027954628 ], [ 77.594188711597013, 12.968002413417429 ], [ 77.593905855233785, 12.967730590826676 ], [ 77.593903008619051, 12.96745597621557 ], [ 77.593054444322547, 12.966640505665708 ], [ 77.593045908218429, 12.965816661186533 ], [ 77.593323070102912, 12.965539255785005 ], [ 77.593320224624904, 12.965264641000523 ], [ 77.593037372703549, 12.964992816649804 ], [ 77.59247735948955, 12.964998396628582 ], [ 77.591345959859069, 12.963911092042419 ], [ 77.591343116918367, 12.963636476792054 ], [ 77.591060268914333, 12.963364649505561 ] ] } },
{ "type": "Feature", "properties": { "type": "ghost_drain" }, "geometry": { "type": "LineString", "coordinates": [ [ 77.591060268914333, 12.963364649505561 ], [ 77.591054583972735, 12.962815418850765 ], [ 77.591331745809811, 12.962538015726652 ], [ 77.592171758046504, 12.962529650562525 ], [ 77.593003236536148, 12.961697437927356 ], [ 77.592997548091446, 12.961148208050766 ], [ 77.592714701987973, 12.960876382326237 ], [ 77.592711858235546, 12.960601767310871 ], [ 77.592429013116345, 12.960329941089904 ], [ 77.592149011618673, 12.960332729590281 ], [ 77.591300480658646, 12.959517247269394 ], [ 77.591294796936182, 12.958968016557703 ], [ 77.591014796708023, 12.958970803551239 ], [ 77.590731955263777, 12.958698974756885 ], [ 77.590729114178529, 12.958424359262979 ], [ 77.591006272533619, 12.958146957252636 ] ] } },
{ "type": "Feature", "properties": { "type": "ghost_drain" }, "geometry": { "type": "LineString", "coordinates": [ [ 77.483889889728886, 12.972100210770837 ], [ 77.483887162822029, 12.971825572727264 ], [ 77.48303887102513, 12.971009679559021 ], [ 77.483027968457179, 12.969911126542883 ], [ 77.482745207228774, 12.969639161045796 ], [ 77.482739757059619, 12.969089884369945 ], [ 77.482456997183007, 12.968817918319104 ], [ 77.482454272561753, 12.968543279906811 ], [ 77.482171513667566, 12.968271313367092 ], [ 77.481611444808308, 12.96827665622285 ], [ 77.481328687015079, 12.968004688540784 ], [ 77.481325963808132, 12.967730049875541 ], [ 77.481043206997228, 12.967458081704704 ], [ 77.480763173267988, 12.967460751904779 ] ] } },
{ "type": "Feature", "properties": { "type": "ghost_drain" }, "geometry": { "type": "LineString", "coordinates": [ [ 77.480763173267988, 12.967460751904779 ], [ 77.48075500605033, 12.966636835501184 ], [ 77.480472251203992, 12.966364866352897 ], [ 77.480466807443747, 12.965815588589189 ], [ 77.480184053948747, 12.965543618887446 ], [ 77.480178611177308, 12.964994340968788 ], [ 77.479895859033562, 12.964722370713638 ], [ 77.479890417250843, 12.964173092640047 ], [ 77.479607666458222, 12.963901121831535 ], [ 77.479604946029866, 12.963626482720453 ], [ 77.479882255046405, 12.963349175482087 ], [ 77.48016228436606, 12.963346507060569 ], [ 77.480156842596642, 12.962797229040413 ], [ 77.48043415014358, 12.962519921474044 ], [ 77.480423266381081, 12.961421365566016 ], [ 77.481809790048359, 12.960034825926707 ], [ 77.481804346105633, 12.959485548455811 ], [ 77.4820816485135, 12.959208240062475 ], [ 77.482078926392447, 12.958933601369649 ], [ 77.482910829209075, 12.958101675207038 ], [ 77.482894493413596, 12.956453843855597 ], [ 77.483171791665654, 12.956176535068096 ], [ 77.483169069008909, 12.955901896539489 ], [ 77.484009129709605, 12.95589388429242 ], [ 77.484286425998718, 12.955616574641731 ], [ 77.484566445737883, 12.955613903050059 ] ] } },
{ "type": "Feature", "properties": { "type": "ghost_drain" }, "geometry": { "type": "LineString", "coordinates": [ [ 77.708471705421516, 12.970957030884177 ], [ 77.707339870379073, 12.969870334498671 ], [ 77.707333927411128, 12.969321156003744 ], [ 77.706768015065578, 12.968777804922862 ], [ 77.706765044433567, 12.96850321552528 ], [ 77.706482089554612, 12.968231539262909 ], [ 77.706473179192585, 12.967407770820833 ], [ 77.706750192298514, 12.96713026844062 ], [ 77.706735341871791, 12.96575732119471 ], [ 77.708120392263424, 12.964369808036469 ], [ 77.708117421193492, 12.964095218854581 ], [ 77.707834471119085, 12.963823543289662 ], [ 77.707831500492119, 12.963548954031086 ], [ 77.707548551404784, 12.963277277961538 ], [ 77.707536671078728, 12.96217892058181 ], [ 77.707813678165763, 12.961901418344194 ], [ 77.707801797981972, 12.96080306109064 ], [ 77.708078803505359, 12.960525558903178 ], [ 77.707512913707319, 12.959982205512864 ], [ 77.70748916071004, 12.957785490031307 ], [ 77.707766163992446, 12.957507988711045 ], [ 77.707763194937613, 12.957233399304178 ], [ 77.709702199111305, 12.955290885449987 ], [ 77.710262137251249, 12.955285057655395 ], [ 77.710250252612894, 12.954186702080232 ], [ 77.710527249061684, 12.953909199141993 ], [ 77.710506451915421, 12.951987077039094 ], [ 77.711614424940677, 12.950877065105079 ], [ 77.711611453243478, 12.950602476437114 ], [ 77.711888444732793, 12.950324973064079 ], [ 77.711882501068828, 12.94977579582368 ], [ 77.712159491471496, 12.949498292386783 ], [ 77.712147604015286, 12.948399938058403 ], [ 77.712424592856664, 12.94812243467258 ], [ 77.713264474048728, 12.948113688509723 ], [ 77.713541461155529, 12.947836184236966 ], [ 77.714101380859233, 12.9478303514896 ], [ 77.714378366605771, 12.947552846566122 ], [ 77.714372418806107, 12.947003670347168 ], [ 77.71464940346641, 12.946726165360129 ], [ 77.714646429432051, 12.946451577298484 ], [ 77.714923413243511, 12.946174072190425 ], [ 77.714914490839732, 12.945350308139325 ], [ 77.715191473327891, 12.945072803025296 ], [ 77.715471429745079, 12.945069885641267 ], [ 77.715748411247461, 12.944792380112824 ], [ 77.715739487119833, 12.94396861654069 ], [ 77.715456557727705, 12.943696946034555 ], [ 77.715453583529808, 12.943422358093883 ], [ 77.715730563609043, 12.943144852910565 ] ] } },
{ "type": "Feature", "properties": { "type": "ghost_drain" }, "geometry": { "type": "LineString", "coordinates": [ [ 77.65303878590943, 12.972077657109043 ], [ 77.651918781576782, 12.972089080074353 ], [ 77.65163586938526, 12.971817333297121 ], [ 77.650795866151356, 12.971825896275224 ], [ 77.650230045044665, 12.971282399246403 ], [ 77.649950044311979, 12.971285252245076 ], [ 77.649672952173987, 12.971562707160089 ], [ 77.649392951000991, 12.97156555961995 ], [ 77.649110041712504, 12.971293809437412 ] ] } },
{ "type": "Feature", "properties": { "type": "ghost_drain" }, "geometry": { "type": "LineString", "coordinates": [ [ 77.649110041712504, 12.971293809437412 ], [ 77.64910713373078, 12.971019207089206 ], [ 77.648824225428626, 12.970747456405981 ], [ 77.648821317887155, 12.970472853982521 ], [ 77.64825550386837, 12.969929351182964 ], [ 77.647975504199835, 12.969932201765415 ], [ 77.647960972760956, 12.968559188551641 ], [ 77.647678068776983, 12.968287435797217 ], [ 77.647398070813352, 12.968290285404267 ], [ 77.646266461963847, 12.967203268618068 ], [ 77.645986464891706, 12.967206116473049 ], [ 77.645703564450869, 12.966934360834541 ], [ 77.645694854946044, 12.96611055121712 ], [ 77.645411956237453, 12.96583879494079 ], [ 77.645409053575932, 12.965564191653396 ], [ 77.645126155853177, 12.965292434876783 ], [ 77.645123253631553, 12.965017831514235 ], [ 77.644557460770287, 12.964474316529008 ], [ 77.643717477342037, 12.964482851914305 ], [ 77.643440382982575, 12.964760300190978 ], [ 77.642320402651649, 12.964771675545546 ], [ 77.642037508683629, 12.964499914572587 ], [ 77.641996933628164, 12.960655457052587 ], [ 77.642274026259315, 12.960378010804305 ], [ 77.641425364095156, 12.95956272329601 ], [ 77.641422467256319, 12.959288118989184 ] ] } },
{ "type": "Feature", "properties": { "type": "ghost_drain" }, "geometry": { "type": "LineString", "coordinates": [ [ 77.481108572395158, 12.974049409474365 ], [ 77.481092227662273, 12.972401577874695 ], [ 77.480243940968734, 12.97158567431762 ], [ 77.480238495441554, 12.971036396678157 ], [ 77.479958457538601, 12.971039066735882 ], [ 77.479955735175594, 12.970764427848193 ], [ 77.480233050164898, 12.97048711901331 ], [ 77.480222160363198, 12.969388563607458 ], [ 77.481054098724059, 12.96855663658684 ], [ 77.481045929834963, 12.967732720434755 ], [ 77.480763173267988, 12.967460751904779 ] ] } },
{ "type": "Feature", "properties": { "type": "ghost_drain" }, "geometry": { "type": "LineString", "coordinates": [ [ 77.646333270441176, 12.973519137416453 ], [ 77.646327459605217, 12.972969931568867 ], [ 77.646604557421966, 12.972692479233018 ], [ 77.647444566424468, 12.972683929221869 ], [ 77.647721662508062, 12.972406475988809 ], [ 77.648001665001843, 12.972403625145532 ], [ 77.648278760099032, 12.972126171491899 ], [ 77.648558762152561, 12.972123320109729 ], [ 77.649112949761118, 12.971568411779197 ], [ 77.649110041712504, 12.971293809437412 ] ] } },
{ "type": "Feature", "properties": { "type": "ghost_drain" }, "geometry": { "type": "LineString", "coordinates": [ [ 77.719697998587947, 12.973311438498117 ], [ 77.719665157556449, 12.970290988317597 ], [ 77.719942155660547, 12.970013474186244 ], [ 77.71993917028648, 12.969738887825059 ], [ 77.720216167540116, 12.969461373572496 ], [ 77.720198255311686, 12.967813855615487 ], [ 77.721306232495351, 12.966703798200646 ], [ 77.721303246413811, 12.96642921208241 ], [ 77.721580238940604, 12.966151697339594 ], [ 77.721577252690167, 12.965877111272553 ], [ 77.721854244366824, 12.965599596408735 ], [ 77.722694177529661, 12.965590808235316 ], [ 77.722673267606467, 12.963668707335511 ], [ 77.722950255883077, 12.963391191988013 ], [ 77.722929347665513, 12.961469091175635 ] ] } },
{ "type": "Feature", "properties": { "type": "ghost_drain" }, "geometry": { "type": "LineString", "coordinates": [ [ 77.699821716549252, 12.973793183212083 ], [ 77.698981739894677, 12.973801903014261 ], [ 77.69898470324307, 12.974076494072104 ], [ 77.698704710582078, 12.974079400135158 ], [ 77.698421755117565, 12.973807714712585 ], [ 77.698141762626804, 12.973810620110807 ], [ 77.69814472505567, 12.974085211359364 ], [ 77.697867694380747, 12.974362707826185 ], [ 77.697870656639338, 12.974637299125405 ], [ 77.697039560221, 12.975469787617204 ], [ 77.696759565550536, 12.975472691893479 ], [ 77.69676252685538, 12.975747283421068 ], [ 77.695931423079799, 12.976579769752206 ], [ 77.695371430673603, 12.976585576106769 ] ] } },
{ "type": "Feature", "properties": { "type": "ghost_drain" }, "geometry": { "type": "LineString", "coordinates": [ [ 77.695371430673603, 12.976585576106769 ], [ 77.695091434368422, 12.976588478833007 ], [ 77.694808478632083, 12.976316789305757 ], [ 77.69312850080351, 12.976334197163579 ], [ 77.692279641567296, 12.975519119422833 ], [ 77.691439653882185, 12.975527816015438 ], [ 77.691430787849058, 12.974704037776371 ], [ 77.6911478378358, 12.974432343026375 ], [ 77.691144883001826, 12.974157750197284 ], [ 77.690584893801443, 12.974163545187057 ], [ 77.690301945252884, 12.97389184920528 ], [ 77.689461961658623, 12.973900538343084 ], [ 77.688047231689993, 12.972542046467474 ] ] } },
{ "type": "Feature", "properties": { "type": "ghost_drain" }, "geometry": { "type": "LineString", "coordinates": [ [ 77.688047231689993, 12.972542046467474 ], [ 77.688324273802692, 12.972264558700827 ], [ 77.688321322576982, 12.971989965186541 ], [ 77.688875404486396, 12.971434989225907 ], [ 77.688866549785118, 12.970611208985748 ], [ 77.688583607534895, 12.970339509912773 ], [ 77.688574754567497, 12.969515729405277 ], [ 77.688291814053002, 12.969244029689307 ], [ 77.688282962819315, 12.968420248914512 ], [ 77.688560000979422, 12.968142761763946 ], [ 77.6885511496411, 12.967318981101847 ], [ 77.688268212120562, 12.967047280827691 ] ] } },
{ "type": "Feature", "properties": { "type": "ghost_drain" }, "geometry": { "type": "LineString", "coordinates": [ [ 77.602668971322998, 12.97560766642709 ], [ 77.603223286520873, 12.975052835211679 ], [ 77.603220428018773, 12.974778222793697 ], [ 77.603497584456917, 12.974500806964183 ], [ 77.604337628685954, 12.974492394944397 ], [ 77.604891937488347, 12.973937561295775 ], [ 77.605451965156035, 12.973931950821509 ], [ 77.605449104464086, 12.973657338868769 ], [ 77.606003408842554, 12.97310250363528 ], [ 77.606283421526328, 12.973099697529838 ], [ 77.606280560112026, 12.972825085742064 ], [ 77.605997686692902, 12.97255327993053 ], [ 77.605994825716778, 12.972278668068547 ], [ 77.606271976263997, 12.972001250340316 ], [ 77.606269115112937, 12.971726638526926 ], [ 77.606546264806312, 12.971449220669426 ], [ 77.606537681025841, 12.970625385355833 ], [ 77.607091977129244, 12.970070549418192 ], [ 77.607089115519344, 12.969795937744207 ], [ 77.607643408689427, 12.969241101179877 ], [ 77.608203424618466, 12.96923548678031 ], [ 77.608206287322631, 12.969510098221363 ], [ 77.608486295494856, 12.969507290509227 ], [ 77.609052039086549, 12.970050896677273 ], [ 77.60989206465166, 12.970042469564694 ], [ 77.610174938088804, 12.970314270917473 ], [ 77.61045208136558, 12.970036849986542 ], [ 77.610446350855852, 12.969487628107235 ], [ 77.612109194757792, 12.967823099319213 ], [ 77.612949210792181, 12.967814663763393 ], [ 77.614889159638551, 12.965872700125544 ], [ 77.614886290437241, 12.965598090077842 ], [ 77.615163423295172, 12.965320666021194 ], [ 77.615149077077234, 12.963947615962626 ], [ 77.615426208120823, 12.963670191998327 ], [ 77.615423338835015, 12.963395582022606 ], [ 77.615700469025668, 12.963118157929895 ], [ 77.615688991581649, 12.962019718183816 ], [ 77.616243248203133, 12.961464869889369 ], [ 77.616240378526754, 12.961190260047287 ], [ 77.616517505678459, 12.96091283567997 ], [ 77.616514635827926, 12.960638225886719 ], [ 77.616791762126951, 12.960360801391124 ], [ 77.616788892102292, 12.960086191646711 ], [ 77.616506026672681, 12.959814396468538 ], [ 77.616497418111919, 12.95899056699273 ], [ 77.616774542969949, 12.958713142828577 ], [ 77.61677167334166, 12.95843853304574 ], [ 77.61648881014564, 12.958166737459289 ], [ 77.616483071831709, 12.957617517738313 ], [ 77.616760195489093, 12.957340093850359 ], [ 77.616751587793289, 12.956516264386599 ], [ 77.617305831830606, 12.955961416391949 ], [ 77.61730009273677, 12.955412196938434 ], [ 77.617577213356952, 12.955134772776578 ], [ 77.617559996221047, 12.953487114593935 ], [ 77.617837114788998, 12.953209690580342 ], [ 77.617831375792349, 12.95266047124545 ], [ 77.61754851945193, 12.952388675677481 ], [ 77.61751122725336, 12.948818748491783 ] ] } },
{ "type": "Feature", "properties": { "type": "ghost_drain" }, "geometry": { "type": "LineString", "coordinates": [ [ 77.588682290468498, 12.977120513229853 ], [ 77.588116563448651, 12.976576857600961 ], [ 77.588113721178175, 12.976302241912638 ], [ 77.587830858960345, 12.97603041338709 ], [ 77.587828017127251, 12.975755797624997 ], [ 77.587545155894773, 12.975483968602958 ], [ 77.587542314499032, 12.975209352767108 ], [ 77.588096668927832, 12.974654547648369 ], [ 77.588936723974044, 12.974646185250968 ], [ 77.589768247669738, 12.973813974026243 ], [ 77.58973128783488, 12.970243973505109 ], [ 77.589448432352938, 12.969972145667239 ], [ 77.589445590118359, 12.969697530130354 ], [ 77.588879881737327, 12.969153873032697 ], [ 77.588859993131933, 12.967231563151918 ], [ 77.589414329853298, 12.966676758802555 ], [ 77.5894114884033, 12.966402143188933 ], [ 77.589965822191147, 12.965847338209036 ], [ 77.589962980324472, 12.965572722698257 ], [ 77.590240146058164, 12.965295319985584 ], [ 77.590522995941811, 12.965567147884684 ], [ 77.591083011297499, 12.965561571868989 ], [ 77.591060268914333, 12.963364649505561 ] ] } },
{ "type": "Feature", "properties": { "type": "ghost_drain" }, "geometry": { "type": "LineString", "coordinates": [ [ 77.732330342850489, 12.976199776864386 ], [ 77.732896319480318, 12.976743057629092 ], [ 77.733176307147119, 12.976740114183217 ], [ 77.734007262685495, 12.975907533059123 ], [ 77.734847221891755, 12.975898698791289 ], [ 77.736232129894944, 12.974511056475791 ] ] } },
{ "type": "Feature", "properties": { "type": "ghost_drain" }, "geometry": { "type": "LineString", "coordinates": [ [ 77.736232129894944, 12.974511056475791 ], [ 77.736786088805331, 12.973955998302319 ], [ 77.736777074634375, 12.973132251058903 ], [ 77.737054052458092, 12.97285472187899 ], [ 77.737048042881597, 12.972305557133712 ], [ 77.738155946149334, 12.971195439097576 ], [ 77.739275866634799, 12.97118364582118 ], [ 77.740106783144739, 12.970351052593204 ], [ 77.740100768071954, 12.96980188915075 ], [ 77.740377738542065, 12.969524357835137 ], [ 77.740374730872247, 12.969249776162291 ] ] } },
{ "type": "Feature", "properties": { "type": "ghost_drain" }, "geometry": { "type": "LineString", "coordinates": [ [ 77.740374730872247, 12.969249776162291 ], [ 77.74092866950005, 12.968694713113727 ], [ 77.74091663761557, 12.967596386822395 ], [ 77.741193605061994, 12.967318855263809 ] ] } },
{ "type": "Feature", "properties": { "type": "ghost_drain" }, "geometry": { "type": "LineString", "coordinates": [ [ 77.506367063854555, 12.979300397904899 ], [ 77.506084269457077, 12.979028464535089 ], [ 77.50608151667916, 12.978753831301049 ], [ 77.505798723265443, 12.978481897440441 ], [ 77.5057959709209, 12.978207264134623 ], [ 77.505513178490901, 12.977935329783248 ], [ 77.50495309800354, 12.977940726802139 ], [ 77.504670306674186, 12.977668791305565 ], [ 77.504393017263126, 12.977946122617402 ], [ 77.504112976798041, 12.977948820073676 ], [ 77.503830186199338, 12.977676883497365 ] ] } },
{ "type": "Feature", "properties": { "type": "ghost_drain" }, "geometry": { "type": "LineString", "coordinates": [ [ 77.503830186199338, 12.977676883497365 ], [ 77.503827436192196, 12.977402249759326 ], [ 77.504104725856223, 12.977124919036559 ], [ 77.503821936367601, 12.976852982264171 ], [ 77.503819186550146, 12.976578348507052 ], [ 77.503536398045043, 12.976306411244076 ], [ 77.503525400887497, 12.975207875890604 ], [ 77.502111474963243, 12.973848181891389 ], [ 77.502108727681488, 12.973573547710469 ], [ 77.501825944706752, 12.973301607570001 ], [ 77.501823197858059, 12.973026973317413 ], [ 77.500974853723477, 12.972211150149892 ], [ 77.500694818941298, 12.972213842757805 ], [ 77.500129259738515, 12.97166995780179 ], [ 77.499849225380188, 12.97167264938958 ], [ 77.499000891906149, 12.970856817689672 ], [ 77.498720858215265, 12.970859507897782 ], [ 77.497589756476017, 12.96977172491159 ], [ 77.497309723696148, 12.969774413380604 ], [ 77.496178632742115, 12.968686622159995 ], [ 77.496167674546669, 12.967588079968852 ], [ 77.495884904819377, 12.96731613084131 ], [ 77.495879426838954, 12.966766859577302 ], [ 77.495596658463825, 12.966494909894818 ], [ 77.49558570473738, 12.965396367029957 ], [ 77.494171879446498, 12.96403661094636 ] ] } },
{ "type": "Feature", "properties": { "type": "ghost_drain" }, "geometry": { "type": "LineString", "coordinates": [ [ 77.494171879446498, 12.96403661094636 ], [ 77.493323591626918, 12.963220752202458 ] ] } },
{ "type": "Feature", "properties": { "type": "ghost_drain" }, "geometry": { "type": "LineString", "coordinates": [ [ 77.745781711415461, 12.977156508472204 ], [ 77.745498711123133, 12.976884885248293 ], [ 77.74521872619286, 12.976887841987685 ], [ 77.744935726750825, 12.976616217961979 ], [ 77.74493271237769, 12.976341637491062 ], [ 77.744083718857311, 12.975526762581989 ], [ 77.74407769257374, 12.974977601193997 ], [ 77.743794696711177, 12.974705975209305 ], [ 77.74378565893268, 12.973882232865451 ], [ 77.743502664810308, 12.973610606231112 ], [ 77.743496640722441, 12.973061444493988 ], [ 77.743213647964382, 12.972789817281164 ], [ 77.743204613479136, 12.971966074413665 ], [ 77.742638632055602, 12.971422818252732 ], [ 77.742358652561904, 12.971425770693481 ], [ 77.742075663006489, 12.971154141593567 ], [ 77.741795683680735, 12.971157093368678 ], [ 77.741512694975285, 12.970885463467493 ], [ 77.740952736590458, 12.970891365385958 ], [ 77.740940702491685, 12.969793039301587 ], [ 77.740374730872247, 12.969249776162291 ] ] } },
{ "type": "Feature", "properties": { "type": "ghost_drain" }, "geometry": { "type": "LineString", "coordinates": [ [ 77.578066927613619, 12.979697806825818 ], [ 77.577784069626205, 12.979425966086492 ], [ 77.577778406543331, 12.978876730328031 ], [ 77.577212693896499, 12.978333047294685 ], [ 77.576372618671869, 12.978341374164355 ], [ 77.576089763993693, 12.978069530919981 ], [ 77.576084105242515, 12.977520294369002 ], [ 77.575801251921362, 12.977248450561829 ], [ 77.575241203639905, 12.977253998615163 ], [ 77.574958351415532, 12.976982153656397 ], [ 77.574118279230717, 12.976990472395757 ], [ 77.570514664757852, 12.980596542035045 ], [ 77.570520312667909, 12.981145780870577 ], [ 77.570243106775948, 12.981423169648517 ], [ 77.569963076766655, 12.981425938717347 ], [ 77.569965900270333, 12.981700558240247 ], [ 77.569688693151036, 12.981977946645756 ], [ 77.568848600698132, 12.981986251507083 ], [ 77.56773976162323, 12.983095800381244 ], [ 77.567745404564278, 12.983645040312371 ], [ 77.56802825942215, 12.983916893062441 ], [ 77.568036725435363, 12.984740752710495 ], [ 77.567482300054351, 12.985295527159735 ], [ 77.566922230080877, 12.985301060671461 ], [ 77.566645015726067, 12.985578447135357 ] ] } },
{ "type": "Feature", "properties": { "type": "ghost_drain" }, "geometry": { "type": "LineString", "coordinates": [ [ 77.566645015726067, 12.985578447135357 ], [ 77.566364980270322, 12.985581213199126 ], [ 77.565799269612427, 12.985037503735242 ], [ 77.565239199475002, 12.985043033513753 ], [ 77.564956345551096, 12.984771177416389 ], [ 77.564396275638799, 12.984776705267915 ], [ 77.564113422813023, 12.984504848019405 ], [ 77.563553353125968, 12.984510373944019 ], [ 77.563550536032068, 12.984235753094062 ], [ 77.563267684676077, 12.983963894627706 ], [ 77.563264868018564, 12.98368927370457 ], [ 77.562982017647997, 12.983417414743258 ], [ 77.562979201426842, 12.983142793746953 ], [ 77.562696352041655, 12.982870934290712 ], [ 77.561576218479445, 12.982881977466839 ] ] } },
{ "type": "Feature", "properties": { "type": "ghost_drain" }, "geometry": { "type": "LineString", "coordinates": [ [ 77.561576218479445, 12.982881977466839 ], [ 77.561564960638165, 12.981783492184729 ], [ 77.560999268618616, 12.981239768563398 ], [ 77.56071923677807, 12.981242527641017 ], [ 77.560716423529357, 12.980967906110713 ], [ 77.560433579053722, 12.980696043230047 ], [ 77.559873516276582, 12.980701559639334 ], [ 77.559590672898921, 12.98042969560823 ], [ 77.559310641655543, 12.980432453000263 ], [ 77.559027799133688, 12.980160588180025 ], [ 77.559016554924511, 12.97906210047074 ], [ 77.557896435182172, 12.97907312462042 ], [ 77.557613595728228, 12.978801257660956 ], [ 77.557333565873307, 12.978804012585019 ], [ 77.557050727275083, 12.978532144836644 ], [ 77.556210638049464, 12.978540406720212 ], [ 77.555362128115746, 12.977724797658807 ] ] } },
{ "type": "Feature", "properties": { "type": "ghost_drain" }, "geometry": { "type": "LineString", "coordinates": [ [ 77.555362128115746, 12.977724797658807 ], [ 77.555079292698181, 12.977452927116335 ], [ 77.555068068250506, 12.976354435777802 ], [ 77.554219570133355, 12.975538820785781 ], [ 77.554205546593494, 12.974165705470417 ] ] } },
{ "type": "Feature", "properties": { "type": "ghost_drain" }, "geometry": { "type": "LineString", "coordinates": [ [ 77.684478059636874, 12.979169907995624 ], [ 77.684475111007288, 12.978895313756437 ], [ 77.685306266579417, 12.978062855250704 ], [ 77.685586266795198, 12.978059962732722 ], [ 77.685556773997234, 12.975314022323229 ] ] } },
{ "type": "Feature", "properties": { "type": "ghost_drain" }, "geometry": { "type": "LineString", "coordinates": [ [ 77.685556773997234, 12.975314022323229 ], [ 77.685833821865899, 12.975036536124087 ], [ 77.685830872720331, 12.974761942104523 ], [ 77.687770188964308, 12.972819534053716 ] ] } },
{ "type": "Feature", "properties": { "type": "ghost_drain" }, "geometry": { "type": "LineString", "coordinates": [ [ 77.687770188964308, 12.972819534053716 ], [ 77.688047231689993, 12.972542046467474 ] ] } },
{ "type": "Feature", "properties": { "type": "ghost_drain" }, "geometry": { "type": "LineString", "coordinates": [ [ 77.655640445457152, 12.979740760210079 ], [ 77.655637528347654, 12.979466159498324 ], [ 77.656191710217314, 12.978911236229367 ], [ 77.658431771083841, 12.978888336893208 ], [ 77.658708858108412, 12.978610873080196 ], [ 77.658705937893814, 12.978336273031315 ], [ 77.659265951078339, 12.978330544838402 ], [ 77.65954887870447, 12.978602280151728 ], [ 77.663188960967233, 12.978565012847502 ], [ 77.663466041396759, 12.978287545043248 ], [ 77.664031904445963, 12.978831004332934 ], [ 77.664311910408202, 12.978828134546712 ], [ 77.664588989581404, 12.978550665734071 ], [ 77.66486899510241, 12.978547795409064 ], [ 77.665151927891216, 12.978819523383361 ], [ 77.665154855293594, 12.979094121976997 ], [ 77.665720723459188, 12.979637576488745 ], [ 77.666560742692695, 12.979628960248423 ], [ 77.666843678413642, 12.979900685764207 ], [ 77.667683697759159, 12.979892065725817 ], [ 77.668237848430991, 12.979337121756579 ], [ 77.668797859494958, 12.979331372608572 ], [ 77.669363734631176, 12.979874817527396 ], [ 77.671323774581481, 12.979854680942855 ], [ 77.671606714744456, 12.980126400206752 ] ] } },
{ "type": "Feature", "properties": { "type": "ghost_drain" }, "geometry": { "type": "LineString", "coordinates": [ [ 77.671606714744456, 12.980126400206752 ], [ 77.673846758268112, 12.980103366009342 ], [ 77.675232090389272, 12.978715978279219 ], [ 77.676632106041794, 12.97870156618584 ], [ 77.676915049251804, 12.978973278815626 ], [ 77.678035061513469, 12.978961742271789 ], [ 77.678866242916214, 12.978129300159063 ], [ 77.679426246395622, 12.978123528656614 ], [ 77.679703304888079, 12.977846047115152 ], [ 77.680263307348255, 12.977840273934483 ], [ 77.681094476900356, 12.97700782679912 ], [ 77.681374476906015, 12.977004939044949 ], [ 77.681940367573219, 12.977548352334404 ], [ 77.683340368974584, 12.977533905413612 ], [ 77.683617421748565, 12.977256420659712 ], [ 77.683897421451235, 12.977253530135854 ], [ 77.684451524410818, 12.976698559610934 ], [ 77.684731523296946, 12.976695668311395 ], [ 77.684725626712492, 12.976146479837066 ], [ 77.685556773997234, 12.975314022323229 ] ] } },
{ "type": "Feature", "properties": { "type": "ghost_drain" }, "geometry": { "type": "LineString", "coordinates": [ [ 77.555393004754691, 12.980745647580644 ], [ 77.555390197464845, 12.980471024892397 ], [ 77.555107358334183, 12.98019915501582 ], [ 77.555384583078734, 12.979921779496754 ], [ 77.555381775982497, 12.979647156789353 ], [ 77.555098937965838, 12.979375286713008 ], [ 77.555087711711451, 12.978276795553212 ], [ 77.555364934760249, 12.977999420410896 ], [ 77.555362128115746, 12.977724797658807 ] ] } },
{ "type": "Feature", "properties": { "type": "ghost_drain" }, "geometry": { "type": "LineString", "coordinates": [ [ 77.53999112056961, 12.980896612310179 ], [ 77.539988330155381, 12.980621986320379 ], [ 77.539705504361351, 12.980350096591483 ], [ 77.539694344829769, 12.979251592303626 ], [ 77.539971589017142, 12.978974230247658 ], [ 77.539963219313989, 12.978150352125207 ], [ 77.54080331789774, 12.978142142954335 ], [ 77.541080559630856, 12.977864780148156 ], [ 77.541360591992841, 12.977862042915103 ], [ 77.541637832741486, 12.977584679680428 ], [ 77.542203480920605, 12.978128454985324 ], [ 77.542483513332584, 12.978125716488892 ], [ 77.543315230014116, 12.977293623170361 ], [ 77.545275447308825, 12.977274440211348 ], [ 77.545558273873354, 12.977546323453311 ], [ 77.546112743142416, 12.976991589675887 ] ] } },
{ "type": "Feature", "properties": { "type": "ghost_drain" }, "geometry": { "type": "LineString", "coordinates": [ [ 77.546112743142416, 12.976991589675887 ], [ 77.546107150677969, 12.976442340147742 ], [ 77.546384383907423, 12.976164973085387 ], [ 77.546364810610442, 12.974242599911253 ], [ 77.546642041529822, 12.973965233037031 ], [ 77.546636449253285, 12.973415983608547 ], [ 77.546913679074677, 12.973138616654433 ], [ 77.546908086570738, 12.972589367307693 ], [ 77.547462543404535, 12.972034633052694 ], [ 77.5474485608474, 12.970661510110617 ], [ 77.548834686145199, 12.96927467254139 ], [ 77.548551867801592, 12.969002791636962 ], [ 77.548549070642991, 12.968728167231284 ], [ 77.54882629374984, 12.96845079950452 ], [ 77.548823496413434, 12.968176175146143 ] ] } },
{ "type": "Feature", "properties": { "type": "ghost_drain" }, "geometry": { "type": "LineString", "coordinates": [ [ 77.464661839565665, 12.981896493354567 ], [ 77.463813558460359, 12.981080532814975 ], [ 77.463533505829957, 12.981083187217026 ], [ 77.463250746933923, 12.980811199164455 ], [ 77.463248040792706, 12.980536557004504 ], [ 77.462967988651698, 12.980539210688436 ], [ 77.462119717487838, 12.979723242719929 ] ] } },
{ "type": "Feature", "properties": { "type": "ghost_drain" }, "geometry": { "type": "LineString", "coordinates": [ [ 77.462119717487838, 12.979723242719929 ], [ 77.461836961660779, 12.979451252550344 ], [ 77.461834257364998, 12.979176610068544 ], [ 77.461551502520749, 12.978904619411265 ], [ 77.461543391113594, 12.978080691734769 ], [ 77.461263341361317, 12.978083343090661 ], [ 77.460697836217406, 12.977539359402275 ], [ 77.460668110669971, 12.974518288713599 ] ] } },
{ "type": "Feature", "properties": { "type": "ghost_drain" }, "geometry": { "type": "LineString", "coordinates": [ [ 77.460668110669971, 12.974518288713599 ], [ 77.461222797320147, 12.973963702982138 ], [ 77.461220094881341, 12.973689060257517 ], [ 77.461774778588492, 12.973134473864583 ], [ 77.462057525929055, 12.973406465514293 ], [ 77.462337570279473, 12.973403814241866 ], [ 77.462334866738104, 12.973129171736595 ], [ 77.462889546515953, 12.972574583607845 ] ] } },
{ "type": "Feature", "properties": { "type": "ghost_drain" }, "geometry": { "type": "LineString", "coordinates": [ [ 77.462889546515953, 12.972574583607845 ], [ 77.462606799548524, 12.972302592841579 ], [ 77.46204671336352, 12.972307895223102 ], [ 77.461763967498484, 12.972035903315991 ], [ 77.461747752728556, 12.970388047302935 ], [ 77.460899525452362, 12.96957206788473 ], [ 77.460896824314659, 12.969297425000706 ], [ 77.461174162931528, 12.969020132969098 ], [ 77.46116876035363, 12.968470847285333 ] ] } },
{ "type": "Feature", "properties": { "type": "ghost_drain" }, "geometry": { "type": "LineString", "coordinates": [ [ 77.47446638678278, 12.982078001728645 ], [ 77.474183616871542, 12.981806027942866 ], [ 77.47390356562758, 12.981808693657255 ], [ 77.47362079657465, 12.981536719088181 ], [ 77.473618078890595, 12.981262079099398 ], [ 77.472204244680029, 12.979902199572177 ], [ 77.472201528905217, 12.979627559253954 ], [ 77.471921479679253, 12.979630222395143 ], [ 77.471355951518916, 12.979086266769643 ], [ 77.470235755946419, 12.979096913451071 ], [ 77.469670232196634, 12.978552953257088 ], [ 77.469390183636463, 12.978555613456724 ], [ 77.469107422926598, 12.978283632365059 ], [ 77.468827374548553, 12.978286291904611 ], [ 77.468261855458834, 12.97774232773212 ], [ 77.467981807507414, 12.977744986252517 ], [ 77.467979096834469, 12.977470345010463 ], [ 77.467413581426655, 12.976926378296437 ], [ 77.467410871554307, 12.976651736919056 ], [ 77.46768820828629, 12.976374437907527 ], [ 77.466839941257817, 12.975558485350222 ], [ 77.466831814603026, 12.974734560755104 ], [ 77.465418054028447, 12.973374630390156 ], [ 77.464577922843674, 12.973382593232438 ], [ 77.463729676060495, 12.97256662670295 ], [ 77.462889546515953, 12.972574583607845 ] ] } },
{ "type": "Feature", "properties": { "type": "ghost_drain" }, "geometry": { "type": "LineString", "coordinates": [ [ 77.700735842733252, 12.980649225674883 ], [ 77.700455843122967, 12.980652135068581 ], [ 77.700172877233825, 12.98038045351286 ], [ 77.699895843697874, 12.98065795295361 ], [ 77.699335844000075, 12.980663769635484 ], [ 77.699052879064936, 12.980392086622214 ], [ 77.698772879352319, 12.980394994147593 ], [ 77.698761021324557, 12.979296630216663 ], [ 77.699315088396816, 12.978741633623946 ], [ 77.698749164387124, 12.978198266182501 ], [ 77.698469167059514, 12.978201172898506 ], [ 77.697903245979717, 12.977657802991132 ], [ 77.697900282971801, 12.977383211762861 ], [ 77.697617323726448, 12.977111526087736 ], [ 77.696777334401048, 12.977120240962282 ], [ 77.696500299229868, 12.97739773687147 ], [ 77.696220302277197, 12.97740064099105 ], [ 77.69593734446282, 12.97712895313046 ], [ 77.695657347680594, 12.977131856585105 ], [ 77.695374390717916, 12.976860167926127 ], [ 77.695371430673603, 12.976585576106769 ] ] } },
{ "type": "Feature", "properties": { "type": "ghost_drain" }, "geometry": { "type": "LineString", "coordinates": [ [ 77.733498327265536, 12.980581333388409 ], [ 77.734338302521721, 12.980572497639921 ], [ 77.734615290137626, 12.980294969020608 ], [ 77.735455263645335, 12.980286129856365 ], [ 77.736286219432245, 12.979453540801572 ], [ 77.736283213870706, 12.979178958394016 ], [ 77.736843192996375, 12.97917306282538 ], [ 77.737397158477037, 12.978618001735125 ] ] } },
{ "type": "Feature", "properties": { "type": "ghost_drain" }, "geometry": { "type": "LineString", "coordinates": [ [ 77.737397158477037, 12.978618001735125 ], [ 77.737674140297599, 12.978340470922682 ], [ 77.737391145384919, 12.978068837390495 ], [ 77.737111157221207, 12.978071785668684 ], [ 77.736828163159146, 12.977800151335208 ], [ 77.736825157398997, 12.977525569017763 ], [ 77.736542164325741, 12.977253934177254 ], [ 77.736539159010363, 12.976979351782404 ], [ 77.736256166925827, 12.976707716434891 ], [ 77.736232129894944, 12.974511056475791 ] ] } },
{ "type": "Feature", "properties": { "type": "ghost_drain" }, "geometry": { "type": "LineString", "coordinates": [ [ 77.49380074841865, 12.982991858652145 ], [ 77.493235172553838, 12.982447960794449 ], [ 77.49323243313448, 12.982173324927349 ], [ 77.492949646492747, 12.981901375296069 ], [ 77.49294416858271, 12.981352103412588 ], [ 77.492661383294518, 12.981080153226266 ], [ 77.492658644803797, 12.980805517209893 ], [ 77.492375860499237, 12.980533566533666 ], [ 77.492362170839044, 12.979160386031017 ], [ 77.492916782810283, 12.97860574361378 ], [ 77.492911306411344, 12.978056471577743 ], [ 77.493188610988767, 12.977779150189178 ], [ 77.493185872639884, 12.977504514214015 ], [ 77.493463176359867, 12.977227192688062 ], [ 77.493460437830137, 12.976952556758944 ], [ 77.493737740692723, 12.976675235095646 ], [ 77.493729524749966, 12.97585132742735 ], [ 77.493446746126054, 12.975579377017997 ], [ 77.493724047769717, 12.97530205561671 ], [ 77.493693928881058, 12.972281060203857 ], [ 77.49424852496621, 12.971726417985263 ], [ 77.494245786775949, 12.971451782105339 ], [ 77.494523083654911, 12.971174460764082 ], [ 77.494517606976018, 12.97062518909002 ], [ 77.494234834644686, 12.970353238522115 ], [ 77.494218408337389, 12.968705422956706 ], [ 77.493935638836703, 12.968433471573467 ], [ 77.493930164643885, 12.967884199537281 ], [ 77.494207458725526, 12.967606879119394 ], [ 77.494171879446498, 12.96403661094636 ] ] } },
{ "type": "Feature", "properties": { "type": "ghost_drain" }, "geometry": { "type": "LineString", "coordinates": [ [ 77.643900342765036, 12.981782871646628 ], [ 77.643623233298584, 12.98206032344242 ], [ 77.64306320464128, 12.982066019566888 ], [ 77.642786093814223, 12.98234347070273 ], [ 77.642506079011923, 12.982346318075033 ], [ 77.641951854770113, 12.982901219321064 ], [ 77.641391823471309, 12.982906912208419 ], [ 77.640837595281099, 12.983461811768404 ], [ 77.640840497068837, 12.983736415696875 ], [ 77.640563381813166, 12.984013865258307 ], [ 77.639443312706035, 12.984025244806583 ], [ 77.639160395249093, 12.983753484646103 ], [ 77.635520166410544, 12.983790430205525 ] ] } },
{ "type": "Feature", "properties": { "type": "ghost_drain" }, "geometry": { "type": "LineString", "coordinates": [ [ 77.635520166410544, 12.983790430205525 ], [ 77.634388515210475, 12.982703366369032 ], [ 77.634108498102492, 12.982706204776713 ], [ 77.634102709852982, 12.982156993879308 ], [ 77.634656953564715, 12.981602106336476 ], [ 77.634648270247908, 12.980778290276062 ], [ 77.634365361354739, 12.980506523121775 ], [ 77.634356679756507, 12.979682706798098 ], [ 77.634633799383877, 12.979405263380263 ], [ 77.634628011503992, 12.978856052576996 ], [ 77.634345105223545, 12.978584284943294 ], [ 77.634342211756604, 12.978309679463537 ], [ 77.634619330183128, 12.978032236323941 ], [ 77.634616436542558, 12.977757630893413 ], [ 77.634893554115578, 12.977480187626396 ], [ 77.634610649461024, 12.977208420013097 ], [ 77.634330638554104, 12.977211257480324 ], [ 77.634047734752983, 12.976939489072867 ], [ 77.633770616540701, 12.977216931512467 ], [ 77.633210594261271, 12.977222604341531 ], [ 77.632656354504121, 12.977777487716482 ], [ 77.632373451397683, 12.977505717269064 ], [ 77.63237056034346, 12.977231111329347 ], [ 77.632087658223483, 12.976959340382262 ], [ 77.631807647024772, 12.976962175080546 ], [ 77.631798976300203, 12.976138356831564 ] ] } },
{ "type": "Feature", "properties": { "type": "ghost_drain" }, "geometry": { "type": "LineString", "coordinates": [ [ 77.631798976300203, 12.976138356831564 ], [ 77.632076096163743, 12.975860916285475 ], [ 77.632073205814976, 12.975586310245236 ], [ 77.632627443222034, 12.975031428714866 ], [ 77.63261588057054, 12.973933004934498 ], [ 77.632892997393853, 12.973655564117099 ], [ 77.63288721598677, 12.973106352299625 ], [ 77.632604318982644, 12.972834581051449 ], [ 77.63315855009553, 12.97227969967849 ], [ 77.633438555749805, 12.972276864531041 ], [ 77.633426992079052, 12.971178441238356 ], [ 77.633981218073572, 12.970623559101236 ], [ 77.633972544578754, 12.969799741898122 ], [ 77.634249655936657, 12.969522300722089 ], [ 77.634235200242358, 12.968149272200108 ] ] } },
{ "type": "Feature", "properties": { "type": "ghost_drain" }, "geometry": { "type": "LineString", "coordinates": [ [ 77.547294424982468, 12.983022355840911 ], [ 77.547288827233629, 12.982473107073547 ], [ 77.547005992533983, 12.982201227191801 ], [ 77.54699479929306, 12.981102729314905 ], [ 77.547272035531108, 12.980825360618294 ], [ 77.547258044214814, 12.979452238396762 ], [ 77.546692383594674, 12.97890847674525 ] ] } },
{ "type": "Feature", "properties": { "type": "ghost_drain" }, "geometry": { "type": "LineString", "coordinates": [ [ 77.546692383594674, 12.97890847674525 ], [ 77.546409554204971, 12.978636595278562 ], [ 77.546129522078999, 12.978639338107222 ], [ 77.546112743142416, 12.976991589675887 ] ] } },
{ "type": "Feature", "properties": { "type": "ghost_drain" }, "geometry": { "type": "LineString", "coordinates": [ [ 77.501087480822534, 12.983471157323537 ], [ 77.502196672039972, 12.982361838345835 ], [ 77.50218017754365, 12.980714034347788 ], [ 77.503012060125286, 12.979882044072081 ], [ 77.503009310532804, 12.979607410207967 ], [ 77.503286603255617, 12.979330079789939 ], [ 77.503283853482728, 12.979055445972081 ], [ 77.503561145348286, 12.978778115417352 ], [ 77.503558395395004, 12.978503481645763 ], [ 77.503835686403335, 12.978226150954361 ], [ 77.503830186199338, 12.977676883497365 ] ] } },
{ "type": "Feature", "properties": { "type": "ghost_drain" }, "geometry": { "type": "LineString", "coordinates": [ [ 77.57026569907741, 12.98362012516831 ], [ 77.570276996786077, 12.984718602774771 ], [ 77.569999787376901, 12.984995992016463 ], [ 77.57000826061396, 12.985819850316666 ], [ 77.569731049864885, 12.986097239534523 ] ] } },
{ "type": "Feature", "properties": { "type": "ghost_drain" }, "geometry": { "type": "LineString", "coordinates": [ [ 77.569731049864885, 12.986097239534523 ], [ 77.568890943601687, 12.986105547119996 ] ] } },
{ "type": "Feature", "properties": { "type": "ghost_drain" }, "geometry": { "type": "LineString", "coordinates": [ [ 77.568890943601687, 12.986105547119996 ], [ 77.568885297037767, 12.98555630778805 ], [ 77.566645015726067, 12.985578447135357 ] ] } },
{ "type": "Feature", "properties": { "type": "ghost_drain" }, "geometry": { "type": "LineString", "coordinates": [ [ 77.713356620791714, 12.982440105028676 ], [ 77.714205562906869, 12.983255095300226 ], [ 77.714485562234188, 12.983252170528875 ], [ 77.714488544838829, 12.983526757853745 ], [ 77.715054510543197, 12.98407008165516 ], [ 77.715894510463116, 12.984061303155324 ], [ 77.716177494950088, 12.984332963308679 ], [ 77.716737495030145, 12.984327108741477 ], [ 77.717020480606934, 12.984598767729814 ], [ 77.717860480926902, 12.984589982527929 ] ] } },
{ "type": "Feature", "properties": { "type": "ghost_drain" }, "geometry": { "type": "LineString", "coordinates": [ [ 77.717860480926902, 12.984589982527929 ], [ 77.718426455349942, 12.985133297009162 ], [ 77.718441392933443, 12.986506228863091 ], [ 77.718721394913061, 12.986503298810694 ], [ 77.719004385160289, 12.986774954680678 ], [ 77.719284387309401, 12.9867720239624 ], [ 77.719567378408414, 12.987043679031917 ], [ 77.720127382976898, 12.987037815962628 ], [ 77.720410375165827, 12.987309469866613 ], [ 77.720690377585171, 12.987306537515572 ], [ 77.721244400430024, 12.986751500508801 ], [ 77.721527393195871, 12.987023153023271 ], [ 77.721536367107149, 12.987846909904697 ], [ 77.723234343350043, 12.989476814572093 ] ] } },
{ "type": "Feature", "properties": { "type": "ghost_drain" }, "geometry": { "type": "LineString", "coordinates": [ [ 77.723234343350043, 12.989476814572093 ], [ 77.723800340340972, 12.990020112642064 ], [ 77.723806329302249, 12.990569282734267 ], [ 77.723529318233574, 12.990846804266029 ], [ 77.723532312579266, 12.991121389360124 ], [ 77.723255300658607, 12.991398910770421 ], [ 77.723282250721411, 12.993870176845329 ], [ 77.72356525492151, 12.994141824968148 ], [ 77.723574240641128, 12.994965579998095 ], [ 77.724140253138231, 12.995508874512199 ], [ 77.724143249267328, 12.995783459367955 ] ] } },
{ "type": "Feature", "properties": { "type": "ghost_drain" }, "geometry": { "type": "LineString", "coordinates": [ [ 77.724143249267328, 12.995783459367955 ], [ 77.724152238067433, 12.996607213896393 ], [ 77.724435246740512, 12.996878860216922 ], [ 77.724715258940492, 12.996875921406433 ], [ 77.724998268465967, 12.997147566925619 ], [ 77.725001265929137, 12.997422151549978 ], [ 77.725284276444683, 12.997693796562466 ], [ 77.725290272329318, 12.998242965650418 ], [ 77.726690339285497, 12.99822826246362 ], [ 77.726973352358357, 12.998499905071624 ] ] } },
{ "type": "Feature", "properties": { "type": "ghost_drain" }, "geometry": { "type": "LineString", "coordinates": [ [ 77.726973352358357, 12.998499905071624 ], [ 77.730086536701378, 13.001487944969154 ] ] } },
{ "type": "Feature", "properties": { "type": "ghost_drain" }, "geometry": { "type": "LineString", "coordinates": [ [ 77.730086536701378, 13.001487944969154 ], [ 77.73036955714575, 13.001759582341998 ], [ 77.730649573427357, 13.001756636049468 ], [ 77.730652578204513, 13.002031219278454 ], [ 77.731784668583657, 13.003117762659944 ], [ 77.731787674934594, 13.003392345599158 ], [ 77.732070699441707, 13.003663980282511 ], [ 77.732073706237884, 13.003938563144402 ], [ 77.73235673173572, 13.004210197320386 ], [ 77.732359738977181, 13.004484780104951 ], [ 77.732925792568935, 13.00502804700554 ], [ 77.733205811916292, 13.00502509722898 ], [ 77.733488839872223, 13.00529672965866 ], [ 77.733768859388746, 13.005293779215018 ], [ 77.734045869544076, 13.005016246091261 ], [ 77.735725982934824, 13.004998535679654 ], [ 77.736002990217514, 13.004721000955501 ], [ 77.736563026708936, 13.004715094600513 ], [ 77.736846057146707, 13.004986722711832 ], [ 77.736858107020993, 13.006085049610219 ], [ 77.739688460259472, 13.008801303857688 ], [ 77.740528526024292, 13.008792429216491 ], [ 77.741082533842643, 13.008237349911218 ], [ 77.741362554872623, 13.008234390620951 ], [ 77.741645594252802, 13.008506011588699 ], [ 77.7416486127415, 13.00878059214163 ], [ 77.741931653113014, 13.009052212601212 ], [ 77.742211674857288, 13.009049252212918 ], [ 77.742488677052265, 13.008771711170553 ], [ 77.743608761830004, 13.008759865655879 ], [ 77.744174846520806, 13.009303101013248 ], [ 77.744451846317205, 13.009025558255169 ], [ 77.74501188848906, 13.009019631751471 ], [ 77.745294932093955, 13.009291247747196 ], [ 77.745297954786281, 13.009565827440422 ], [ 77.745580999382653, 13.009837442927708 ], [ 77.746421064470539, 13.009828548520685 ], [ 77.746704110395711, 13.01010016247224 ], [ 77.746984132190931, 13.01009719670086 ], [ 77.74698715693566, 13.010371775986432 ], [ 77.747270204090398, 13.010643389063242 ], [ 77.747830248563417, 13.010637455754317 ], [ 77.748113296808938, 13.010909067661329 ], [ 77.748953363711777, 13.010900164338343 ], [ 77.749236413286027, 13.011171774709236 ], [ 77.749516435686061, 13.011168805965735 ], [ 77.749799486113105, 13.011440415532871 ] ] } },
{ "type": "Feature", "properties": { "type": "ghost_drain" }, "geometry": { "type": "LineString", "coordinates": [ [ 77.739119214830211, 12.982444449246694 ], [ 77.739673179998334, 12.981889382983734 ], [ 77.738541177838215, 12.980802860155242 ], [ 77.738261186884927, 12.980805810281266 ], [ 77.738255170847083, 12.980256646427138 ], [ 77.737406178633591, 12.97944174820354 ], [ 77.737397158477037, 12.978618001735125 ] ] } },
{ "type": "Feature", "properties": { "type": "ghost_drain" }, "geometry": { "type": "LineString", "coordinates": [ [ 77.454332187330621, 12.985290272965532 ], [ 77.454321398455193, 12.984191697277375 ], [ 77.454038643579665, 12.983919698085053 ], [ 77.454035946884787, 12.983645054082988 ], [ 77.454313307449581, 12.983367765444672 ], [ 77.454873421658931, 12.983362475281607 ], [ 77.455150780871776, 12.983085185965072 ], [ 77.455131898016262, 12.981162679303845 ], [ 77.455409254900616, 12.98088539015621 ], [ 77.455406557352973, 12.980610746373619 ], [ 77.456806825823392, 12.980597515580087 ], [ 77.457638886524578, 12.979765643495249 ], [ 77.457633487077288, 12.979216356799171 ], [ 77.458188190163298, 12.978661774658011 ], [ 77.458185490043178, 12.978387131403617 ], [ 77.45874019018477, 12.977832548599809 ], [ 77.459020240189417, 12.977829900010397 ], [ 77.459574937138413, 12.977275315954968 ], [ 77.459569534512937, 12.976726029955833 ], [ 77.460129631632824, 12.97672073113411 ], [ 77.460113421565765, 12.9750728736801 ], [ 77.460668110669971, 12.974518288713599 ] ] } },
{ "type": "Feature", "properties": { "type": "ghost_drain" }, "geometry": { "type": "LineString", "coordinates": [ [ 77.72344251212678, 12.98288383372374 ], [ 77.72344849689793, 12.983433004280569 ], [ 77.72317149164283, 12.983710524075571 ], [ 77.723177476213138, 12.984259694721915 ], [ 77.72290046986862, 12.984537214453281 ], [ 77.72290346201892, 12.984811799824437 ], [ 77.723186453584319, 12.985083450642939 ], [ 77.723234343350043, 12.989476814572093 ] ] } },
{ "type": "Feature", "properties": { "type": "ghost_drain" }, "geometry": { "type": "LineString", "coordinates": [ [ 77.462459294007857, 12.985762720415464 ], [ 77.462440350933818, 12.983840224743236 ], [ 77.462157589325159, 12.983568235898119 ], [ 77.462119717487838, 12.979723242719929 ] ] } },
{ "type": "Feature", "properties": { "type": "ghost_drain" }, "geometry": { "type": "LineString", "coordinates": [ [ 77.529114130700748, 12.985397160633079 ], [ 77.529111351231478, 12.985122532416222 ], [ 77.529388614612785, 12.98484517840785 ], [ 77.529374717009304, 12.983472037494066 ], [ 77.529929239499864, 12.982917329444959 ], [ 77.529926459684773, 12.98264270134954 ], [ 77.528795184776087, 12.981555089786095 ], [ 77.528235106249184, 12.981560538421261 ], [ 77.528218441280558, 12.979912767416657 ], [ 77.527935626797955, 12.979640862342741 ], [ 77.52793007306056, 12.979091605158349 ], [ 77.527081635518371, 12.978275886982575 ], [ 77.525961491405042, 12.97828677296819 ], [ 77.525678681090085, 12.978014864615194 ], [ 77.525675907026724, 12.977740235511664 ], [ 77.525395871388668, 12.97774295583592 ], [ 77.525113062300818, 12.977471046630384 ], [ 77.524552991319396, 12.977476485655506 ], [ 77.524275728198759, 12.977753834124119 ], [ 77.523995692241883, 12.97775655294396 ], [ 77.523712884369118, 12.977484641936604 ], [ 77.522872776845205, 12.9774927955098 ], [ 77.522024359095496, 12.976677056687944 ], [ 77.521744323855941, 12.976679772863021 ], [ 77.521461519409456, 12.976407858709944 ], [ 77.520901449225448, 12.97641328943698 ], [ 77.520624182260931, 12.976690634554704 ], [ 77.520626950547594, 12.976965264753824 ], [ 77.520346914682932, 12.976967979483982 ], [ 77.520069646491393, 12.977245324224796 ], [ 77.519786842762642, 12.976973408041689 ], [ 77.519506806707057, 12.976976121869241 ], [ 77.519229537404328, 12.97725346588555 ], [ 77.51866946436148, 12.977258892155001 ] ] } },
{ "type": "Feature", "properties": { "type": "ghost_drain" }, "geometry": { "type": "LineString", "coordinates": [ [ 77.51866946436148, 12.977258892155001 ], [ 77.518386661848467, 12.976986974170735 ], [ 77.518383896015862, 12.976712343496697 ], [ 77.518661165943428, 12.9764350003109 ], [ 77.51865563398276, 12.975885739049669 ], [ 77.517524435018345, 12.974798063243256 ], [ 77.517507849549844, 12.973150277730063 ], [ 77.517785117427806, 12.972872935957289 ], [ 77.51776576890579, 12.970950519606358 ], [ 77.518043034469116, 12.970673178015829 ], [ 77.518040270405848, 12.970398547136062 ], [ 77.517474685478874, 12.969854706016372 ], [ 77.517460869817739, 12.96848155086524 ], [ 77.517738133564265, 12.96820420999272 ], [ 77.517724318277615, 12.966831054947317 ], [ 77.518001580196383, 12.966553714151226 ], [ 77.517996054040921, 12.966004452194463 ], [ 77.518273314860878, 12.965727111315987 ], [ 77.518267788473977, 12.965177849439714 ], [ 77.517985002492949, 12.964905928204596 ], [ 77.517982239764905, 12.964631297191223 ], [ 77.517416670381607, 12.964087453312855 ], [ 77.517400099788333, 12.962439666310919 ], [ 77.517117318235776, 12.962167743339384 ], [ 77.516840059093056, 12.962445082564445 ], [ 77.51655727802617, 12.962173158873268 ], [ 77.516277257826047, 12.962175866189435 ], [ 77.51571169801629, 12.961632016811128 ], [ 77.515700660340613, 12.960533490516665 ], [ 77.515135105940672, 12.95998963891174 ], [ 77.515129588963305, 12.959440375463872 ], [ 77.514564038493248, 12.95889652189515 ], [ 77.51455852324905, 12.958347258159423 ], [ 77.514275749672478, 12.958075330605922 ], [ 77.513998490473597, 12.958352666625279 ], [ 77.513718473990664, 12.958355370407565 ], [ 77.513441213809443, 12.95863270599739 ], [ 77.513161196893293, 12.958635409238035 ], [ 77.512329411564778, 12.959467414153588 ], [ 77.512049393475934, 12.959470116370056 ], [ 77.511766620605982, 12.959198185841974 ] ] } },
{ "type": "Feature", "properties": { "type": "ghost_drain" }, "geometry": { "type": "LineString", "coordinates": [ [ 77.717583467210687, 12.984867497818156 ], [ 77.717860480926902, 12.984589982527929 ] ] } },
{ "type": "Feature", "properties": { "type": "ghost_drain" }, "geometry": { "type": "LineString", "coordinates": [ [ 77.582335411723577, 12.986246917375016 ], [ 77.581781021380408, 12.98680171699233 ], [ 77.581783859074733, 12.98707633383828 ], [ 77.580943757518838, 12.987084680987232 ], [ 77.580660887069996, 12.986812845678889 ], [ 77.579540751716735, 12.98682396954865 ], [ 77.579263552647205, 12.98710136715663 ], [ 77.579546422259199, 12.987373204207019 ], [ 77.579549257628159, 12.987647821526604 ], [ 77.57814908236621, 12.987661720501594 ], [ 77.577871880710674, 12.987939117071113 ], [ 77.577591845090808, 12.98794189572256 ], [ 77.577314642449181, 12.988219291865732 ], [ 77.577034606392132, 12.988222069975741 ], [ 77.576480198522745, 12.988776861223212 ], [ 77.575640087728644, 12.988785192304373 ], [ 77.575357219642669, 12.988513350524295 ], [ 77.574237071974352, 12.988524452970013 ], [ 77.57368265617994, 12.989079239517684 ], [ 77.573116923265744, 12.98853555059819 ], [ 77.573111266323863, 12.987986313198679 ], [ 77.572828401531751, 12.987714467961755 ], [ 77.572268328499504, 12.987720014003377 ], [ 77.571702601725235, 12.987176320796689 ], [ 77.5711425294012, 12.987181864187326 ] ] } },
{ "type": "Feature", "properties": { "type": "ghost_drain" }, "geometry": { "type": "LineString", "coordinates": [ [ 77.5711425294012, 12.987181864187326 ], [ 77.570293945296541, 12.986366318992658 ], [ 77.570291120382493, 12.986091699638994 ], [ 77.569731049864885, 12.986097239534523 ] ] } },
{ "type": "Feature", "properties": { "type": "ghost_drain" }, "geometry": { "type": "LineString", "coordinates": [ [ 77.610346961543229, 12.986790918683369 ], [ 77.610326879912265, 12.984868644299796 ] ] } },
{ "type": "Feature", "properties": { "type": "ghost_drain" }, "geometry": { "type": "LineString", "coordinates": [ [ 77.610326879912265, 12.984868644299796 ], [ 77.610881191373451, 12.984313796413835 ], [ 77.610878322350857, 12.984039185872149 ], [ 77.611432630875328, 12.983484337359021 ], [ 77.610866846919848, 12.982940743641295 ], [ 77.610863978226945, 12.982666133067552 ], [ 77.611141131591552, 12.982388709178666 ], [ 77.614501390345126, 12.982354926002662 ], [ 77.615055686286453, 12.98180007192788 ], [ 77.615338580078458, 12.982071863836619 ], [ 77.616458662197573, 12.982060589784373 ], [ 77.620061504890018, 12.978454004091443 ] ] } },
{ "type": "Feature", "properties": { "type": "ghost_drain" }, "geometry": { "type": "LineString", "coordinates": [ [ 77.620061504890018, 12.978454004091443 ], [ 77.620338642341338, 12.978176573135807 ], [ 77.620898672563939, 12.978170927607863 ], [ 77.621175808656133, 12.977893495990367 ], [ 77.621455823295292, 12.977890672536141 ], [ 77.622304507453947, 12.97870602481516 ], [ 77.622581642162615, 12.978428591891761 ], [ 77.623701701451083, 12.978417289759729 ], [ 77.623984598226812, 12.978689071246313 ], [ 77.625384672048739, 12.978674934999875 ], [ 77.625667570640005, 12.978946714242301 ], [ 77.627627672888664, 12.978926908324301 ], [ 77.628181927999691, 12.978372033102517 ], [ 77.628179041346357, 12.978097426252537 ], [ 77.628456167741476, 12.977819988422068 ], [ 77.62957621900604, 12.9778086615179 ], [ 77.630130466971707, 12.977253783396216 ], [ 77.630690490713278, 12.977248117184139 ], [ 77.631244734733329, 12.976693237374247 ], [ 77.631524745758284, 12.976690403339488 ], [ 77.631521855823408, 12.976415797194491 ], [ 77.631798976300203, 12.976138356831564 ] ] } },
{ "type": "Feature", "properties": { "type": "ghost_drain" }, "geometry": { "type": "LineString", "coordinates": [ [ 77.671394219252718, 12.986445011604554 ], [ 77.671111270721738, 12.986173293572463 ], [ 77.670551245398258, 12.986179050679105 ], [ 77.67026829795978, 12.985907331486034 ] ] } },
{ "type": "Feature", "properties": { "type": "ghost_drain" }, "geometry": { "type": "LineString", "coordinates": [ [ 77.67026829795978, 12.985907331486034 ], [ 77.670221352321335, 12.981513773890658 ], [ 77.671606714744456, 12.980126400206752 ] ] } },
{ "type": "Feature", "properties": { "type": "ghost_drain" }, "geometry": { "type": "LineString", "coordinates": [ [ 77.699681104271633, 12.986701856880622 ], [ 77.699121090940167, 12.986707675758982 ], [ 77.69884405041698, 12.986985175564927 ], [ 77.697444014020704, 12.986999716307608 ], [ 77.697161042133345, 12.986728032353787 ], [ 77.696601027575412, 12.986733845815298 ], [ 77.696318056779162, 12.986462160698066 ], [ 77.695478035147801, 12.986470877539949 ], [ 77.695475072721251, 12.986196285946381 ], [ 77.695195065681474, 12.986199190894974 ], [ 77.694912096828816, 12.98592750381564 ], [ 77.695189141646239, 12.985650007561484 ], [ 77.695186179730712, 12.985375415885059 ], [ 77.69490617354333, 12.985378320342253 ], [ 77.694623206054018, 12.985106632688689 ], [ 77.693783187799838, 12.985115343161693 ], [ 77.69321725609457, 12.984571964365472 ], [ 77.692657244540101, 12.984577768385588 ], [ 77.692374280085403, 12.984306077607462 ], [ 77.692094274444969, 12.984308978801874 ], [ 77.691811310842638, 12.984037287225252 ], [ 77.691251299835415, 12.98404308798283 ], [ 77.691239471393587, 12.982944717530481 ], [ 77.690673549982421, 12.982401331058931 ] ] } },
{ "type": "Feature", "properties": { "type": "ghost_drain" }, "geometry": { "type": "LineString", "coordinates": [ [ 77.690673549982421, 12.982401331058931 ], [ 77.688975800471724, 12.980771161227352 ], [ 77.688963985105573, 12.97967278843748 ], [ 77.688681030498998, 12.979401091667457 ], [ 77.688678077201757, 12.97912649838408 ], [ 77.688395123583049, 12.978854801110378 ], [ 77.688389217941307, 12.978305614384714 ], [ 77.688109218097338, 12.97830850997342 ], [ 77.688094456713998, 12.976935542729805 ], [ 77.687811506568764, 12.976663844169769 ], [ 77.687770188964308, 12.972819534053716 ] ] } },
{ "type": "Feature", "properties": { "type": "ghost_drain" }, "geometry": { "type": "LineString", "coordinates": [ [ 77.645936039708701, 12.988902595971673 ], [ 77.644535931878451, 12.988916853851366 ], [ 77.643970075482855, 12.988373348646459 ], [ 77.643410032843846, 12.988379048237752 ], [ 77.643132916867941, 12.988656500896671 ], [ 77.643138727955701, 12.98920570750701 ], [ 77.64201863792627, 12.989217102620248 ], [ 77.641735711209591, 12.988945347032695 ], [ 77.641455688775636, 12.988948194695096 ], [ 77.641178569703555, 12.989225645794159 ], [ 77.640058477806065, 12.989237032477993 ], [ 77.638643858770536, 12.98787823750745 ], [ 77.638640958437762, 12.987603633177834 ], [ 77.638358036845815, 12.987331872819713 ], [ 77.638355136953223, 12.987057268415079 ] ] } },
{ "type": "Feature", "properties": { "type": "ghost_drain" }, "geometry": { "type": "LineString", "coordinates": [ [ 77.638355136953223, 12.987057268415079 ], [ 77.638632257839262, 12.986779820150433 ], [ 77.638629357773041, 12.986505215795116 ], [ 77.638063518191231, 12.985961694098419 ], [ 77.637783498266629, 12.985964537163568 ], [ 77.637500579636622, 12.985692775304535 ], [ 77.637494782558832, 12.985143566038838 ], [ 77.636928948633837, 12.984600040751532 ], [ 77.63636891125384, 12.984605723551851 ], [ 77.635520166410544, 12.983790430205525 ] ] } },
{ "type": "Feature", "properties": { "type": "ghost_drain" }, "geometry": { "type": "LineString", "coordinates": [ [ 77.510963615812784, 12.990791706864249 ], [ 77.510960855091881, 12.990517074908775 ], [ 77.512070019808533, 12.989407716564237 ], [ 77.512630122910863, 12.989402299527727 ], [ 77.512907411813458, 12.989124958984716 ], [ 77.512904649323559, 12.988850327405348 ], [ 77.513184700101888, 12.98884761825259 ], [ 77.514016561282403, 12.988015594921757 ], [ 77.515136759314032, 12.988004752396249 ], [ 77.515414043663725, 12.987727409940362 ], [ 77.515411278727854, 12.98745277886232 ], [ 77.516531473032515, 12.987441930788334 ], [ 77.516814287920838, 12.987713848798631 ], [ 77.517094336581593, 12.987711135666896 ], [ 77.51737161809362, 12.987433791571052 ], [ 77.517651666320148, 12.987431077896378 ], [ 77.518206226760796, 12.986876388654563 ], [ 77.518486274182479, 12.986873674195204 ], [ 77.518763553111128, 12.986596329049314 ], [ 77.51904360009857, 12.986593614047099 ], [ 77.519320878042564, 12.986316268470693 ], [ 77.519600924595736, 12.986313552925644 ] ] } },
{ "type": "Feature", "properties": { "type": "ghost_drain" }, "geometry": { "type": "LineString", "coordinates": [ [ 77.519600924595736, 12.986313552925644 ], [ 77.51959261711707, 12.985489662246271 ], [ 77.519309802759551, 12.985217747314659 ], [ 77.519307034097878, 12.984943117009724 ], [ 77.519024220724901, 12.984671201586224 ], [ 77.519018684333645, 12.984121940825784 ], [ 77.518735872315716, 12.983850024844701 ], [ 77.518733104586062, 12.983575394389208 ], [ 77.518450293552561, 12.983303477916307 ], [ 77.518447526257077, 12.983028847388727 ], [ 77.518164716207963, 12.982756930424047 ], [ 77.518159182548814, 12.982207669218358 ], [ 77.518436457711175, 12.98193032521471 ], [ 77.518428156969634, 12.981106433517326 ], [ 77.518705430788415, 12.980829089483922 ], [ 77.518702663758532, 12.980554458958366 ], [ 77.519257209068499, 12.97999977043164 ], [ 77.519251674226666, 12.979450509573365 ], [ 77.518968868264025, 12.979178592835328 ], [ 77.518963334417577, 12.978629331820132 ], [ 77.518680529809401, 12.978357414524671 ], [ 77.51866946436148, 12.977258892155001 ] ] } },
{ "type": "Feature", "properties": { "type": "ghost_drain" }, "geometry": { "type": "LineString", "coordinates": [ [ 77.49864395201412, 12.991185171397628 ], [ 77.498363895487557, 12.991187865360631 ], [ 77.498081092241762, 12.990915924358557 ], [ 77.497801035896131, 12.99091861766024 ], [ 77.497518233508657, 12.990646675872775 ], [ 77.496958121116222, 12.990652060852332 ], [ 77.496675319831127, 12.990380117919473 ], [ 77.496672574899932, 12.990105482942292 ], [ 77.495832407491804, 12.990113556895912 ], [ 77.494418415791642, 12.988753830127656 ], [ 77.494141102935302, 12.989031154581408 ], [ 77.493580992715309, 12.989036531626519 ], [ 77.493298196580042, 12.988764583982819 ], [ 77.492743567292521, 12.989319230760934 ], [ 77.492183455828567, 12.989324604911687 ], [ 77.491906139523365, 12.989601927530716 ], [ 77.489105574727375, 12.989628777787958 ] ] } },
{ "type": "Feature", "properties": { "type": "ghost_drain" }, "geometry": { "type": "LineString", "coordinates": [ [ 77.489105574727375, 12.989628777787958 ], [ 77.488257197664424, 12.988812916697972 ], [ 77.487977141571619, 12.988815598987607 ], [ 77.487128770769104, 12.987999732994995 ], [ 77.486848715346213, 12.988002413904093 ], [ 77.486565926551279, 12.987730457363968 ], [ 77.48628587130986, 12.987733137612146 ], [ 77.486003083373319, 12.98746118028758 ], [ 77.486000350803806, 12.987186543009637 ], [ 77.48486920667807, 12.986098709205208 ], [ 77.484029045162259, 12.986106742571643 ], [ 77.484031775331374, 12.986381380284911 ], [ 77.483754450985046, 12.986658695295452 ], [ 77.482914286874134, 12.986666725399546 ], [ 77.482359634120584, 12.987221353393526 ], [ 77.481799522920696, 12.98722670431999 ], [ 77.481522194883254, 12.987504017545881 ], [ 77.479001688053998, 12.987528079623713 ], [ 77.477892356452756, 12.988637321882855 ], [ 77.477612298346457, 12.988639992970175 ], [ 77.477334963541011, 12.988917302815301 ], [ 77.477054905002447, 12.988919973358621 ], [ 77.476500232809499, 12.989474591990804 ], [ 77.476502955439273, 12.989749231205835 ], [ 77.476225618176869, 12.990026540287666 ], [ 77.475945558159566, 12.990029209859594 ], [ 77.475662776308809, 12.989757239746584 ], [ 77.475385437937362, 12.990034548099793 ], [ 77.475105377732461, 12.990037216768055 ], [ 77.475108098951665, 12.990311856262084 ], [ 77.474553419137337, 12.990866472013861 ], [ 77.474558860784725, 12.99141575119072 ], [ 77.474281519466743, 12.991693058884062 ], [ 77.474284240139539, 12.991967698514918 ], [ 77.474006897962525, 12.992245006069204 ], [ 77.474012339006194, 12.992794285415751 ], [ 77.47290296219623, 12.993903514137848 ], [ 77.47262289712819, 12.993906180910871 ], [ 77.472644653512134, 12.996103300170885 ], [ 77.472364585923501, 12.996105967108702 ], [ 77.472087237486903, 12.996383273740578 ], [ 77.471527101382762, 12.996388606225855 ], [ 77.470695050166739, 12.997220523515173 ] ] } },
{ "type": "Feature", "properties": { "type": "ghost_drain" }, "geometry": { "type": "LineString", "coordinates": [ [ 77.470695050166739, 12.997220523515173 ], [ 77.470414980911784, 12.997223188576264 ], [ 77.469849408390544, 12.996679236903507 ], [ 77.469569339563023, 12.996681900944003 ], [ 77.469291986939339, 12.996959205248055 ], [ 77.469011917679723, 12.996961868743963 ], [ 77.468734564071696, 12.99723917261343 ], [ 77.468454494380026, 12.997241835564722 ], [ 77.468177139787642, 12.997519138999557 ], [ 77.468179855011655, 12.99779377977814 ], [ 77.468462640974096, 12.998065757725975 ], [ 77.468465356630176, 12.998340398433685 ], [ 77.468188001057854, 12.998617702075769 ], [ 77.468190716531296, 12.998892342828935 ], [ 77.467910644870784, 12.998895005526389 ], [ 77.467345072322402, 12.998351048155353 ], [ 77.466784929794471, 12.998356371207613 ], [ 77.466793071604272, 12.999180294339332 ], [ 77.46651571307855, 12.999457596677029 ], [ 77.464555203225501, 12.99947621738173 ], [ 77.464000479154222, 13.000030818075258 ] ] } },
{ "type": "Feature", "properties": { "type": "ghost_drain" }, "geometry": { "type": "LineString", "coordinates": [ [ 77.464000479154222, 13.000030818075258 ], [ 77.463723116196363, 13.000308118134488 ], [ 77.463162967745674, 13.000313434162274 ], [ 77.462885603433691, 13.000590733542925 ], [ 77.462325453994779, 13.000596047877901 ], [ 77.462048088328686, 13.000873346579871 ], [ 77.461207862594875, 13.000881315090748 ], [ 77.460930495205062, 13.001158612870434 ], [ 77.45981019187775, 13.001169232356613 ], [ 77.459255452296659, 13.001723825392096 ], [ 77.457855068043543, 13.001737090530343 ] ] } },
{ "type": "Feature", "properties": { "type": "ghost_drain" }, "geometry": { "type": "LineString", "coordinates": [ [ 77.457855068043543, 13.001737090530343 ], [ 77.456454682237961, 13.00175034813063 ], [ 77.456171902013779, 13.001478355561506 ], [ 77.455331670521815, 13.001486305425267 ] ] } },
{ "type": "Feature", "properties": { "type": "ghost_drain" }, "geometry": { "type": "LineString", "coordinates": [ [ 77.455331670521815, 13.001486305425267 ], [ 77.454499541753918, 13.00231818315175 ], [ 77.454219463357418, 13.00232083177228 ], [ 77.453942085502092, 13.002598123719698 ], [ 77.453101848832091, 13.002606067040933 ], [ 77.4528244692534, 13.002883358064924 ], [ 77.452544389869971, 13.00288600499184 ], [ 77.452267009306837, 13.003163295579785 ], [ 77.451706849615206, 13.003168588041428 ], [ 77.451429467698162, 13.00344587794949 ], [ 77.450589226587837, 13.003453813648873 ], [ 77.450311842947499, 13.003731102633127 ], [ 77.450031762084123, 13.003733747019297 ] ] } },
{ "type": "Feature", "properties": { "type": "ghost_drain" }, "geometry": { "type": "LineString", "coordinates": [ [ 77.56781878640443, 12.990785157089938 ], [ 77.567810317031487, 12.989961297682354 ], [ 77.568087533773266, 12.989683909390525 ], [ 77.567804671107154, 12.989412058045325 ], [ 77.567793380036775, 12.988313578694525 ], [ 77.567510519472222, 12.98804172665322 ], [ 77.567502052965963, 12.98721786687231 ], [ 77.567782090004116, 12.987215099241423 ], [ 77.568890943601687, 12.986105547119996 ] ] } },
{ "type": "Feature", "properties": { "type": "ghost_drain" }, "geometry": { "type": "LineString", "coordinates": [ [ 77.541497441498578, 12.991318697371629 ], [ 77.541774694141495, 12.99104133151522 ], [ 77.542054741107847, 12.991038590805625 ], [ 77.542331992765241, 12.990761224520144 ], [ 77.54261483484791, 12.991033108482874 ], [ 77.543174928331084, 12.991027624955382 ], [ 77.54317213216504, 12.990752999860428 ], [ 77.543726631409385, 12.990198265278716 ], [ 77.543712649114582, 12.988825140243645 ] ] } },
{ "type": "Feature", "properties": { "type": "ghost_drain" }, "geometry": { "type": "LineString", "coordinates": [ [ 77.543712649114582, 12.988825140243645 ], [ 77.543707056646397, 12.988275890184932 ], [ 77.544267143474343, 12.988270405446833 ], [ 77.544544389733119, 12.987993037767012 ], [ 77.544538795808378, 12.98744378802968 ], [ 77.544255956852879, 12.987171905732353 ], [ 77.544533202140698, 12.986894538266812 ], [ 77.544527608730093, 12.986345288478411 ], [ 77.544804852918503, 12.986067920932465 ], [ 77.544239178848542, 12.985524155969149 ], [ 77.544227994797524, 12.98442565599937 ], [ 77.543945160168221, 12.984153772611402 ], [ 77.543665121326754, 12.984156513930809 ], [ 77.543382287553953, 12.983884629754606 ], [ 77.543659531042977, 12.983607263655104 ], [ 77.543653941016174, 12.983058013353871 ], [ 77.543931183406087, 12.982780647173962 ], [ 77.5439283882464, 12.982506022067334 ], [ 77.54420562977991, 12.9822286557535 ], [ 77.544202834441862, 12.981954030694048 ], [ 77.544480075119012, 12.981676664246329 ], [ 77.544477279602631, 12.981402039234068 ], [ 77.544754519423492, 12.981124672652486 ], [ 77.54475172372878, 12.980850047687424 ], [ 77.545031758630657, 12.980847305883497 ], [ 77.54502896269338, 12.980572680972013 ], [ 77.546415148311809, 12.979185844584649 ], [ 77.546695180987044, 12.979183101335099 ], [ 77.546692383594674, 12.97890847674525 ] ] } },
{ "type": "Feature", "properties": { "type": "ghost_drain" }, "geometry": { "type": "LineString", "coordinates": [ [ 77.545983789988242, 12.991824062694709 ], [ 77.545700943877364, 12.991552183264631 ], [ 77.544860803448657, 12.991560416595902 ], [ 77.544295114526491, 12.991016654286179 ], [ 77.544286722536057, 12.99019277970141 ], [ 77.54400388011031, 12.989920897706336 ], [ 77.543995489812247, 12.989097022865117 ], [ 77.543712649114582, 12.988825140243645 ] ] } },
{ "type": "Feature", "properties": { "type": "ghost_drain" }, "geometry": { "type": "LineString", "coordinates": [ [ 77.526103072131619, 12.992292845438159 ], [ 77.525820242907756, 12.992020940445578 ], [ 77.525260139644189, 12.99202638698193 ], [ 77.524428311996431, 12.992858441716976 ], [ 77.524148259156178, 12.99286116380808 ], [ 77.523870981674023, 12.993138514767377 ], [ 77.522750768191813, 12.99314939915217 ] ] } },
{ "type": "Feature", "properties": { "type": "ghost_drain" }, "geometry": { "type": "LineString", "coordinates": [ [ 77.522750768191813, 12.99314939915217 ], [ 77.522467940775897, 12.992877490028519 ], [ 77.522465166953594, 12.992602860555429 ], [ 77.521333864916542, 12.991515219532834 ], [ 77.521328320429831, 12.990965960041137 ], [ 77.520762674580169, 12.990422136708165 ], [ 77.520757131831331, 12.989872876927857 ], [ 77.520474310569355, 12.989600964490286 ], [ 77.520463227318757, 12.988502444590127 ], [ 77.520180408153848, 12.98823053146319 ], [ 77.52017486765196, 12.987681271343357 ], [ 77.51960923264717, 12.987137443547674 ], [ 77.519600924595736, 12.986313552925644 ] ] } },
{ "type": "Feature", "properties": { "type": "ghost_drain" }, "geometry": { "type": "LineString", "coordinates": [ [ 77.696091396003155, 12.99140771190716 ], [ 77.695811383268577, 12.991410618664352 ], [ 77.695528406814034, 12.991138933643107 ], [ 77.695248394250257, 12.991141839734693 ], [ 77.694399469286708, 12.990326780970415 ], [ 77.694396507134869, 12.990052189213246 ], [ 77.693830560978441, 12.989508814391666 ], [ 77.693824638378686, 12.988959630578265 ], [ 77.693541666971086, 12.988687942376057 ], [ 77.693261656693281, 12.988690845789236 ], [ 77.692978686138332, 12.988419156788231 ], [ 77.692963886112821, 12.987046196125462 ], [ 77.692397950592834, 12.98650281612162 ] ] } },
{ "type": "Feature", "properties": { "type": "ghost_drain" }, "geometry": { "type": "LineString", "coordinates": [ [ 77.692397950592834, 12.98650281612162 ], [ 77.69211498375337, 12.986231125468318 ], [ 77.692112025076781, 12.985956533106753 ], [ 77.691829059225768, 12.98568484194935 ], [ 77.691269044537009, 12.985690643467834 ], [ 77.690703115631266, 12.985147258393193 ], [ 77.690673549982421, 12.982401331058931 ] ] } },
{ "type": "Feature", "properties": { "type": "ghost_drain" }, "geometry": { "type": "LineString", "coordinates": [ [ 77.592762132887103, 12.992459862366893 ], [ 77.593045021548136, 12.992731680691994 ], [ 77.593605096592484, 12.992726087770635 ], [ 77.593882281747398, 12.992448676768591 ], [ 77.594162318798709, 12.992445879616085 ] ] } },
{ "type": "Feature", "properties": { "type": "ghost_drain" }, "geometry": { "type": "LineString", "coordinates": [ [ 77.594162318798709, 12.992445879616085 ], [ 77.59443950296685, 12.992168468188646 ], [ 77.595279612609701, 12.992160074203998 ], [ 77.596665518649075, 12.990773010687601 ], [ 77.597225587690204, 12.990767410792268 ], [ 77.597222732195362, 12.990492797391678 ], [ 77.597502766310498, 12.990489997053514 ], [ 77.597499910574228, 12.990215383707712 ], [ 77.597777088339043, 12.989937969838623 ], [ 77.597774232426985, 12.989663356541206 ], [ 77.598605761313109, 12.988831113987823 ], [ 77.598888650201275, 12.9891029255832 ], [ 77.599442999459527, 12.988548095699727 ], [ 77.599440142033643, 12.988273482737625 ], [ 77.599717315500499, 12.98799606757323 ], [ 77.599714457898969, 12.987721454659562 ], [ 77.600834579322793, 12.987710243110499 ], [ 77.601388920951081, 12.98715541041835 ], [ 77.601386061704872, 12.986880797853084 ], [ 77.601663231356952, 12.986603381284587 ], [ 77.60166037193521, 12.986328768767796 ], [ 77.601937540732209, 12.986051352069353 ], [ 77.602497596841133, 12.986045742815833 ], [ 77.602780485380691, 12.986317550015507 ], [ 77.602783346030137, 12.986592162287057 ], [ 77.603063374534116, 12.986589356785114 ], [ 77.603629154682508, 12.987132969034016 ], [ 77.603909183603093, 12.987130162506309 ], [ 77.604186350142328, 12.986852743725549 ], [ 77.605586491895068, 12.986838705373186 ], [ 77.605869384205434, 12.98711050838339 ], [ 77.60670946919079, 12.987102080672349 ], [ 77.607263794200605, 12.986547238133358 ], [ 77.606980901430262, 12.986275436799671 ], [ 77.606978036242836, 12.986000825442316 ], [ 77.607538089983507, 12.985995205352497 ], [ 77.607820982863217, 12.986267006029141 ], [ 77.608661063703408, 12.986258572549508 ], [ 77.608938223182577, 12.985981149860375 ], [ 77.60921824962476, 12.985978337858938 ], [ 77.610326879912265, 12.984868644299796 ] ] } },
{ "type": "Feature", "properties": { "type": "ghost_drain" }, "geometry": { "type": "LineString", "coordinates": [ [ 77.59501099024807, 12.993261327867547 ], [ 77.594162318798709, 12.992445879616085 ] ] } },
{ "type": "Feature", "properties": { "type": "ghost_drain" }, "geometry": { "type": "LineString", "coordinates": [ [ 77.558616787795799, 12.994721060228024 ], [ 77.55833674033012, 12.994723819551034 ], [ 77.558333926676681, 12.994449197791072 ], [ 77.558611159939218, 12.994171816822279 ], [ 77.558045439802484, 12.993628091253473 ] ] } },
{ "type": "Feature", "properties": { "type": "ghost_drain" }, "geometry": { "type": "LineString", "coordinates": [ [ 77.558045439802484, 12.993628091253473 ], [ 77.558042626714709, 12.993353469407664 ], [ 77.557759767939558, 12.993081605914325 ], [ 77.55803700073298, 12.992804225696872 ], [ 77.558317046113203, 12.992801467097067 ], [ 77.558594277920619, 12.992524086451626 ], [ 77.55999450199343, 12.992510287729869 ], [ 77.560271731327759, 12.992232905692928 ], [ 77.560263285856948, 12.991409041487655 ], [ 77.560540513849759, 12.991131659425587 ], [ 77.560820556805496, 12.991128898476889 ], [ 77.561375010205097, 12.990574133310437 ], [ 77.561369378146068, 12.990024890919315 ], [ 77.561086520922586, 12.989753030963461 ], [ 77.561080889865806, 12.989203788413292 ], [ 77.561358114804378, 12.988926406060372 ], [ 77.561341221732661, 12.987278678580218 ], [ 77.561058368226242, 12.987006817956972 ], [ 77.56103585072654, 12.984809847091661 ], [ 77.561313071788518, 12.984532465602044 ], [ 77.56103022199845, 12.984260604311435 ], [ 77.56102740773143, 12.983985982911738 ], [ 77.561304628066736, 12.983708601583992 ], [ 77.56130181362218, 12.98343398023186 ], [ 77.561579033101509, 12.983156598771393 ], [ 77.561576218479445, 12.982881977466839 ] ] } },
{ "type": "Feature", "properties": { "type": "ghost_drain" }, "geometry": { "type": "LineString", "coordinates": [ [ 77.744845767904849, 12.99391773472189 ], [ 77.745694838438055, 12.994732593138947 ], [ 77.745700877770133, 12.995281752947632 ], [ 77.745983903261859, 12.995553371403814 ], [ 77.747103925454965, 12.995541522639048 ], [ 77.747953008466141, 12.996356370995857 ], [ 77.747956030969888, 12.99663095034686 ], [ 77.748239060244828, 12.996902565520445 ], [ 77.748248129301857, 12.997726303320889 ], [ 77.747971144529629, 12.998003847004632 ], [ 77.748254175686924, 12.998275461822095 ], [ 77.748260222349629, 12.998824620297359 ], [ 77.747706250289539, 12.999379707952704 ], [ 77.747709273249612, 12.999654287297115 ], [ 77.748275340221113, 13.000197516372035 ], [ 77.748552326518336, 12.999919971985783 ], [ 77.749112346330747, 12.999914040713591 ], [ 77.749678416432388, 13.000457265986423 ], [ 77.74995842670981, 13.000454299166556 ], [ 77.749961452404619, 13.000728877966958 ] ] } },
{ "type": "Feature", "properties": { "type": "ghost_drain" }, "geometry": { "type": "LineString", "coordinates": [ [ 77.630878427827852, 12.995097514088641 ], [ 77.630595502883097, 12.994825745411038 ], [ 77.63058971676378, 12.994276533466477 ], [ 77.630023870211062, 12.993732994542952 ], [ 77.629743839761844, 12.99373583061457 ], [ 77.629466700911379, 12.994013272621229 ], [ 77.62890663906667, 12.99401894338251 ], [ 77.628623717300783, 12.993747171889346 ], [ 77.628343686519514, 12.993750006455111 ], [ 77.626929088105854, 12.992391140702422 ], [ 77.625808969131327, 12.99240246869272 ], [ 77.625526052253846, 12.992130692796001 ], [ 77.624965992850093, 12.992136354258312 ], [ 77.624683077068198, 12.991864577204352 ], [ 77.624403047507627, 12.991867407120832 ], [ 77.624125903247247, 12.992144844193263 ], [ 77.623285813047886, 12.992153331417983 ], [ 77.62300289871061, 12.991881552186278 ], [ 77.622162808637341, 12.99189003561197 ], [ 77.620748249774124, 12.990531127543187 ] ] } },
{ "type": "Feature", "properties": { "type": "ghost_drain" }, "geometry": { "type": "LineString", "coordinates": [ [ 77.620748249774124, 12.990531127543187 ], [ 77.620465339843591, 12.990259344636307 ], [ 77.620456697307489, 12.989435519701409 ], [ 77.62184242469219, 12.988048350823327 ], [ 77.621836660924799, 12.987499134721336 ], [ 77.621553754136073, 12.987227352515795 ], [ 77.621490378382674, 12.981185972199436 ], [ 77.620075894678621, 12.979827047209556 ], [ 77.620061504890018, 12.978454004091443 ] ] } },
{ "type": "Feature", "properties": { "type": "ghost_drain" }, "geometry": { "type": "LineString", "coordinates": [ [ 77.455568519994486, 12.997089362102702 ], [ 77.455571221263767, 12.997364005504657 ], [ 77.455853995455485, 12.997635999755875 ], [ 77.455864802630657, 12.998734573043345 ], [ 77.456147578914738, 12.99900656661414 ], [ 77.456152983613478, 12.999555853091334 ], [ 77.455875610798557, 12.999833146229239 ], [ 77.4558891224045, 13.001206362568752 ], [ 77.455609045547973, 13.001209012465472 ], [ 77.455331670521815, 13.001486305425267 ] ] } },
{ "type": "Feature", "properties": { "type": "ghost_drain" }, "geometry": { "type": "LineString", "coordinates": [ [ 77.654126671807461, 12.995410170922041 ], [ 77.654680885985414, 12.994855244004331 ], [ 77.654960912030205, 12.994852380817214 ], [ 77.654952152600131, 12.994028579161318 ], [ 77.655229257673668, 12.993751115358409 ], [ 77.655509282356007, 12.993748251819191 ], [ 77.655786386441292, 12.993470787595234 ], [ 77.656066410682456, 12.993467923516302 ], [ 77.656349356000646, 12.99373965939467 ], [ 77.65690940476162, 12.993733929605931 ], [ 77.657192351173862, 12.994005664324066 ], [ 77.657472375693644, 12.994002798614229 ], [ 77.658321219335022, 12.994817999080439 ], [ 77.658881269612834, 12.994812264574602 ], [ 77.659164219201472, 12.995083996470001 ], [ 77.65944131962199, 12.994806528864094 ], [ 77.660001369362476, 12.994800791948919 ], [ 77.659989668147361, 12.993702394236166 ], [ 77.660543863729913, 12.993147457973425 ], [ 77.66194397702138, 12.993133109284415 ], [ 77.663358733070382, 12.994491746493972 ], [ 77.663918780314347, 12.994486001271703 ], [ 77.664484687992029, 12.9950294516683 ], [ 77.664207594069396, 12.995306923622712 ], [ 77.66421052428197, 12.995581522081117 ], [ 77.664490548964068, 12.99557864846601 ], [ 77.665056460596034, 12.99612209685305 ], [ 77.665059391931834, 12.996396695103789 ], [ 77.665619442667534, 12.99639094538853 ], [ 77.665902400258872, 12.996662668134999 ], [ 77.666742476576772, 12.996654040211066 ] ] } },
{ "type": "Feature", "properties": { "type": "ghost_drain" }, "geometry": { "type": "LineString", "coordinates": [ [ 77.666742476576772, 12.996654040211066 ], [ 77.667019568328413, 12.996376565829404 ], [ 77.667299593258534, 12.996373689013984 ], [ 77.667296659465819, 12.996099091265771 ], [ 77.667573749989018, 12.995821616520191 ], [ 77.667567882126264, 12.995272421117232 ], [ 77.667844971555837, 12.99499494630253 ], [ 77.667827368146504, 12.993347360277442 ] ] } },
{ "type": "Feature", "properties": { "type": "ghost_drain" }, "geometry": { "type": "LineString", "coordinates": [ [ 77.667827368146504, 12.993347360277442 ], [ 77.667824434480792, 12.99307276258404 ], [ 77.668101521618539, 12.992795287982338 ], [ 77.668381542287236, 12.992792410779368 ], [ 77.669212798893014, 12.991959985168654 ], [ 77.669206929232814, 12.991410790339671 ], [ 77.668075119502618, 12.990323908959516 ], [ 77.668063386980876, 12.989225518115207 ], [ 77.668340470389964, 12.988948044065127 ], [ 77.668334604054323, 12.988398848717162 ], [ 77.668051655537255, 12.988127127167829 ], [ 77.668328737988233, 12.98784965334343 ], [ 77.668888768072932, 12.987843900297555 ], [ 77.670274167378381, 12.986456526069526 ], [ 77.67026829795978, 12.985907331486034 ] ] } },
{ "type": "Feature", "properties": { "type": "ghost_drain" }, "geometry": { "type": "LineString", "coordinates": [ [ 77.481617702353731, 12.997116351044806 ], [ 77.481334905995041, 12.996844389809844 ], [ 77.480780230710792, 12.997399018747792 ], [ 77.480500163400038, 12.997401694717491 ], [ 77.480222824465955, 12.997679008657281 ], [ 77.478262348946643, 12.99769773030531 ], [ 77.47798500680814, 12.997975042353328 ], [ 77.477424869642022, 12.997980388196963 ], [ 77.477142075843744, 12.997708421759034 ], [ 77.476862007411555, 12.997711093868956 ], [ 77.476584663423438, 12.997988404701838 ], [ 77.476304594558769, 12.997991076267304 ], [ 77.476027249586053, 12.998268386666084 ], [ 77.47574718028892, 12.99827105768707 ], [ 77.475464387589398, 12.997999089155234 ], [ 77.475184318474533, 12.998001759515054 ], [ 77.474906972022268, 12.998279068941516 ], [ 77.47406676319288, 12.998287077483184 ] ] } },
{ "type": "Feature", "properties": { "type": "ghost_drain" }, "geometry": { "type": "LineString", "coordinates": [ [ 77.47406676319288, 12.998287077483184 ], [ 77.47378397196232, 12.998015106792938 ], [ 77.471823484220536, 12.99803378032254 ], [ 77.471257907031685, 12.997489832633541 ], [ 77.470977837594248, 12.99749249835566 ], [ 77.470695050166739, 12.997220523515173 ] ] } },
{ "type": "Feature", "properties": { "type": "ghost_drain" }, "geometry": { "type": "LineString", "coordinates": [ [ 77.724420263871735, 12.995505936323767 ], [ 77.724143249267328, 12.995783459367955 ] ] } },
{ "type": "Feature", "properties": { "type": "ghost_drain" }, "geometry": { "type": "LineString", "coordinates": [ [ 77.532880011829235, 12.997719928663567 ], [ 77.532325470497526, 12.998274647295936 ], [ 77.529804953425995, 12.998299221919391 ], [ 77.529522112874716, 12.998027323068776 ], [ 77.529244837818041, 12.998304679631747 ], [ 77.528964779918198, 12.99830740803587 ], [ 77.527578393559537, 12.999694186812947 ] ] } },
{ "type": "Feature", "properties": { "type": "ghost_drain" }, "geometry": { "type": "LineString", "coordinates": [ [ 77.527578393559537, 12.999694186812947 ], [ 77.52729555309979, 12.999422285404401 ], [ 77.527015493523621, 12.999425011937108 ], [ 77.526732653922025, 12.99915310974073 ], [ 77.526452594525523, 12.999155835611099 ], [ 77.526169755782064, 12.998883932626942 ], [ 77.526166976562749, 12.998609304067436 ], [ 77.525601301661951, 12.99806549668688 ], [ 77.525041184753121, 12.998070945239002 ], [ 77.524758348711629, 12.997799040186811 ], [ 77.52475001662016, 12.996975153519955 ], [ 77.523618683052277, 12.995887528253808 ], [ 77.523615907300083, 12.995612899088671 ], [ 77.523333075815344, 12.995340991639676 ], [ 77.523330300497875, 12.995066362402321 ], [ 77.523047469998573, 12.994794454460887 ], [ 77.523036370849894, 12.993695937184372 ] ] } },
{ "type": "Feature", "properties": { "type": "ghost_drain" }, "geometry": { "type": "LineString", "coordinates": [ [ 77.523036370849894, 12.993695937184372 ], [ 77.522753542448726, 12.993424028553065 ], [ 77.522750768191813, 12.99314939915217 ] ] } },
{ "type": "Feature", "properties": { "type": "ghost_drain" }, "geometry": { "type": "LineString", "coordinates": [ [ 77.498432590080498, 12.998053728416439 ], [ 77.498149777576174, 12.99778178904524 ], [ 77.498147029405501, 12.997507154534166 ], [ 77.497581406981567, 12.996963274384861 ], [ 77.497578659614803, 12.996688639736965 ], [ 77.497295849695107, 12.996416698958919 ], [ 77.497015787015997, 12.996419392533786 ], [ 77.496732977955048, 12.996147450970135 ], [ 77.496730231699402, 12.995872816126607 ], [ 77.496164616161821, 12.995328931592788 ], [ 77.496161870709884, 12.995054296612507 ], [ 77.495321686335501, 12.995062371934599 ], [ 77.495038880591395, 12.994790427884109 ], [ 77.494758819251402, 12.994793118695371 ], [ 77.494756075461765, 12.994518483408349 ], [ 77.494476014365986, 12.994521173859509 ], [ 77.494193210095048, 12.994249228598409 ], [ 77.493913149180472, 12.994251918388175 ], [ 77.493630345768224, 12.993979972341785 ], [ 77.493907663759643, 12.993702647429641 ], [ 77.493899436100904, 12.992878740944114 ], [ 77.4933338335928, 12.992334847774918 ], [ 77.493317384418134, 12.990687033850618 ], [ 77.49359469984951, 12.99040970980974 ], [ 77.49359195829669, 12.990135074185819 ], [ 77.493309160681065, 12.989863126802584 ], [ 77.489388368310145, 12.989900730634909 ], [ 77.489105574727375, 12.989628777787958 ] ] } },
{ "type": "Feature", "properties": { "type": "ghost_drain" }, "geometry": { "type": "LineString", "coordinates": [ [ 77.736746687886153, 12.995925521843455 ], [ 77.736469689349519, 12.996203055422471 ], [ 77.735909671901439, 12.996208957780786 ], [ 77.735632671998431, 12.996486490707788 ], [ 77.735352662794611, 12.996489441198571 ], [ 77.73479866039402, 12.997044506042991 ], [ 77.734801668604788, 12.997319088416404 ], [ 77.734247663271631, 12.997874152661637 ], [ 77.733967652187118, 12.997877101968806 ], [ 77.73369064822316, 12.998154633586443 ], [ 77.733130625094716, 12.998160530823725 ], [ 77.732576613819688, 12.998715592575259 ], [ 77.731456563725573, 12.998727381541189 ] ] } },
{ "type": "Feature", "properties": { "type": "ghost_drain" }, "geometry": { "type": "LineString", "coordinates": [ [ 77.731456563725573, 12.998727381541189 ], [ 77.73117955566228, 12.999004911201254 ], [ 77.73118256036399, 12.999279494366336 ], [ 77.731465578752065, 12.999551130843402 ], [ 77.731188569974364, 12.999828660677075 ], [ 77.730628541918392, 12.999834553265204 ], [ 77.730634550576099, 13.000383719807381 ], [ 77.730357539955506, 13.000661249103972 ], [ 77.730360544149619, 13.000935832423197 ], [ 77.730083532676503, 13.001213361598563 ], [ 77.730086536701378, 13.001487944969154 ] ] } },
{ "type": "Feature", "properties": { "type": "ghost_drain" }, "geometry": { "type": "LineString", "coordinates": [ [ 77.682706762038549, 12.996764188876233 ], [ 77.682983832673301, 12.996486700862039 ], [ 77.683543875377211, 12.996480912468193 ], [ 77.68409801330462, 12.995925934944362 ], [ 77.684095061153613, 12.995651340972064 ], [ 77.684926262720651, 12.994818873498126 ], [ 77.684920357186471, 12.994269685874926 ], [ 77.685197422668779, 12.993992196468367 ], [ 77.685194469764198, 12.993717602703896 ], [ 77.685471534393201, 12.993440113173101 ], [ 77.685468581317238, 12.993165519458989 ], [ 77.687130954762026, 12.991500578814399 ], [ 77.687413924421776, 12.991772274699724 ], [ 77.687693939502765, 12.99176937691089 ], [ 77.688259881142329, 12.992312766650288 ], [ 77.689379942700114, 12.992301169568972 ], [ 77.689934057706495, 12.991746183761807 ], [ 77.689931100125889, 12.991471591022108 ], [ 77.690491128383655, 12.991465789850947 ], [ 77.691045238956576, 12.99091080248388 ], [ 77.691036363346697, 12.990087024947977 ], [ 77.691313416995371, 12.98980953116423 ], [ 77.691310458355716, 12.989534938696305 ], [ 77.691027488348482, 12.989263247353996 ], [ 77.691021572022805, 12.988714062259078 ], [ 77.691298624476772, 12.988436568760072 ], [ 77.691292707945095, 12.98788738375324 ], [ 77.692400909712219, 12.986777408406859 ], [ 77.692397950592834, 12.98650281612162 ] ] } },
{ "type": "Feature", "properties": { "type": "ghost_drain" }, "geometry": { "type": "LineString", "coordinates": [ [ 77.607378470607657, 12.997531684455172 ], [ 77.608227197354694, 12.998347077731619 ], [ 77.608230066734237, 12.998621688554568 ], [ 77.609078800130717, 12.999437077751718 ], [ 77.609358841619766, 12.999434262738005 ], [ 77.609924667439259, 12.999977852657032 ], [ 77.610484751184913, 12.999972220274323 ], [ 77.611050580427843, 13.00051580701896 ], [ 77.612450791050875, 13.000501717160057 ] ] } },
{ "type": "Feature", "properties": { "type": "ghost_drain" }, "geometry": { "type": "LineString", "coordinates": [ [ 77.612450791050875, 13.000501717160057 ], [ 77.614668111200743, 12.998282282633529 ], [ 77.614665234821089, 12.998007673219359 ], [ 77.615496719015312, 12.997175382392681 ], [ 77.615776756528803, 12.9971725609416 ], [ 77.615773879184616, 12.996897951748224 ], [ 77.616328197680147, 12.996343089906086 ], [ 77.616608234073865, 12.996340267736157 ], [ 77.617994017695906, 12.994953108706758 ] ] } },
{ "type": "Feature", "properties": { "type": "ghost_drain" }, "geometry": { "type": "LineString", "coordinates": [ [ 77.617994017695906, 12.994953108706758 ], [ 77.618271172577479, 12.994675676348008 ], [ 77.618268293063863, 12.994401067651792 ], [ 77.618545447090227, 12.994123635164071 ], [ 77.618542567401761, 12.99384902651671 ], [ 77.618822600502384, 12.993846202492135 ], [ 77.619376905484103, 12.993291336595686 ], [ 77.619362504089267, 12.991918294123952 ], [ 77.620748249774124, 12.990531127543187 ] ] } },
{ "type": "Feature", "properties": { "type": "ghost_drain" }, "geometry": { "type": "LineString", "coordinates": [ [ 77.669828624671737, 12.99717157562981 ], [ 77.669268574114525, 12.99717733475835 ], [ 77.668985612897174, 12.99690561651909 ], [ 77.66895919339224, 12.994434240063701 ], [ 77.667827368146504, 12.993347360277442 ] ] } },
{ "type": "Feature", "properties": { "type": "ghost_drain" }, "geometry": { "type": "LineString", "coordinates": [ [ 77.661165375596013, 12.998908301248498 ], [ 77.661448332719203, 12.999180029196005 ], [ 77.661728362066825, 12.99917715777752 ], [ 77.661731290456771, 12.999451756710387 ], [ 77.662011320044357, 12.999448884927919 ], [ 77.663426119148269, 13.000807514182171 ], [ 77.663706149868403, 13.000804640278274 ] ] } },
{ "type": "Feature", "properties": { "type": "ghost_drain" }, "geometry": { "type": "LineString", "coordinates": [ [ 77.663706149868403, 13.000804640278274 ], [ 77.663694426765204, 12.999706246393599 ], [ 77.663971525274363, 12.999428774014921 ], [ 77.664251554323826, 12.999425899822254 ], [ 77.664245692081749, 12.998876703079418 ], [ 77.66507698136023, 12.998044284472904 ], [ 77.665357008604587, 12.998041409389115 ], [ 77.666742476576772, 12.996654040211066 ] ] } },
{ "type": "Feature", "properties": { "type": "ghost_drain" }, "geometry": { "type": "LineString", "coordinates": [ [ 77.731733571174644, 12.998449851702155 ], [ 77.731456563725573, 12.998727381541189 ] ] } },
{ "type": "Feature", "properties": { "type": "ghost_drain" }, "geometry": { "type": "LineString", "coordinates": [ [ 77.711012473619789, 12.998667095854957 ], [ 77.713812643912803, 12.998637834921123 ], [ 77.714089674804285, 12.998360320073902 ], [ 77.7143726771491, 12.998631979119866 ], [ 77.715492742798929, 12.998620263902884 ], [ 77.715495730164065, 12.998894850673821 ], [ 77.716061739356348, 12.999438164396681 ], [ 77.716064727541536, 12.999712751020247 ], [ 77.716630739942502, 13.000256062859499 ], [ 77.716910757751961, 13.000253131713396 ], [ 77.717193765112469, 13.000524786614204 ], [ 77.717473783091847, 13.000521854801603 ], [ 77.718027837830945, 12.999966817954036 ], [ 77.718310845769736, 13.000238471464273 ], [ 77.71859086316735, 13.000235538510724 ], [ 77.718873871958976, 13.000507191219876 ], [ 77.719433907025163, 13.000501323678455 ], [ 77.719987956502592, 12.999946283510248 ], [ 77.720547989790589, 12.999940413815217 ], [ 77.721114010574979, 13.000483713824318 ], [ 77.72139402759278, 13.000480777794275 ], [ 77.721671050007501, 13.000203256139921 ], [ 77.721951066580644, 13.000200319571512 ], [ 77.722234078233697, 13.000471967896685 ], [ 77.722514094976489, 13.000469030661668 ], [ 77.722797107482265, 13.000740678185469 ], [ 77.723077124394706, 13.000737740283821 ], [ 77.723354144792268, 13.000460217149174 ], [ 77.723634161259952, 13.00045727870919 ], [ 77.723628167959845, 12.999908108954591 ], [ 77.724182205206702, 12.999353061903795 ], [ 77.724179208183159, 12.999078477132182 ], [ 77.724733242496313, 12.998523429479498 ], [ 77.726973352358357, 12.998499905071624 ] ] } },
{ "type": "Feature", "properties": { "type": "ghost_drain" }, "geometry": { "type": "LineString", "coordinates": [ [ 77.620006134457753, 12.999876285352101 ], [ 77.619440291271601, 12.999332721564201 ], [ 77.619717448142993, 12.999055287123165 ], [ 77.619711683993259, 12.998506070546886 ], [ 77.619988839768084, 12.998228636032184 ], [ 77.619705920108203, 12.997956853944917 ], [ 77.61942588259879, 12.997959679798841 ], [ 77.61914296379436, 12.997687896917434 ], [ 77.618862926459812, 12.997690722107087 ], [ 77.618860045604308, 12.997416113604901 ], [ 77.618577128028647, 12.997144329861271 ], [ 77.618574247612628, 12.996869721284543 ], [ 77.618008415051008, 12.996326152367846 ], [ 77.617994017695906, 12.994953108706758 ] ] } },
{ "type": "Feature", "properties": { "type": "ghost_drain" }, "geometry": { "type": "LineString", "coordinates": [ [ 77.511065807078268, 13.000953084738134 ], [ 77.511345871818875, 13.000950375089912 ], [ 77.511623172813344, 13.000673033538877 ], [ 77.511620409194123, 13.000398401931141 ], [ 77.511897709329915, 13.000121060243465 ], [ 77.513017963461579, 13.000110216934925 ], [ 77.513300792235768, 13.000382136613101 ], [ 77.513860919408444, 13.000376712428929 ], [ 77.514143749285111, 13.000648630959496 ], [ 77.514703876691428, 13.000643204848211 ], [ 77.514981172991611, 13.000365860443358 ], [ 77.514972871449743, 12.999541967713961 ], [ 77.51635934007318, 12.998155243644423 ], [ 77.517199521263905, 12.998147098392034 ], [ 77.517476812032015, 12.99786975228435 ], [ 77.518877110890045, 12.997856169625928 ] ] } },
{ "type": "Feature", "properties": { "type": "ghost_drain" }, "geometry": { "type": "LineString", "coordinates": [ [ 77.518877110890045, 12.997856169625928 ], [ 77.519708973943153, 12.997024126538147 ], [ 77.520269090815347, 12.997018689913249 ], [ 77.520546376528728, 12.996741341355413 ], [ 77.520826434498389, 12.996738622348987 ], [ 77.520823661627574, 12.996463992608648 ], [ 77.521100946111886, 12.996186643672971 ], [ 77.521098173061176, 12.995912013979284 ], [ 77.521375456687423, 12.995634664907749 ], [ 77.5213671371868, 12.994810775947526 ], [ 77.521921701134772, 12.994256077556141 ], [ 77.522761865601851, 12.994247916717494 ], [ 77.522759091153745, 12.993973287335729 ], [ 77.523036370849894, 12.993695937184372 ] ] } },
{ "type": "Feature", "properties": { "type": "ghost_drain" }, "geometry": { "type": "LineString", "coordinates": [ [ 77.527032176477846, 13.001072782011935 ], [ 77.527592299254536, 13.001067327930478 ] ] } },
{ "type": "Feature", "properties": { "type": "ghost_drain" }, "geometry": { "type": "LineString", "coordinates": [ [ 77.527592299254536, 13.001067327930478 ], [ 77.527869578973011, 13.000789972286412 ], [ 77.527866797462806, 13.00051534412885 ], [ 77.527583955645966, 13.000243443279103 ], [ 77.527578393559537, 12.999694186812947 ] ] } },
{ "type": "Feature", "properties": { "type": "ghost_drain" }, "geometry": { "type": "LineString", "coordinates": [ [ 77.467097575383008, 13.001649401318337 ], [ 77.467094860515729, 13.001374760396107 ], [ 77.466812071341735, 13.001102781424287 ], [ 77.465131623818692, 13.001118746833447 ], [ 77.464000479154222, 13.000030818075258 ] ] } },
{ "type": "Feature", "properties": { "type": "ghost_drain" }, "geometry": { "type": "LineString", "coordinates": [ [ 77.638777346122168, 13.000510029719958 ], [ 77.638494406965123, 13.000238272585859 ], [ 77.638482795266199, 12.999139856137516 ], [ 77.63875992673043, 12.998862405420448 ], [ 77.6387483151357, 12.99776398909213 ], [ 77.639302574296693, 12.997209087553879 ], [ 77.639019639144905, 12.996937330323405 ], [ 77.639002223109273, 12.995289705895265 ], [ 77.639279350458779, 12.995012255480475 ], [ 77.638713486750078, 12.99446873948977 ], [ 77.638701879421006, 12.993370322749872 ], [ 77.639256130887318, 12.992815422995507 ], [ 77.63924452270146, 12.991717006598705 ], [ 77.638961595024668, 12.99144524799603 ], [ 77.638121517233841, 12.991453782727179 ], [ 77.636423968394112, 12.989823215504027 ], [ 77.636409477342568, 12.98845019153099 ], [ 77.636686602044875, 12.988172744659897 ], [ 77.637246647270828, 12.988167059642393 ], [ 77.638355136953223, 12.987057268415079 ] ] } },
{ "type": "Feature", "properties": { "type": "ghost_drain" }, "geometry": { "type": "LineString", "coordinates": [ [ 77.700666640169146, 13.000148050102633 ], [ 77.702346767558851, 13.000130562117226 ], [ 77.703195753114784, 13.000945582679636 ], [ 77.703475774824284, 13.000942665866187 ], [ 77.704041768744673, 13.001486010002337 ], [ 77.704062598368083, 13.003408135132711 ], [ 77.704911601743575, 13.004223146599335 ], [ 77.704923510395375, 13.005321502832246 ], [ 77.704643484111358, 13.005324422171629 ], [ 77.704649438232593, 13.005873600376733 ], [ 77.704929465131244, 13.005870680909897 ], [ 77.704938397747512, 13.006694447977873 ], [ 77.704384296227659, 13.007249465260355 ], [ 77.704667302236032, 13.00752113483683 ], [ 77.704673257450423, 13.008070312938452 ], [ 77.704956264824929, 13.008341981939196 ], [ 77.70495924291032, 13.008616570910112 ], [ 77.703851030717942, 13.009726606356194 ], [ 77.703856985180963, 13.010275784736606 ], [ 77.703579930117542, 13.010553293261284 ], [ 77.703582907212365, 13.010827882499017 ], [ 77.703865917387802, 13.011099552258708 ], [ 77.703874850209388, 13.011923319722584 ], [ 77.704157862127076, 13.012194988836349 ], [ 77.704717930269879, 13.012189147875878 ], [ 77.705000943280865, 13.012460815823678 ], [ 77.705280977488911, 13.012457894525857 ], [ 77.70528991594766, 13.013281660936867 ] ] } },
{ "type": "Feature", "properties": { "type": "ghost_drain" }, "geometry": { "type": "LineString", "coordinates": [ [ 77.70528991594766, 13.013281660936867 ], [ 77.705572930940335, 13.013553327873261 ], [ 77.705575910939146, 13.013827916593774 ], [ 77.706141943521388, 13.014371249019495 ], [ 77.706702015627485, 13.014365402817241 ], [ 77.706699034261845, 13.014090814364703 ], [ 77.706976088299996, 13.013813302479729 ], [ 77.707256123567035, 13.013810378752192 ], [ 77.70753317661422, 13.013532866448937 ], [ 77.708093246191254, 13.013527017613571 ], [ 77.708376263951152, 13.013798680826266 ], [ 77.709216368520828, 13.013789904215285 ], [ 77.70978240732029, 13.014333227141194 ], [ 77.710062442518108, 13.014330300270208 ], [ 77.710345463079506, 13.014601960714108 ], [ 77.710625498447925, 13.014599033176092 ], [ 77.710628484255977, 13.014873620722229 ], [ 77.710911506047552, 13.015145280294549 ] ] } },
{ "type": "Feature", "properties": { "type": "ghost_drain" }, "geometry": { "type": "LineString", "coordinates": [ [ 77.710911506047552, 13.015145280294549 ], [ 77.711477551476023, 13.015688598131703 ], [ 77.712037624056833, 13.015682739830218 ], [ 77.713169724207944, 13.01676936734976 ], [ 77.71428987237185, 13.01675764127855 ], [ 77.71485592805071, 13.017300949497869 ], [ 77.714870884271875, 13.018673882046427 ], [ 77.715150923157566, 13.018670948723466 ], [ 77.716000017650629, 13.019485905628148 ], [ 77.716280057184832, 13.01948297090647 ], [ 77.717129157932874, 13.020297922788501 ] ] } },
{ "type": "Feature", "properties": { "type": "ghost_drain" }, "geometry": { "type": "LineString", "coordinates": [ [ 77.717129157932874, 13.020297922788501 ], [ 77.717695228175003, 13.020841221862023 ], [ 77.718535349951068, 13.02083241040061 ], [ 77.718818386712272, 13.021104058185621 ], [ 77.719098427405939, 13.021101120062553 ], [ 77.719381465021513, 13.021372767045417 ] ] } },
{ "type": "Feature", "properties": { "type": "ghost_drain" }, "geometry": { "type": "LineString", "coordinates": [ [ 77.719381465021513, 13.021372767045417 ], [ 77.719384462080853, 13.021647352446603 ], [ 77.719667500688274, 13.021918998922541 ], [ 77.719670498192741, 13.02219358424669 ] ] } },
{ "type": "Feature", "properties": { "type": "ghost_drain" }, "geometry": { "type": "LineString", "coordinates": [ [ 77.719670498192741, 13.02219358424669 ], [ 77.721350747472073, 13.022175944012554 ], [ 77.721633788505301, 13.022447587786317 ], [ 77.733395474096568, 13.022323786601456 ] ] } },
{ "type": "Feature", "properties": { "type": "ghost_drain" }, "geometry": { "type": "LineString", "coordinates": [ [ 77.733395474096568, 13.022323786601456 ], [ 77.734226549323807, 13.021491177341375 ] ] } },
{ "type": "Feature", "properties": { "type": "ghost_drain" }, "geometry": { "type": "LineString", "coordinates": [ [ 77.734226549323807, 13.021491177341375 ], [ 77.734503573168752, 13.021213640562554 ], [ 77.735063647386156, 13.021207730092051 ], [ 77.735057619012579, 13.020658566466844 ], [ 77.735334641011463, 13.020381029149993 ], [ 77.735325598253738, 13.019557283837379 ], [ 77.735602618921675, 13.019279746515107 ], [ 77.735882653634874, 13.019276790675004 ], [ 77.736159673310823, 13.018999252936249 ], [ 77.736442722853909, 13.019270878089761 ], [ 77.73756286046229, 13.01925904929913 ], [ 77.737839877877562, 13.018981510137218 ], [ 77.738399945513194, 13.018975593457505 ], [ 77.738396928153193, 13.018701012369974 ], [ 77.738673943961189, 13.018423472612636 ], [ 77.738670926431965, 13.018148891576645 ], [ 77.739791056904778, 13.018137054164955 ], [ 77.740074108417218, 13.0184086747712 ], [ 77.740354141100767, 13.018405714297948 ], [ 77.740637193466796, 13.01867733410071 ] ] } },
{ "type": "Feature", "properties": { "type": "ghost_drain" }, "geometry": { "type": "LineString", "coordinates": [ [ 77.740637193466796, 13.01867733410071 ], [ 77.741197259102933, 13.018671411516783 ], [ 77.741751282567023, 13.018116327081051 ], [ 77.741748261723401, 13.017841746748729 ], [ 77.742025272294342, 13.017564204320545 ], [ 77.742004126660504, 13.015642142219335 ], [ 77.742281134948328, 13.015364600019035 ], [ 77.742278114182326, 13.015090019751014 ], [ 77.743663145204778, 13.013702306357784 ], [ 77.743657101498627, 13.013153146383619 ], [ 77.744497179110041, 13.013144255979578 ], [ 77.744774181862894, 13.012866712170309 ], [ 77.745340279760711, 13.013409942464193 ], [ 77.7453433034933, 13.013684522060073 ], [ 77.745909404604603, 13.014227750462084 ], [ 77.747309536985611, 13.014212918259302 ], [ 77.747863536244225, 13.013657825259838 ], [ 77.74842358720322, 13.013651889320691 ], [ 77.748417533042996, 13.01310273154618 ], [ 77.748694530520012, 13.012825184421578 ], [ 77.74981462763742, 13.012813308496025 ] ] } },
{ "type": "Feature", "properties": { "type": "ghost_drain" }, "geometry": { "type": "LineString", "coordinates": [ [ 77.458703416086209, 13.002553060304109 ], [ 77.457855068043543, 13.001737090530343 ] ] } },
{ "type": "Feature", "properties": { "type": "ghost_drain" }, "geometry": { "type": "LineString", "coordinates": [ [ 77.482798068613889, 13.003147669834334 ], [ 77.48252072750175, 13.003424986812472 ], [ 77.482240653804382, 13.003427665877462 ], [ 77.482243385774666, 13.003702303599718 ], [ 77.481966043432621, 13.003979620196047 ], [ 77.481405894494401, 13.003984977052262 ], [ 77.481123089128175, 13.003713017078226 ], [ 77.479442642277959, 13.003729078249632 ], [ 77.478887949575579, 13.004283706389417 ], [ 77.478890678043982, 13.004558344794054 ], [ 77.478610602301899, 13.004561020172687 ], [ 77.47861333052542, 13.004835658629377 ], [ 77.478058633643187, 13.005390285726655 ], [ 77.477218402897847, 13.005398308769221 ], [ 77.476652796425057, 13.004854378244609 ], [ 77.476092643261651, 13.004859723991924 ], [ 77.475809841437723, 13.004587757372752 ] ] } },
{ "type": "Feature", "properties": { "type": "ghost_drain" }, "geometry": { "type": "LineString", "coordinates": [ [ 77.475809841437723, 13.004587757372752 ], [ 77.475807116351874, 13.004313118325932 ], [ 77.475524315513027, 13.004041151217447 ], [ 77.475507968531758, 13.002393316414782 ], [ 77.475225170527992, 13.002121348493544 ], [ 77.475216998991655, 13.001297430812288 ], [ 77.474368611999253, 13.000481523919383 ], [ 77.474349555038145, 12.998559047749048 ], [ 77.47406676319288, 12.998287077483184 ] ] } },
{ "type": "Feature", "properties": { "type": "ghost_drain" }, "geometry": { "type": "LineString", "coordinates": [ [ 77.545258443038819, 13.00309190251309 ], [ 77.544703924669619, 13.003646644543453 ], [ 77.544423864147433, 13.003649390721732 ], [ 77.544146603668878, 13.003926761213467 ], [ 77.543586481688294, 13.003932252182478 ], [ 77.543309219851466, 13.004209622003117 ], [ 77.543029158393097, 13.004212366793814 ], [ 77.542751895569694, 13.004489736184846 ], [ 77.542191771716844, 13.004495224378555 ], [ 77.541914507535211, 13.004772593098311 ], [ 77.540794257572173, 13.004783564901128 ], [ 77.540516991288982, 13.005060932466218 ], [ 77.539956865179008, 13.005066416075209 ], [ 77.539402329281245, 13.005621149674109 ], [ 77.539122265386737, 13.005623890542941 ], [ 77.538013184725116, 13.006733354514665 ], [ 77.537172988197256, 13.006741572411009 ], [ 77.536618441946672, 13.007296301816202 ], [ 77.536338375565947, 13.007299040028252 ], [ 77.536061101146487, 13.007576404206411 ], [ 77.535781034330071, 13.007579141875055 ], [ 77.535498176039326, 13.00730725285492 ], [ 77.535218109402308, 13.007309989860646 ], [ 77.534663556975573, 13.007864716093776 ], [ 77.534383489531351, 13.007867452314199 ] ] } },
{ "type": "Feature", "properties": { "type": "ghost_drain" }, "geometry": { "type": "LineString", "coordinates": [ [ 77.534383489531351, 13.007867452314199 ], [ 77.534100632086449, 13.007595561553568 ], [ 77.53382056482171, 13.007598297111091 ], [ 77.532406288040477, 13.006238835090864 ], [ 77.532126221929317, 13.006241568540476 ], [ 77.531843368661654, 13.00596967449324 ], [ 77.531563302730063, 13.005972407280078 ], [ 77.531280450320907, 13.005700512444376 ], [ 77.531000384568884, 13.005703244568455 ], [ 77.530723104551527, 13.005980603831258 ], [ 77.529882905797521, 13.005988797668449 ] ] } },
{ "type": "Feature", "properties": { "type": "ghost_drain" }, "geometry": { "type": "LineString", "coordinates": [ [ 77.529882905797521, 13.005988797668449 ], [ 77.529880120921405, 13.005714170049306 ], [ 77.529597270345008, 13.005442272980508 ], [ 77.529586132965235, 13.004343762176106 ], [ 77.529303284489288, 13.004071864416206 ], [ 77.529023220134604, 13.004074594071854 ], [ 77.529009303241679, 13.002701454794785 ], [ 77.527595080585101, 13.001341956134842 ], [ 77.527592299254536, 13.001067327930478 ] ] } },
{ "type": "Feature", "properties": { "type": "ghost_drain" }, "geometry": { "type": "LineString", "coordinates": [ [ 77.496535323236117, 13.004389187993739 ], [ 77.496255251453618, 13.004391882370493 ], [ 77.495977926896671, 13.004669211268324 ], [ 77.495417782401347, 13.004674598631714 ], [ 77.494863129960251, 13.005229254885462 ], [ 77.493182690515084, 13.005245406824889 ], [ 77.492905361148871, 13.005522733209412 ], [ 77.492345213422126, 13.005528114290994 ], [ 77.491790551362556, 13.006082765517258 ], [ 77.491796037533433, 13.006632036842785 ], [ 77.491518705091877, 13.006909362274847 ], [ 77.491521448027157, 13.0071839979804 ], [ 77.490689446277841, 13.008015973290188 ], [ 77.490694930869424, 13.008565244996218 ], [ 77.490414853150739, 13.00856793392076 ], [ 77.49013751714412, 13.008845258504488 ], [ 77.489577360776934, 13.008850634962663 ], [ 77.489022685435927, 13.009405282586112 ], [ 77.489028166965312, 13.009954554932564 ], [ 77.488473488184312, 13.010509202002208 ] ] } },
{ "type": "Feature", "properties": { "type": "ghost_drain" }, "geometry": { "type": "LineString", "coordinates": [ [ 77.488473488184312, 13.010509202002208 ], [ 77.488193407809021, 13.010511888923997 ], [ 77.487916067125056, 13.010789211929586 ], [ 77.487921546822022, 13.011338484681495 ], [ 77.487644205033121, 13.011615807600784 ], [ 77.487361383911136, 13.011343857368297 ], [ 77.485680893670235, 13.011359968187357 ], [ 77.485115256210449, 13.010816062122736 ], [ 77.484555093273755, 13.010821428540835 ], [ 77.48316835839465, 13.012208026116932 ], [ 77.482888274979928, 13.01221070765742 ], [ 77.48260545728013, 13.011938751429707 ], [ 77.482325374047633, 13.011941432308198 ], [ 77.482322640195719, 13.011666794776879 ], [ 77.481474192634707, 13.010850922267881 ], [ 77.481194110382063, 13.010853601705506 ], [ 77.480911296004038, 13.010581642992216 ], [ 77.480071049604931, 13.010589678414275 ], [ 77.479222612367607, 13.009773796483147 ], [ 77.479219882401495, 13.009499158257817 ], [ 77.478937071589911, 13.009227196699483 ], [ 77.478928883178227, 13.008403281790967 ], [ 77.478646074092637, 13.008131319613415 ], [ 77.478085914424184, 13.008136670984484 ], [ 77.477803106443744, 13.007864707661991 ], [ 77.477523026760565, 13.007867382535004 ], [ 77.477240219640322, 13.007595418427687 ], [ 77.477237492328442, 13.007320779742642 ], [ 77.476954686193537, 13.007048815145836 ], [ 77.476949232497873, 13.006499537627189 ], [ 77.476383623554042, 13.005955606900478 ], [ 77.476380897540338, 13.005680968002164 ], [ 77.476100820004774, 13.005683640900092 ], [ 77.47581801707058, 13.005411674475051 ], [ 77.475809841437723, 13.004587757372752 ] ] } },
{ "type": "Feature", "properties": { "type": "ghost_drain" }, "geometry": { "type": "LineString", "coordinates": [ [ 77.68893822728694, 13.003290682628096 ], [ 77.689778310005252, 13.003281975859144 ], [ 77.690061297944311, 13.003553665462229 ], [ 77.690901380769091, 13.003544954887023 ], [ 77.691750350427469, 13.004360017806034 ], [ 77.692030378617702, 13.004357112583968 ], [ 77.692596361941469, 13.004900484960437 ], [ 77.692876390542267, 13.004897578707395 ], [ 77.6928852826954, 13.005721354055645 ], [ 77.693734266386898, 13.006536407636169 ] ] } },
{ "type": "Feature", "properties": { "type": "ghost_drain" }, "geometry": { "type": "LineString", "coordinates": [ [ 77.693734266386898, 13.006536407636169 ], [ 77.694017262180111, 13.006808091293417 ], [ 77.69429729259204, 13.00680518308917 ], [ 77.694863286501217, 13.007348548369352 ], [ 77.69486625324808, 13.007623139656122 ], [ 77.697130256479483, 13.009796582820131 ], [ 77.697133226298547, 13.010071173540572 ], [ 77.697699234005896, 13.010614529841469 ], [ 77.698259301598128, 13.010608703514835 ], [ 77.699391326306099, 13.011695407974516 ], [ 77.699951395539898, 13.011689577520944 ], [ 77.700517412540634, 13.01223292567906 ], [ 77.700523360853325, 13.012782105471004 ], [ 77.701089381816914, 13.013325451607651 ], [ 77.701649453921988, 13.013319616771941 ], [ 77.702781505143861, 13.014406300899298 ], [ 77.703061542051032, 13.01440338156808 ] ] } },
{ "type": "Feature", "properties": { "type": "ghost_drain" }, "geometry": { "type": "LineString", "coordinates": [ [ 77.703061542051032, 13.01440338156808 ], [ 77.703341578889933, 13.014400461935269 ], [ 77.703618637677778, 13.014122952847231 ], [ 77.703615659763329, 13.013848363687131 ], [ 77.704446831718897, 13.01301583551086 ], [ 77.705006901570016, 13.013009993564957 ], [ 77.70528991594766, 13.013281660936867 ] ] } },
{ "type": "Feature", "properties": { "type": "ghost_drain" }, "geometry": { "type": "LineString", "coordinates": [ [ 77.601572049382426, 13.004730601258601 ], [ 77.602137875857665, 13.005274208917214 ] ] } },
{ "type": "Feature", "properties": { "type": "ghost_drain" }, "geometry": { "type": "LineString", "coordinates": [ [ 77.602137875857665, 13.005274208917214 ], [ 77.603818172403138, 13.005257351786591 ], [ 77.603815306360659, 13.004982740135221 ], [ 77.604369670951002, 13.004427895726071 ], [ 77.605209815174447, 13.004419461834472 ], [ 77.60604135409055, 13.003587191671782 ], [ 77.606601447671224, 13.00358156612992 ], [ 77.606878625334062, 13.003304141892233 ], [ 77.608278856267148, 13.003290071562681 ], [ 77.608833206016442, 13.002735220132697 ], [ 77.610233431569682, 13.002721139868369 ], [ 77.612450791050875, 13.000501717160057 ] ] } },
{ "type": "Feature", "properties": { "type": "ghost_drain" }, "geometry": { "type": "LineString", "coordinates": [ [ 77.588689719606009, 13.004859445332446 ], [ 77.588406818415336, 13.004587624177395 ], [ 77.588401120603507, 13.004038394100894 ], [ 77.588118220773197, 13.003766572381188 ], [ 77.587838169685341, 13.003769365407907 ], [ 77.587555270711803, 13.003497542895952 ], [ 77.586995168823975, 13.003503127320212 ], [ 77.586992321683809, 13.003228511954653 ], [ 77.586709424181777, 13.002956688220747 ], [ 77.586706577479674, 13.002682072781418 ], [ 77.58500920761233, 13.001051120950063 ], [ 77.584729158879227, 13.00105391005175 ], [ 77.584446266294663, 13.00078208288047 ], [ 77.584443422573756, 13.000507466902482 ], [ 77.584160530976405, 13.000235639234322 ], [ 77.584143472257395, 12.998587942828058 ], [ 77.583294807858408, 12.997772456035186 ], [ 77.583014762420973, 12.997775242598154 ], [ 77.58218314774328, 12.998607450046983 ], [ 77.581623054437799, 12.998613020826134 ], [ 77.580208627735686, 12.997253857726996 ], [ 77.579928582195365, 12.997256640853944 ], [ 77.579362816299849, 12.996712971884918 ], [ 77.578802725991935, 12.996718535786632 ], [ 77.578519844449929, 12.99644669993414 ], [ 77.57823979944034, 12.996449481071023 ], [ 77.577956918754822, 12.996177644427304 ], [ 77.577954083209164, 12.99590302694158 ], [ 77.576273815079915, 12.995919704899549 ], [ 77.575990936833676, 12.9956478655876 ], [ 77.574590712813603, 12.995661753791167 ] ] } },
{ "type": "Feature", "properties": { "type": "ghost_drain" }, "geometry": { "type": "LineString", "coordinates": [ [ 77.574590712813603, 12.995661753791167 ], [ 77.574024960585589, 12.995118070260769 ], [ 77.574302173743419, 12.994840675646005 ], [ 77.574293680257611, 12.994016820706324 ], [ 77.574010806311705, 12.993744978391373 ], [ 77.57400797565198, 12.993470359998296 ], [ 77.573442230347283, 12.992926673947562 ], [ 77.573439400496838, 12.992652055414 ], [ 77.573156529137961, 12.992380211678281 ], [ 77.573153699724628, 12.99210559307129 ], [ 77.572587959593662, 12.99156190417929 ], [ 77.572865171464528, 12.991284511472475 ], [ 77.572582302450272, 12.991012666678031 ], [ 77.57146214112862, 12.991023759261514 ], [ 77.571439524979596, 12.988826807061322 ], [ 77.571156660523812, 12.988554959855223 ], [ 77.5711425294012, 12.987181864187326 ] ] } },
{ "type": "Feature", "properties": { "type": "ghost_drain" }, "geometry": { "type": "LineString", "coordinates": [ [ 77.568254219565731, 13.005886463978264 ], [ 77.568808679805556, 13.005331680448826 ], [ 77.569088736860067, 13.005328907618741 ], [ 77.569920421491176, 13.004496730200431 ], [ 77.569917592906705, 13.004222111147953 ], [ 77.570472045768255, 13.003667325376828 ], [ 77.57075210058872, 13.003664551101156 ], [ 77.570749271276824, 13.003389932211165 ], [ 77.571026496170632, 13.003112538858796 ], [ 77.571309380108133, 13.003384382876593 ], [ 77.572149542867862, 13.003376056613822 ], [ 77.572146712083992, 13.003101438020392 ], [ 77.572423934873626, 13.002824043517943 ], [ 77.572421103912333, 13.002549424972313 ], [ 77.572698325844854, 13.002272030337467 ] ] } },
{ "type": "Feature", "properties": { "type": "ghost_drain" }, "geometry": { "type": "LineString", "coordinates": [ [ 77.572698325844854, 13.002272030337467 ], [ 77.573529987954117, 13.00143984531347 ], [ 77.573527156088417, 13.001165226978333 ], [ 77.57380437531981, 13.000887831651486 ], [ 77.573521492552075, 13.000615990288853 ], [ 77.573798711298863, 13.00033859507049 ], [ 77.573795879385912, 13.000063976770386 ], [ 77.574073097275814, 12.999786581419782 ], [ 77.573790215755068, 12.999514740150977 ], [ 77.573781720796461, 12.998690885173838 ], [ 77.574613368988707, 12.997858699376446 ], [ 77.574330489589556, 12.997586858362229 ], [ 77.574324825900106, 12.997037621870193 ], [ 77.574602040380867, 12.996760226635018 ], [ 77.574590712813603, 12.995661753791167 ] ] } },
{ "type": "Feature", "properties": { "type": "ghost_drain" }, "geometry": { "type": "LineString", "coordinates": [ [ 77.694276532525748, 13.00488304292155 ], [ 77.694279498045333, 13.005157634393452 ], [ 77.693725370855489, 13.005712632917168 ], [ 77.693734266386898, 13.006536407636169 ] ] } },
{ "type": "Feature", "properties": { "type": "ghost_drain" }, "geometry": { "type": "LineString", "coordinates": [ [ 77.660395549299196, 13.005507292892988 ], [ 77.660949764772653, 13.00495235131646 ], [ 77.661789872375081, 13.004943734014502 ], [ 77.662638771745975, 13.005758909808602 ], [ 77.662918808199265, 13.00575603567936 ] ] } },
{ "type": "Feature", "properties": { "type": "ghost_drain" }, "geometry": { "type": "LineString", "coordinates": [ [ 77.662918808199265, 13.00575603567936 ], [ 77.663195913112091, 13.005478562777716 ], [ 77.663192981706189, 13.005203964300293 ], [ 77.663470085764246, 13.004926491272577 ], [ 77.66346715418554, 13.004651892845004 ], [ 77.663184187892099, 13.004380168829321 ], [ 77.663172463748495, 13.003281774777788 ], [ 77.663449566126275, 13.003004302144204 ], [ 77.663431980489108, 13.001356711211351 ], [ 77.66370908081241, 13.001079238733332 ], [ 77.663706149868403, 13.000804640278274 ] ] } },
{ "type": "Feature", "properties": { "type": "ghost_drain" }, "geometry": { "type": "LineString", "coordinates": [ [ 77.649754105578268, 13.005616192430738 ], [ 77.649757022297919, 13.00589079390604 ], [ 77.649202775427511, 13.006445716709242 ], [ 77.649220274265417, 13.008093326097617 ], [ 77.648388895019735, 13.008925709936875 ], [ 77.647828808306429, 13.008931427917316 ], [ 77.646166028719662, 13.010596187780141 ], [ 77.646174770701379, 13.011419994272149 ], [ 77.646457731695293, 13.011691738769391 ], [ 77.646460646197298, 13.011966340851712 ], [ 77.645906379757164, 13.012521260377302 ], [ 77.645920950863015, 13.013894271251369 ], [ 77.645643815516678, 13.014171731018626 ], [ 77.645649643945461, 13.01472093543495 ], [ 77.645372507502401, 13.014998395130577 ], [ 77.645378335716998, 13.015547599632912 ], [ 77.645101198177116, 13.015825059256867 ] ] } },
{ "type": "Feature", "properties": { "type": "ghost_drain" }, "geometry": { "type": "LineString", "coordinates": [ [ 77.645101198177116, 13.015825059256867 ], [ 77.644824060021961, 13.016102518697341 ], [ 77.644835715326678, 13.017200928071755 ], [ 77.644558575592868, 13.017478387552224 ], [ 77.64456148934525, 13.017752989935587 ], [ 77.644844457506892, 13.018024735034906 ], [ 77.644847371700607, 13.018299337343068 ], [ 77.644570231003328, 13.018576797047025 ], [ 77.643730065728931, 13.018585367443233 ], [ 77.643452923292671, 13.018862826245257 ], [ 77.643735891988783, 13.019134572525791 ], [ 77.64374754531012, 13.02023298261358 ] ] } },
{ "type": "Feature", "properties": { "type": "ghost_drain" }, "geometry": { "type": "LineString", "coordinates": [ [ 77.64374754531012, 13.02023298261358 ], [ 77.64375045880746, 13.020507585119416 ], [ 77.644033429991751, 13.020779330623446 ], [ 77.644042172008312, 13.021603137896054 ], [ 77.643765027296155, 13.021880597551926 ], [ 77.643773769191014, 13.022704404934089 ], [ 77.643496623140251, 13.022981864573811 ], [ 77.643499536997794, 13.023256467077488 ], [ 77.64322239009033, 13.023533926589325 ], [ 77.643225303773647, 13.023808529142396 ], [ 77.643508278971211, 13.024080274549842 ], [ 77.643511193095947, 13.024354877027735 ], [ 77.64323404522429, 13.024632336762933 ], [ 77.64324278727608, 13.025456144325453 ], [ 77.643525764721645, 13.0257278893205 ], [ 77.643534508498689, 13.026551696618794 ], [ 77.643814572650314, 13.02654883861709 ], [ 77.644097552076914, 13.026820582608723 ], [ 77.644374700753119, 13.026543121707851 ], [ 77.644654764704299, 13.026540262800321 ], [ 77.64493774485419, 13.026812005699185 ] ] } },
{ "type": "Feature", "properties": { "type": "ghost_drain" }, "geometry": { "type": "LineString", "coordinates": [ [ 77.64493774485419, 13.026812005699185 ], [ 77.645503707001481, 13.027355490197753 ], [ 77.645509541232187, 13.027904694119961 ], [ 77.645229475941875, 13.027907554244987 ], [ 77.64523239284955, 13.028182156258751 ], [ 77.644955243851015, 13.028459618213773 ], [ 77.644966911185705, 13.029558026427859 ], [ 77.644689760606681, 13.029835488422586 ], [ 77.645255730517547, 13.030378972136702 ], [ 77.645535798579672, 13.030376111450664 ], [ 77.645550388334911, 13.031749120853084 ], [ 77.645833376330003, 13.032020861352089 ], [ 77.645853807419996, 13.033943073762982 ], [ 77.645299500176776, 13.034498000795187 ], [ 77.6453024186889, 13.034772602654144 ], [ 77.644748108498192, 13.035327529062439 ], [ 77.645031100643891, 13.035599269760572 ], [ 77.644753944757824, 13.035876732984494 ], [ 77.644771455140955, 13.037524344595809 ], [ 77.644217138623731, 13.038079271162063 ], [ 77.644220056772141, 13.038353873186422 ], [ 77.64450305256041, 13.038625613857093 ], [ 77.644543918907161, 13.042470040557745 ] ] } },
{ "type": "Feature", "properties": { "type": "ghost_drain" }, "geometry": { "type": "LineString", "coordinates": [ [ 77.644543918907161, 13.042470040557745 ], [ 77.644826920563588, 13.04274177983225 ] ] } },
{ "type": "Feature", "properties": { "type": "ghost_drain" }, "geometry": { "type": "LineString", "coordinates": [ [ 77.644826920563588, 13.04274177983225 ], [ 77.645109922836681, 13.043013518673321 ], [ 77.645670087379742, 13.043007791868447 ], [ 77.646224408836346, 13.04245286089118 ], [ 77.647064652898067, 13.042444266976549 ], [ 77.648762685124723, 13.044074676427373 ], [ 77.648768534296977, 13.044623878189954 ], [ 77.649051542577183, 13.044895611443 ], [ 77.649891792956325, 13.04488700677307 ], [ 77.650168950053654, 13.044609537385572 ], [ 77.650449033004037, 13.044606668317588 ], [ 77.651003344597754, 13.044051728511029 ], [ 77.651843590794684, 13.044043118053526 ], [ 77.652126600979273, 13.044314847431352 ], [ 77.653527011173352, 13.044300488797427 ], [ 77.654093035805744, 13.04484394260275 ], [ 77.65493328256504, 13.044835321604618 ], [ 77.655216296530199, 13.045107046761622 ] ] } },
{ "type": "Feature", "properties": { "type": "ghost_drain" }, "geometry": { "type": "LineString", "coordinates": [ [ 77.655216296530199, 13.045107046761622 ], [ 77.655782326310785, 13.045650495773677 ] ] } },
{ "type": "Feature", "properties": { "type": "ghost_drain" }, "geometry": { "type": "LineString", "coordinates": [ [ 77.655782326310785, 13.045650495773677 ], [ 77.65606534212624, 13.045922219628688 ], [ 77.656071208273261, 13.046471418050624 ], [ 77.656351291973991, 13.046468542194805 ], [ 77.656628441883683, 13.046191066954025 ], [ 77.657188608332604, 13.046185313855563 ], [ 77.657754644495085, 13.046728757205198 ], [ 77.659995311462794, 13.046705726874464 ], [ 77.660278332398946, 13.046977444977493 ] ] } },
{ "type": "Feature", "properties": { "type": "ghost_drain" }, "geometry": { "type": "LineString", "coordinates": [ [ 77.660278332398946, 13.046977444977493 ], [ 77.661398665233975, 13.046965921093815 ], [ 77.662507236056314, 13.045856001318699 ], [ 77.665308048404626, 13.045827160854914 ], [ 77.669553479021559, 13.049902785817688 ], [ 77.669833563501086, 13.049899894628819 ], [ 77.670116597385203, 13.05017159911691 ], [ 77.670396682038245, 13.050168707260157 ], [ 77.67067381653473, 13.049891219247339 ], [ 77.670953900744252, 13.049888326848562 ], [ 77.671231034247754, 13.049610838413132 ], [ 77.671791201712225, 13.049605052229099 ], [ 77.672622596264972, 13.048772584387635 ] ] } },
{ "type": "Feature", "properties": { "type": "ghost_drain" }, "geometry": { "type": "LineString", "coordinates": [ [ 77.672622596264972, 13.048772584387635 ], [ 77.672902678767855, 13.048769690123462 ], [ 77.673185713798333, 13.04904139086964 ], [ 77.673462843570903, 13.048763900687767 ], [ 77.673745879083143, 13.049035600703053 ], [ 77.675146291112299, 13.049021119993668 ], [ 77.676278444147769, 13.050107908395232 ], [ 77.679639437676613, 13.050073106296162 ], [ 77.680205523675113, 13.050616489112315 ] ] } },
{ "type": "Feature", "properties": { "type": "ghost_drain" }, "geometry": { "type": "LineString", "coordinates": [ [ 77.680205523675113, 13.050616489112315 ], [ 77.680482645489008, 13.050338992606132 ], [ 77.680762727948178, 13.050336089494548 ], [ 77.68104577197812, 13.050607779588061 ], [ 77.681605937174623, 13.050601971726136 ], [ 77.682437295121431, 13.049769478070393 ], [ 77.686918588863335, 13.049722960135249 ], [ 77.687195700923709, 13.049445458057891 ], [ 77.688316020137933, 13.049433815519288 ], [ 77.688593130075802, 13.049156312303216 ], [ 77.688873209333067, 13.049153400673356 ] ] } },
{ "type": "Feature", "properties": { "type": "ghost_drain" }, "geometry": { "type": "LineString", "coordinates": [ [ 77.688873209333067, 13.049153400673356 ], [ 77.689156258835098, 13.049425080439622 ], [ 77.689996496920486, 13.049416342637928 ], [ 77.690562599218111, 13.049959698668427 ], [ 77.690842678924824, 13.04995678473127 ], [ 77.691125731239495, 13.050228461727048 ], [ 77.691679944411973, 13.049673449990008 ], [ 77.691960023538101, 13.049670534906447 ], [ 77.691957050072816, 13.049395943848362 ], [ 77.692234155116765, 13.049118437524655 ], [ 77.69223118147913, 13.048843846517048 ], [ 77.693893797346504, 13.047178805094587 ], [ 77.694459900351006, 13.047722151999624 ], [ 77.694739976637322, 13.047719234336041 ], [ 77.695294175694087, 13.047164217411627 ], [ 77.695574251159243, 13.047161298967872 ] ] } },
{ "type": "Feature", "properties": { "type": "ghost_drain" }, "geometry": { "type": "LineString", "coordinates": [ [ 77.695574251159243, 13.047161298967872 ], [ 77.696414477145908, 13.047152541822282 ], [ 77.697263639065085, 13.047967551646332 ], [ 77.697543714978337, 13.047964630895189 ] ] } },
{ "type": "Feature", "properties": { "type": "ghost_drain" }, "geometry": { "type": "LineString", "coordinates": [ [ 77.697543714978337, 13.047964630895189 ], [ 77.697820811289787, 13.047687120078216 ], [ 77.698100886758283, 13.04768419878584 ], [ 77.698383942309007, 13.047955866827337 ], [ 77.698386922527661, 13.048230456457125 ], [ 77.698669979071852, 13.048502123992494 ], [ 77.69894707435725, 13.04822461210602 ], [ 77.699227150169705, 13.048221689476856 ], [ 77.700076323814571, 13.049036687480481 ] ] } },
{ "type": "Feature", "properties": { "type": "ghost_drain" }, "geometry": { "type": "LineString", "coordinates": [ [ 77.700076323814571, 13.049036687480481 ], [ 77.700359382929932, 13.049308352609392 ], [ 77.700362365648743, 13.049582941761498 ], [ 77.701494609786053, 13.050669597634608 ], [ 77.702054765666048, 13.050663745484577 ], [ 77.702608950421876, 13.050108714884402 ], [ 77.702605965098869, 13.049834126254529 ], [ 77.704268503120119, 13.048169030440267 ], [ 77.707349319023095, 13.048136801684521 ], [ 77.70762640238955, 13.047859282455317 ], [ 77.708186549092503, 13.04785341827316 ] ] } },
{ "type": "Feature", "properties": { "type": "ghost_drain" }, "geometry": { "type": "LineString", "coordinates": [ [ 77.708186549092503, 13.04785341827316 ], [ 77.709026768633507, 13.047844619731995 ], [ 77.70985800937936, 13.047012057378502 ], [ 77.710418153136402, 13.047006188741266 ], [ 77.71069523139775, 13.046728667117437 ] ] } },
{ "type": "Feature", "properties": { "type": "ghost_drain" }, "geometry": { "type": "LineString", "coordinates": [ [ 77.71069523139775, 13.046728667117437 ], [ 77.712357688015018, 13.045063533571964 ], [ 77.712354693130294, 13.044788947058239 ], [ 77.712631766835088, 13.044511424224519 ], [ 77.71262577679181, 13.043962251292461 ], [ 77.712902849400521, 13.043684728392646 ], [ 77.714863320172782, 13.043664164960294 ], [ 77.715694526385178, 13.042831590170696 ] ] } },
{ "type": "Feature", "properties": { "type": "ghost_drain" }, "geometry": { "type": "LineString", "coordinates": [ [ 77.715694526385178, 13.042831590170696 ], [ 77.720127532483303, 13.038391163828287 ] ] } },
{ "type": "Feature", "properties": { "type": "ghost_drain" }, "geometry": { "type": "LineString", "coordinates": [ [ 77.720127532483303, 13.038391163828287 ], [ 77.721512814531266, 13.037003521118486 ] ] } },
{ "type": "Feature", "properties": { "type": "ghost_drain" }, "geometry": { "type": "LineString", "coordinates": [ [ 77.721512814531266, 13.037003521118486 ], [ 77.723729233765894, 13.034783283405231 ], [ 77.72372622878747, 13.03450869927722 ], [ 77.727604864227175, 13.030623256342665 ] ] } },
{ "type": "Feature", "properties": { "type": "ghost_drain" }, "geometry": { "type": "LineString", "coordinates": [ [ 77.727604864227175, 13.030623256342665 ], [ 77.727881904996238, 13.030345723354468 ], [ 77.727854831013317, 13.027874473704557 ], [ 77.733395474096568, 13.022323786601456 ] ] } },
{ "type": "Feature", "properties": { "type": "ghost_drain" }, "geometry": { "type": "LineString", "coordinates": [ [ 77.558180544010767, 13.006809932332704 ], [ 77.557614790625834, 13.006266211451111 ], [ 77.557054669297273, 13.006271732447447 ], [ 77.556488919343636, 13.005728008404837 ], [ 77.555928798728189, 13.00573352674793 ], [ 77.555645925159538, 13.005461663360506 ], [ 77.555640299025114, 13.004912419127947 ], [ 77.555917545229534, 13.004635038523709 ], [ 77.555914732016305, 13.004360416451666 ], [ 77.555348989213982, 13.003816688582285 ], [ 77.555346176809294, 13.003542066370612 ], [ 77.555063306702351, 13.003270201726858 ], [ 77.555054870991484, 13.002446334853646 ], [ 77.554772002615152, 13.002174469581819 ], [ 77.554769191212557, 13.001899847211362 ], [ 77.554203457047933, 13.001356115249854 ], [ 77.554480701955086, 13.001078736551431 ], [ 77.554477891117998, 13.0008041140952 ], [ 77.554195025458668, 13.000532247700592 ], [ 77.554189404721782, 12.999983002635791 ], [ 77.554469458993879, 12.999980246688152 ], [ 77.554746702315171, 12.999702868017513 ], [ 77.555026756150895, 12.999700111527298 ], [ 77.55558124020591, 12.999145353141571 ], [ 77.55557842859136, 12.998870730881405 ], [ 77.556418586558124, 12.998862458336236 ], [ 77.556695826305443, 12.99858507819282 ], [ 77.556975878460008, 12.998582319833929 ], [ 77.557253117220895, 12.998304939262155 ], [ 77.557250303956408, 12.998030317344227 ], [ 77.557527541860068, 12.997752936639094 ], [ 77.557519101726228, 12.996929071008559 ], [ 77.557236238602925, 12.996657207658705 ], [ 77.557513475293376, 12.996379827222901 ], [ 77.557510662173868, 12.996105205320484 ], [ 77.557227800166018, 12.995833341770673 ], [ 77.556947751148499, 12.995836099828386 ], [ 77.556664889997677, 12.995564235488851 ], [ 77.556659266054041, 12.995014991277749 ], [ 77.556936502032428, 12.994737611647166 ], [ 77.557216549821177, 12.994734853830462 ], [ 77.55804825295489, 12.993902713092888 ], [ 77.558045439802484, 12.993628091253473 ] ] } },
{ "type": "Feature", "properties": { "type": "ghost_drain" }, "geometry": { "type": "LineString", "coordinates": [ [ 77.662647564724978, 13.006582705559312 ], [ 77.662924670732735, 13.006305232727474 ], [ 77.662918808199265, 13.00575603567936 ] ] } },
{ "type": "Feature", "properties": { "type": "ghost_drain" }, "geometry": { "type": "LineString", "coordinates": [ [ 77.631843044348571, 13.006897040075394 ], [ 77.632125986701098, 13.00716880428878 ], [ 77.632140475800369, 13.008541831040986 ], [ 77.63242342063748, 13.008813594480133 ], [ 77.632432116016943, 13.009637410248883 ], [ 77.632154966562069, 13.009914857632349 ], [ 77.631594870267136, 13.009920541007851 ], [ 77.631311924657084, 13.009648776751833 ], [ 77.631031876650923, 13.009651617623696 ], [ 77.630200420831542, 13.010483955628828 ], [ 77.629920371637013, 13.010486795480402 ], [ 77.629923267661695, 13.010761401262455 ], [ 77.630206213562417, 13.011033167062559 ], [ 77.630486263305528, 13.011030326785459 ], [ 77.630489160078184, 13.011304932430697 ], [ 77.630212006559091, 13.01158237847055 ], [ 77.629651905643371, 13.011588058367865 ], [ 77.629097595263957, 13.012142948936734 ], [ 77.629106281965264, 13.0129667667054 ], [ 77.628546177442459, 13.01297244480935 ], [ 77.627437543416065, 13.014082222485438 ], [ 77.627157489559082, 13.014085060126062 ], [ 77.626880329140477, 13.014362503844687 ], [ 77.626891903823207, 13.015460929299008 ], [ 77.627174853428969, 13.015732697936135 ], [ 77.627186430669809, 13.016831123014168 ], [ 77.626909267838471, 13.017108567287456 ], [ 77.626912162073324, 13.017383173596343 ], [ 77.62635783408183, 13.017938061700699 ], [ 77.626366515736578, 13.018761880921479 ] ] } },
{ "type": "Feature", "properties": { "type": "ghost_drain" }, "geometry": { "type": "LineString", "coordinates": [ [ 77.626366515736578, 13.018761880921479 ], [ 77.626372303838195, 13.019311093703163 ], [ 77.626655258198298, 13.019582862110944 ], [ 77.626378092205286, 13.019860306459096 ], [ 77.626401248328207, 13.022057157225383 ], [ 77.626684206429815, 13.022328924949903 ], [ 77.626695787580871, 13.023427349905246 ] ] } },
{ "type": "Feature", "properties": { "type": "ghost_drain" }, "geometry": { "type": "LineString", "coordinates": [ [ 77.626695787580871, 13.023427349905246 ], [ 77.625864277614383, 13.024259684725054 ], [ 77.625872962001054, 13.025083503872985 ], [ 77.625595790056138, 13.025360948610064 ], [ 77.625601579495935, 13.025910161454027 ], [ 77.62532440645208, 13.026187606117327 ], [ 77.625333090384643, 13.027011425501266 ], [ 77.625055916000164, 13.027288870146169 ], [ 77.625061705137028, 13.02783808314744 ], [ 77.624784529653382, 13.028115527718464 ], [ 77.624796107756595, 13.029213953865399 ], [ 77.624518930690357, 13.029491398473322 ], [ 77.624527614239213, 13.030315218182128 ] ] } },
{ "type": "Feature", "properties": { "type": "ghost_drain" }, "geometry": { "type": "LineString", "coordinates": [ [ 77.624527614239213, 13.030315218182128 ], [ 77.624810581878108, 13.030586986404172 ], [ 77.624827953012982, 13.032234625238166 ], [ 77.625393894631912, 13.03277815956603 ], [ 77.6253967908021, 13.033052765879221 ], [ 77.626528682932204, 13.034139829074107 ], [ 77.626531580666679, 13.034414435107564 ], [ 77.626811657505343, 13.034411593791955 ], [ 77.626814555614331, 13.03468619975707 ], [ 77.627097531178251, 13.034957963974183 ], [ 77.627106227027227, 13.035781781625841 ], [ 77.626829047155155, 13.036059229486018 ], [ 77.626831945662502, 13.036333835412474 ], [ 77.62655476493228, 13.036611283143275 ], [ 77.626557663264208, 13.036885889118741 ], [ 77.626280481675806, 13.037163336720132 ], [ 77.626286278055176, 13.037712548762627 ], [ 77.626569257255795, 13.037984312956167 ], [ 77.626849338100769, 13.037981470835895 ], [ 77.626852237072853, 13.038256076717245 ], [ 77.627135217506392, 13.03852784004583 ], [ 77.626858035216216, 13.038805288460601 ], [ 77.62686093438748, 13.039079894322613 ], [ 77.627143915944941, 13.039351657446151 ], [ 77.627704080385328, 13.03934597107529 ], [ 77.628270046317226, 13.039889494567984 ], [ 77.628272947295457, 13.040164100094621 ], [ 77.628553030207982, 13.040161255665449 ], [ 77.62883021145926, 13.039883805531241 ], [ 77.629113195833696, 13.040155565900255 ], [ 77.630513608734915, 13.04014133619733 ], [ 77.630796594934935, 13.040413094312401 ], [ 77.631916925026275, 13.040401703651844 ], [ 77.632194102022211, 13.040124250578542 ], [ 77.632474184003954, 13.040121401917428 ], [ 77.632751360008527, 13.039843948419209 ], [ 77.636392414840415, 13.039806885194997 ], [ 77.636675405741457, 13.04007863572749 ], [ 77.637515648290332, 13.040070074328071 ], [ 77.63779864053275, 13.040341823334298 ], [ 77.638078721490643, 13.040338968565512 ], [ 77.63921069759229, 13.041425958801891 ], [ 77.640050942964891, 13.041417388308101 ], [ 77.640333939256521, 13.041689133690856 ], [ 77.640894102987744, 13.041683417787757 ], [ 77.641177100379124, 13.041955162008231 ], [ 77.643977917444218, 13.041926560708509 ], [ 77.644260917867371, 13.042198300849824 ] ] } },
{ "type": "Feature", "properties": { "type": "ghost_drain" }, "geometry": { "type": "LineString", "coordinates": [ [ 77.644260917867371, 13.042198300849824 ], [ 77.644543918907161, 13.042470040557745 ] ] } },
{ "type": "Feature", "properties": { "type": "ghost_drain" }, "geometry": { "type": "LineString", "coordinates": [ [ 77.673294823322777, 13.007022461939993 ], [ 77.673860781296142, 13.007565881922014 ], [ 77.67386666874944, 13.008115073975945 ], [ 77.674715612570296, 13.008930200277829 ], [ 77.674992704620507, 13.008652716678981 ], [ 77.67527274148847, 13.008649828593999 ], [ 77.675555724096483, 13.008921535833796 ], [ 77.677235945323702, 13.008904198805512 ], [ 77.678367887660031, 13.009991014674515 ], [ 77.678370836880219, 13.010265609637782 ], [ 77.67865087478134, 13.010262717556367 ], [ 77.678927962779724, 13.009985230336392 ], [ 77.679210950380607, 13.010256932488982 ], [ 77.680051063271833, 13.010248252626518 ], [ 77.680617041756975, 13.010791653441009 ], [ 77.680619993639965, 13.011066247879848 ] ] } },
{ "type": "Feature", "properties": { "type": "ghost_drain" }, "geometry": { "type": "LineString", "coordinates": [ [ 77.680619993639965, 13.011066247879848 ], [ 77.680900031921936, 13.011063353196807 ], [ 77.681183022701873, 13.011335052518278 ], [ 77.681743099542118, 13.011329261518162 ], [ 77.682026091416517, 13.011600959675832 ], [ 77.682306129974748, 13.011598063358724 ], [ 77.68258912270386, 13.011869760717259 ], [ 77.683149200096466, 13.011863966448884 ], [ 77.683152155017879, 13.012138560293192 ], [ 77.683432193920012, 13.012135662643452 ], [ 77.683998183412129, 13.012679053729167 ] ] } },
{ "type": "Feature", "properties": { "type": "ghost_drain" }, "geometry": { "type": "LineString", "coordinates": [ [ 77.683998183412129, 13.012679053729167 ], [ 77.684281179080727, 13.012950748620272 ], [ 77.684290048552185, 13.013774529297521 ], [ 77.685422041881765, 13.014861303679815 ], [ 77.685699124949323, 13.014583809774395 ], [ 77.685696166649748, 13.01430921655747 ], [ 77.685973248862467, 13.014031722527351 ], [ 77.685967331987513, 13.013482536187748 ], [ 77.686244413105783, 13.013205042089785 ], [ 77.687093409961491, 13.014020116284412 ], [ 77.687373450066545, 13.014017213969673 ], [ 77.687656450488291, 13.014288904133613 ], [ 77.687933530072968, 13.014011408435392 ], [ 77.688493609807765, 13.014005601694715 ], [ 77.688499532490141, 13.014554786868803 ], [ 77.68878253462141, 13.01482647543337 ], [ 77.689342615793976, 13.014820666502953 ], [ 77.689625619019651, 13.015092353902773 ], [ 77.68990565974363, 13.015089448620145 ], [ 77.690182737043244, 13.014811950845191 ], [ 77.690742817536261, 13.014806138898598 ], [ 77.691874838921891, 13.015892878588341 ], [ 77.692154880024759, 13.01588997070245 ], [ 77.692431955038558, 13.015612470850893 ], [ 77.692992036288999, 13.015606653697795 ], [ 77.693558051838124, 13.016150018152137 ], [ 77.69383512521334, 13.015872517052653 ], [ 77.694395206398468, 13.01586669675627 ], [ 77.694678215438756, 13.01613837730547 ], [ 77.694958256168718, 13.016135466339691 ], [ 77.69524126606369, 13.016407146088653 ], [ 77.695521306965077, 13.016404234456079 ], [ 77.695804317714774, 13.016675913404759 ], [ 77.698324684917011, 13.016649691850642 ] ] } },
{ "type": "Feature", "properties": { "type": "ghost_drain" }, "geometry": { "type": "LineString", "coordinates": [ [ 77.698324684917011, 13.016649691850642 ], [ 77.699155885472607, 13.015817175522734 ], [ 77.699715964068673, 13.015811343764211 ], [ 77.700547156833068, 13.014978824380041 ], [ 77.700544182096806, 13.014704234539051 ], [ 77.70110425755017, 13.014698400273289 ], [ 77.701387270833436, 13.014970072338079 ], [ 77.702507421878394, 13.014958398726261 ], [ 77.703061542051032, 13.01440338156808 ] ] } },
{ "type": "Feature", "properties": { "type": "ghost_drain" }, "geometry": { "type": "LineString", "coordinates": [ [ 77.518710703386802, 13.009118719051953 ], [ 77.51870515689815, 13.008569459188969 ], [ 77.518422312358851, 13.008297548336166 ], [ 77.517302026160863, 13.008308421672977 ] ] } },
{ "type": "Feature", "properties": { "type": "ghost_drain" }, "geometry": { "type": "LineString", "coordinates": [ [ 77.517302026160863, 13.008308421672977 ], [ 77.517299254613462, 13.008033791428849 ], [ 77.517576554159447, 13.007756443415218 ], [ 77.517571010767554, 13.00720718301371 ], [ 77.517848309210578, 13.006929834916642 ], [ 77.517842765585272, 13.006380574595518 ], [ 77.518120062925433, 13.006103226415055 ], [ 77.518103432113065, 13.004455445616296 ], [ 77.517823364900636, 13.004458163270609 ], [ 77.517812280194605, 13.003359642373185 ], [ 77.518089574852311, 13.003082294775238 ], [ 77.518081261259283, 13.002258404194063 ], [ 77.517798425743337, 13.001986491107891 ], [ 77.517790113835886, 13.001162600272176 ], [ 77.518067406543238, 13.000885253097881 ], [ 77.518064635790878, 13.00061062285951 ], [ 77.51889650949326, 12.99977858036072 ], [ 77.518877110890045, 12.997856169625928 ] ] } },
{ "type": "Feature", "properties": { "type": "ghost_drain" }, "geometry": { "type": "LineString", "coordinates": [ [ 77.574726712303672, 13.008843421155857 ], [ 77.575558384043973, 13.008011227168215 ], [ 77.575552712951776, 13.007461991648274 ], [ 77.574986927245533, 13.006918316058586 ], [ 77.574981257903772, 13.006369080244664 ], [ 77.574698366718124, 13.006097241671716 ], [ 77.574418310040713, 13.00610002071382 ], [ 77.574135419712377, 13.005828181349433 ], [ 77.574132586191539, 13.005553563238054 ], [ 77.574409808555828, 13.005276166561668 ], [ 77.574395640715139, 13.003903076179979 ], [ 77.57382986663265, 13.003359395949024 ], [ 77.572989705042758, 13.003367727637963 ], [ 77.572986873336745, 13.003093109226388 ], [ 77.572703988317159, 13.002821267313893 ], [ 77.572698325844854, 13.002272030337467 ] ] } },
{ "type": "Feature", "properties": { "type": "ghost_drain" }, "geometry": { "type": "LineString", "coordinates": [ [ 77.51424061279846, 13.010260714560395 ], [ 77.514800761729617, 13.010255284301397 ], [ 77.515078066568165, 13.009977938045575 ], [ 77.5156382145028, 13.009972506095098 ], [ 77.516192820849568, 13.009417812045442 ], [ 77.516472893979198, 13.009415095132974 ], [ 77.517304797771871, 13.008583051910721 ], [ 77.517302026160863, 13.008308421672977 ] ] } },
{ "type": "Feature", "properties": { "type": "ghost_drain" }, "geometry": { "type": "LineString", "coordinates": [ [ 77.595190900995874, 13.010561986373997 ], [ 77.595468100001952, 13.010284570613809 ], [ 77.595465242001424, 13.010009957240309 ], [ 77.595742440150445, 13.009732541349162 ], [ 77.596582608008859, 13.009724132005974 ], [ 77.596576889875507, 13.009174905716247 ], [ 77.59713128112206, 13.008620072153665 ], [ 77.597411335582379, 13.008617268077732 ], [ 77.597417055298365, 13.009166494025965 ], [ 77.59769711030809, 13.009163689526064 ], [ 77.597974304746344, 13.008886271876104 ], [ 77.598254359317281, 13.008883466834288 ], [ 77.598531552767398, 13.008606048758445 ], [ 77.598528691777858, 13.008331436019558 ], [ 77.59908879936151, 13.008325824673054 ], [ 77.599365991208487, 13.0080484059859 ], [ 77.599646044528669, 13.008045599620029 ], [ 77.599643182440502, 13.007770987113283 ], [ 77.599923235387521, 13.00776818050713 ], [ 77.600477615260402, 13.007213341725063 ], [ 77.601037719464713, 13.007207726647149 ], [ 77.60131490773243, 13.006930306497559 ], [ 77.601312044062283, 13.006655694332785 ], [ 77.601029129376627, 13.006383889968962 ], [ 77.601026266145368, 13.006109277730062 ], [ 77.600743352447722, 13.005837472868045 ], [ 77.60074048965528, 13.005562860555028 ], [ 77.601017676845814, 13.005285440974861 ], [ 77.602137875857665, 13.005274208917214 ] ] } },
{ "type": "Feature", "properties": { "type": "ghost_drain" }, "geometry": { "type": "LineString", "coordinates": [ [ 77.491288006337399, 13.011855494534496 ], [ 77.491007925052898, 13.011858184766812 ], [ 77.490442276808366, 13.011314292655694 ], [ 77.489882115029516, 13.011319670773467 ], [ 77.489876631025211, 13.010770398842702 ], [ 77.489036389731069, 13.010778463404469 ], [ 77.488753568496733, 13.010506514778724 ], [ 77.488473488184312, 13.010509202002208 ] ] } },
{ "type": "Feature", "properties": { "type": "ghost_drain" }, "geometry": { "type": "LineString", "coordinates": [ [ 77.548711750995736, 13.012121496720363 ], [ 77.548157225501299, 13.012676248087283 ], [ 77.548162838638433, 13.013225495208845 ] ] } },
{ "type": "Feature", "properties": { "type": "ghost_drain" }, "geometry": { "type": "LineString", "coordinates": [ [ 77.548162838638433, 13.013225495208845 ], [ 77.545922272722592, 13.013247501941089 ], [ 77.545639397861777, 13.012975627327165 ], [ 77.545359327076071, 13.012978376449285 ], [ 77.545076453073918, 13.012706501045599 ], [ 77.544796382467254, 13.012709249504328 ], [ 77.544230636795533, 13.012165496689516 ], [ 77.542830285231616, 13.012179230841175 ], [ 77.542553014980768, 13.012456601542812 ], [ 77.541712802155686, 13.012464837688137 ], [ 77.541435530173899, 13.012742207476101 ], [ 77.54003517232178, 13.012755927141823 ] ] } },
{ "type": "Feature", "properties": { "type": "ghost_drain" }, "geometry": { "type": "LineString", "coordinates": [ [ 77.54003517232178, 13.012755927141823 ], [ 77.539755100558779, 13.012758670169845 ], [ 77.539472231796864, 13.012486787467505 ], [ 77.53919216021319, 13.012489529832269 ], [ 77.538626425022258, 13.011945762421215 ], [ 77.538066282636436, 13.011951244799551 ], [ 77.537783416450907, 13.011679359729424 ], [ 77.536663131883898, 13.011690319419877 ], [ 77.536385853940118, 13.011967684693962 ], [ 77.536105782266389, 13.011970423620442 ] ] } },
{ "type": "Feature", "properties": { "type": "ghost_drain" }, "geometry": { "type": "LineString", "coordinates": [ [ 77.536105782266389, 13.011970423620442 ], [ 77.535822917785623, 13.011698536020013 ], [ 77.535808955031982, 13.010325404798097 ], [ 77.535526093024927, 13.010053516439369 ], [ 77.535523301038083, 13.009778890109676 ], [ 77.534957579612808, 13.009235111977368 ], [ 77.534951997317833, 13.008685859034285 ], [ 77.534669138271155, 13.008413969194649 ], [ 77.53466634759134, 13.008139342647409 ], [ 77.534383489531351, 13.007867452314199 ] ] } },
{ "type": "Feature", "properties": { "type": "ghost_drain" }, "geometry": { "type": "LineString", "coordinates": [ [ 77.640853873390355, 13.011474231210951 ], [ 77.64113101269281, 13.01119677607068 ], [ 77.642251202106564, 13.011185365857866 ], [ 77.642534159356103, 13.011457115518269 ], [ 77.642814206783427, 13.011454261847282 ], [ 77.643663082944713, 13.012269507141497 ], [ 77.643683465268964, 13.014191725854957 ], [ 77.643966427840169, 13.014463472939994 ], [ 77.64396934024235, 13.014738075518842 ], [ 77.645101198177116, 13.015825059256867 ] ] } },
{ "type": "Feature", "properties": { "type": "ghost_drain" }, "geometry": { "type": "LineString", "coordinates": [ [ 77.620690254887791, 13.011678772654053 ], [ 77.620696027236477, 13.012227988242957 ], [ 77.621827790167245, 13.013315095465341 ], [ 77.621836453672714, 13.014138917982139 ], [ 77.622119397064921, 13.014410693504068 ], [ 77.622122285406434, 13.014685300928591 ], [ 77.622405229787788, 13.014957075950626 ], [ 77.622411007417355, 13.015506290643936 ], [ 77.622693953161786, 13.015778065097811 ], [ 77.622696842449884, 13.016052672366596 ], [ 77.622979789183589, 13.016324446320505 ], [ 77.622982678911882, 13.016599053514618 ], [ 77.623265626634876, 13.016870826968523 ], [ 77.623825742292837, 13.016865158595785 ], [ 77.624957541269836, 13.017952245184732 ], [ 77.625237599964919, 13.017949409091434 ], [ 77.62552055148906, 13.018221179295367 ], [ 77.625800610359178, 13.01821834253669 ], [ 77.626366515736578, 13.018761880921479 ] ] } },
{ "type": "Feature", "properties": { "type": "ghost_drain" }, "geometry": { "type": "LineString", "coordinates": [ [ 77.713392975170592, 13.011549284802221 ], [ 77.712832912500417, 13.01155514420218 ], [ 77.712001777963039, 13.012387692915171 ], [ 77.712004764760692, 13.012662280193702 ], [ 77.711727718446014, 13.012939796128371 ], [ 77.711739665365783, 13.014038145407424 ], [ 77.710908519863466, 13.014870692818752 ], [ 77.710911506047552, 13.015145280294549 ] ] } },
{ "type": "Feature", "properties": { "type": "ghost_drain" }, "geometry": { "type": "LineString", "coordinates": [ [ 77.607542066570133, 13.013184502722433 ], [ 77.608107926342356, 13.013728090933974 ], [ 77.608119417785815, 13.014826532994691 ], [ 77.608402350088951, 13.015098326182429 ], [ 77.608425339127677, 13.017295209452362 ] ] } },
{ "type": "Feature", "properties": { "type": "ghost_drain" }, "geometry": { "type": "LineString", "coordinates": [ [ 77.608425339127677, 13.017295209452362 ], [ 77.608991211557537, 13.017838793448318 ] ] } },
{ "type": "Feature", "properties": { "type": "ghost_drain" }, "geometry": { "type": "LineString", "coordinates": [ [ 77.608991211557537, 13.017838793448318 ], [ 77.611254725896046, 13.02001311218463 ], [ 77.611257603559409, 13.020287721885206 ], [ 77.611540545995368, 13.020559509718606 ], [ 77.6115434240985, 13.020834119344785 ], [ 77.612109311564765, 13.02137769358162 ], [ 77.612112190481497, 13.021652303065418 ], [ 77.613232453044716, 13.021641009204503 ] ] } },
{ "type": "Feature", "properties": { "type": "ghost_drain" }, "geometry": { "type": "LineString", "coordinates": [ [ 77.613232453044716, 13.021641009204503 ], [ 77.613515399042299, 13.02191279415417 ], [ 77.614075530411284, 13.021907144685699 ], [ 77.614641425220526, 13.022450711836781 ], [ 77.614650071272791, 13.023274538529025 ], [ 77.615210205191673, 13.023268886029502 ], [ 77.615776105674342, 13.023812449592095 ], [ 77.615778989187547, 13.024087058217283 ], [ 77.616061940726482, 13.024358839283096 ], [ 77.616073476936336, 13.025457273447207 ], [ 77.616639384853684, 13.026000833739209 ], [ 77.618039732235815, 13.025986686576356 ], [ 77.618322688327169, 13.026258464256625 ], [ 77.618602757846915, 13.026255633554536 ], [ 77.618885714795894, 13.026527410439346 ], [ 77.619725923683262, 13.026518915430287 ], [ 77.620008881973391, 13.02679069079219 ] ] } },
{ "type": "Feature", "properties": { "type": "ghost_drain" }, "geometry": { "type": "LineString", "coordinates": [ [ 77.620008881973391, 13.02679069079219 ], [ 77.620574800401272, 13.027334240220338 ], [ 77.620854870623191, 13.027331406855561 ], [ 77.620857760539096, 13.027606014286528 ], [ 77.62142368266251, 13.028149561123069 ], [ 77.622543966053357, 13.028138221486875 ], [ 77.624241753008107, 13.029768842896459 ], [ 77.624244647216372, 13.030043449527906 ], [ 77.624527614239213, 13.030315218182128 ] ] } },
{ "type": "Feature", "properties": { "type": "ghost_drain" }, "geometry": { "type": "LineString", "coordinates": [ [ 77.521566963436143, 13.014584095146917 ], [ 77.521844263268008, 13.014306742226765 ], [ 77.521841485397772, 13.014032113073046 ], [ 77.522118784370221, 13.013754760016651 ], [ 77.522116006319735, 13.01348013090959 ], [ 77.523225195079846, 13.012370717003813 ], [ 77.523222416117349, 13.012096088102615 ], [ 77.524054300494711, 13.011264025846083 ], [ 77.524334373994606, 13.01126130007116 ], [ 77.524611667185084, 13.010983945365201 ], [ 77.525731959061048, 13.010973038279927 ], [ 77.526009250150523, 13.010695682416213 ], [ 77.526849467273053, 13.010687498208195 ], [ 77.527126756632924, 13.010410141429091 ] ] } },
{ "type": "Feature", "properties": { "type": "ghost_drain" }, "geometry": { "type": "LineString", "coordinates": [ [ 77.527126756632924, 13.010410141429091 ], [ 77.527404045377565, 13.010132784461035 ], [ 77.527684116881105, 13.010130055304137 ], [ 77.527961404639072, 13.009852697905067 ], [ 77.527958621021213, 13.009578069958172 ], [ 77.528238691781837, 13.009575340317106 ], [ 77.528515978309414, 13.009297982540264 ], [ 77.529076118896057, 13.009292521869103 ], [ 77.529353404065517, 13.009015163419329 ], [ 77.529913543653564, 13.009009701057574 ], [ 77.53046811066109, 13.00845498262361 ], [ 77.530465324594573, 13.008180355181187 ], [ 77.530185255883055, 13.008183086937255 ], [ 77.530179684556927, 13.00763383191399 ], [ 77.529896831136924, 13.007361935668381 ], [ 77.529882905797521, 13.005988797668449 ] ] } },
{ "type": "Feature", "properties": { "type": "ghost_drain" }, "geometry": { "type": "LineString", "coordinates": [ [ 77.469754208704813, 13.015357440922513 ], [ 77.46976509234652, 13.016456001181938 ], [ 77.469210351178475, 13.017010617062956 ], [ 77.469213071754069, 13.017285257215573 ], [ 77.468932979670939, 13.017287924715694 ], [ 77.468100861454161, 13.018119846522584 ], [ 77.468103581047885, 13.018394486882467 ], [ 77.467543393857312, 13.018399819631043 ] ] } },
{ "type": "Feature", "properties": { "type": "ghost_drain" }, "geometry": { "type": "LineString", "coordinates": [ [ 77.467543393857312, 13.018399819631043 ], [ 77.466977769755175, 13.017855869980632 ], [ 77.466697676557388, 13.017858535181965 ], [ 77.466414865675418, 13.017586559359914 ], [ 77.466134772660823, 13.01758922389933 ], [ 77.465286344445701, 13.016773292806262 ], [ 77.464446067237901, 13.016781281373325 ], [ 77.464168689682879, 13.017058584830629 ], [ 77.463888596785594, 13.017061246838766 ], [ 77.463611218244779, 13.017338549860158 ], [ 77.463051031523221, 13.017343872483139 ], [ 77.462768224573892, 13.017071891852511 ], [ 77.462488131365347, 13.017074552351248 ] ] } },
{ "type": "Feature", "properties": { "type": "ghost_drain" }, "geometry": { "type": "LineString", "coordinates": [ [ 77.462488131365347, 13.017074552351248 ], [ 77.462485418240249, 13.016799910797564 ], [ 77.462202612522276, 13.016527929318318 ], [ 77.462197187198853, 13.015978646063093 ], [ 77.461914382836625, 13.015706664030798 ], [ 77.461908958502136, 13.015157380621377 ], [ 77.461343353104539, 13.014613415026568 ], [ 77.459102625369255, 13.014634674313799 ], [ 77.458825242748674, 13.014911972724908 ], [ 77.457704875909712, 13.014922594149127 ], [ 77.457422076957599, 13.014650606102519 ], [ 77.457141985338254, 13.014653260344243 ], [ 77.456859187247403, 13.014381271513891 ], [ 77.456856480900058, 13.014106628737292 ], [ 77.456296298582075, 13.014111935480015 ], [ 77.45601350196803, 13.013839945442024 ], [ 77.455733410961628, 13.01384259800097 ], [ 77.455167820071537, 13.013298615933877 ], [ 77.455157003433783, 13.01220004329852 ], [ 77.454316735209517, 13.012207996312311 ], [ 77.453207184729905, 13.013317170360693 ], [ 77.452924391928292, 13.013045176173915 ], [ 77.451804028495033, 13.013055770625547 ] ] } },
{ "type": "Feature", "properties": { "type": "ghost_drain" }, "geometry": { "type": "LineString", "coordinates": [ [ 77.451804028495033, 13.013055770625547 ], [ 77.451798627561971, 13.012506482920164 ], [ 77.450958356182923, 13.012514425243415 ], [ 77.450680964803951, 13.012791716167875 ], [ 77.450115385719272, 13.012247720641829 ], [ 77.450109988850642, 13.011698432205197 ] ] } },
{ "type": "Feature", "properties": { "type": "ghost_drain" }, "geometry": { "type": "LineString", "coordinates": [ [ 77.611194310206756, 13.014246306987692 ], [ 77.610917128481702, 13.014523737028583 ], [ 77.610920004517851, 13.014798346919234 ], [ 77.610359887698976, 13.014803986547875 ], [ 77.610082704369759, 13.015081415978418 ], [ 77.609522586539867, 13.01508705391989 ], [ 77.609525461169667, 13.015361664105217 ], [ 77.609248276236229, 13.015639092925275 ], [ 77.609256899795994, 13.016462923607884 ], [ 77.608979713521947, 13.016740352407933 ], [ 77.608991211557537, 13.017838793448318 ] ] } },
{ "type": "Feature", "properties": { "type": "ghost_drain" }, "geometry": { "type": "LineString", "coordinates": [ [ 77.723221019954366, 13.013917812472064 ], [ 77.722943987491632, 13.014195338195774 ], [ 77.722946986762452, 13.014469922931999 ], [ 77.722669953445958, 13.01474744853364 ], [ 77.722675951716496, 13.01529661810199 ], [ 77.722398917307387, 13.015574143639192 ], [ 77.722401916307064, 13.015848728471308 ], [ 77.721570808672695, 13.016681304176966 ], [ 77.721582802493387, 13.01777964413245 ], [ 77.721028725750543, 13.018334694164663 ], [ 77.721043717184699, 13.019707619539544 ], [ 77.720766676695902, 13.019985144573885 ], [ 77.720769674950049, 13.020259729687044 ], [ 77.719661505885469, 13.021369828254793 ], [ 77.719381465021513, 13.021372767045417 ] ] } },
{ "type": "Feature", "properties": { "type": "ghost_drain" }, "geometry": { "type": "LineString", "coordinates": [ [ 77.683178752360945, 13.014609904601285 ], [ 77.683455838191861, 13.014332412659599 ], [ 77.683444015513572, 13.01323403770321 ], [ 77.683998183412129, 13.012679053729167 ] ] } },
{ "type": "Feature", "properties": { "type": "ghost_drain" }, "geometry": { "type": "LineString", "coordinates": [ [ 77.67533755810544, 13.014690932267433 ], [ 77.675891750166841, 13.014135961557495 ], [ 77.675888802767361, 13.013861366116931 ], [ 77.676442991888379, 13.013306394792282 ], [ 77.677283116956971, 13.013297721894096 ], [ 77.677560209469334, 13.013020235243319 ], [ 77.677843199997838, 13.013291938454007 ], [ 77.678123241416813, 13.013289046281573 ], [ 77.678406232800285, 13.013560748693328 ], [ 77.678683324051747, 13.013283261031932 ], [ 77.678677423575351, 13.012734071367216 ], [ 77.678394433077614, 13.012462369111461 ], [ 77.678391483316105, 13.012187774199852 ], [ 77.678671523369644, 13.012184881676673 ], [ 77.678948613046657, 13.011907394060087 ], [ 77.679788731675615, 13.011898713965856 ], [ 77.680619993639965, 13.011066247879848 ] ] } },
{ "type": "Feature", "properties": { "type": "ghost_drain" }, "geometry": { "type": "LineString", "coordinates": [ [ 77.504498653954585, 13.016397471412281 ], [ 77.50421857040503, 13.016400176828899 ], [ 77.50393572817346, 13.016128249044694 ], [ 77.503375561373531, 13.016133658250785 ], [ 77.503098235574072, 13.016410995477086 ], [ 77.502818151708169, 13.016413699384563 ], [ 77.502540824922079, 13.016691036177782 ], [ 77.500580233493238, 13.01670995337868 ], [ 77.500302903494457, 13.016987288281383 ], [ 77.500020063944746, 13.016715355576672 ], [ 77.499739979075741, 13.01671805622291 ], [ 77.498907983893687, 13.017550058173409 ], [ 77.498627897848607, 13.017552757788941 ], [ 77.497795896012846, 13.018384757296339 ], [ 77.496395459276201, 13.018398247200855 ], [ 77.496118122244823, 13.018675578773744 ], [ 77.495838034337282, 13.018678275605934 ], [ 77.495860038187047, 13.020875351828046 ], [ 77.493918645418134, 13.022816668733563 ] ] } },
{ "type": "Feature", "properties": { "type": "ghost_drain" }, "geometry": { "type": "LineString", "coordinates": [ [ 77.493918645418134, 13.022816668733563 ], [ 77.493638552387537, 13.022819364032163 ], [ 77.493355710922046, 13.022547424038851 ], [ 77.492515432187062, 13.022555507040465 ], [ 77.492232592072355, 13.022283565539082 ], [ 77.491952499279662, 13.02228625890826 ], [ 77.491669660025821, 13.022014316620346 ], [ 77.490829382004861, 13.022022393833929 ], [ 77.490263706814773, 13.02147850581671 ], [ 77.489703522132714, 13.021483887673259 ], [ 77.489420685951472, 13.021211942304797 ], [ 77.489140593761078, 13.021214632419499 ], [ 77.489135107073992, 13.020665360595469 ], [ 77.488852272495265, 13.020393414310663 ], [ 77.48745181490419, 13.020406857965442 ], [ 77.487168982166395, 13.020134909452171 ], [ 77.486048615942209, 13.020145657498917 ], [ 77.485200124364312, 13.019329805079781 ], [ 77.484079760075986, 13.019340543969689 ], [ 77.48379693176193, 13.019068590870578 ], [ 77.483516840777995, 13.01907127447781 ], [ 77.483234013324804, 13.018799320592915 ], [ 77.482113649742033, 13.018810050561058 ], [ 77.481547998643904, 13.018266138632123 ], [ 77.481267908081662, 13.018268819648625 ], [ 77.480985083701341, 13.017996862685944 ], [ 77.480704993321552, 13.01799954304019 ] ] } },
{ "type": "Feature", "properties": { "type": "ghost_drain" }, "geometry": { "type": "LineString", "coordinates": [ [ 77.480704993321552, 13.01799954304019 ], [ 77.480144812373936, 13.018004902843023 ], [ 77.479861989344798, 13.017732944374123 ], [ 77.478181446469137, 13.017749014375411 ], [ 77.47789862552689, 13.017477053319588 ], [ 77.47677826333809, 13.017487759175026 ], [ 77.476223538724028, 13.018042387651183 ], [ 77.476242639690938, 13.019964858209617 ], [ 77.475965274743174, 13.020242172524298 ], [ 77.475682452428899, 13.019970209168855 ], [ 77.475402358704045, 13.019972884195564 ], [ 77.474836716413634, 13.019428955489175 ], [ 77.472876062023573, 13.019447667178397 ], [ 77.472310425631605, 13.0189037317292 ], [ 77.471750239082112, 13.018909073768008 ], [ 77.471195498680444, 13.019463693993906 ], [ 77.4703552161657, 13.019471703325591 ], [ 77.47007239987073, 13.019199732571852 ], [ 77.469512211706345, 13.019205069896367 ], [ 77.469229396518102, 13.018933097997659 ], [ 77.46810902042246, 13.018943767583144 ], [ 77.467543393857312, 13.018399819631043 ] ] } },
{ "type": "Feature", "properties": { "type": "ghost_drain" }, "geometry": { "type": "LineString", "coordinates": [ [ 77.730519865133445, 13.015488739069799 ], [ 77.730802905009554, 13.015760372465614 ], [ 77.730808921668938, 13.016309538256019 ], [ 77.731091962913254, 13.016581171073421 ], [ 77.731371995655394, 13.016578220703735 ], [ 77.731375004772701, 13.016852803454032 ], [ 77.731658047247322, 13.017124435397827 ], [ 77.731679115637007, 13.019046513972434 ], [ 77.734226549323807, 13.021491177341375 ] ] } },
{ "type": "Feature", "properties": { "type": "ghost_drain" }, "geometry": { "type": "LineString", "coordinates": [ [ 77.604501599234879, 13.017060019989309 ], [ 77.605061723743944, 13.017054392049856 ], [ 77.605344656375451, 13.017326188689456 ], [ 77.606184843370968, 13.017317743427688 ], [ 77.60646203386456, 13.017040316920584 ], [ 77.606742095691132, 13.017037500989478 ], [ 77.607019285195733, 13.016760074056712 ], [ 77.607859469159507, 13.01675162373197 ], [ 77.608425339127677, 13.017295209452362 ] ] } },
{ "type": "Feature", "properties": { "type": "ghost_drain" }, "geometry": { "type": "LineString", "coordinates": [ [ 77.597231403284383, 13.018231524682941 ], [ 77.5975143306337, 13.018503331217582 ], [ 77.597237126978882, 13.018780750304202 ], [ 77.598085913113763, 13.019596168210422 ], [ 77.598091639311264, 13.020145393400199 ], [ 77.599223365763422, 13.021232610704221 ], [ 77.598946161927898, 13.021510031782483 ], [ 77.598960484829632, 13.022883093565445 ], [ 77.600092229128592, 13.023970303805203 ], [ 77.600095095400249, 13.024244915871799 ], [ 77.600378033388012, 13.024516717286877 ], [ 77.600380900098997, 13.024791329279344 ], [ 77.600663839076205, 13.025063130195795 ], [ 77.600666706226519, 13.025337742114134 ], [ 77.60011229441001, 13.025892588136415 ], [ 77.600120894801947, 13.026716424181965 ], [ 77.599843687243123, 13.026993847078856 ], [ 77.599849420681764, 13.027543071186772 ], [ 77.599572212022437, 13.027820494007438 ], [ 77.59957794523929, 13.028369718199306 ], [ 77.59930073547936, 13.028647140943704 ], [ 77.599306468474367, 13.029196365219523 ], [ 77.599029257613751, 13.029473787887598 ], [ 77.599032123967447, 13.029748400070689 ], [ 77.599315068459546, 13.030020201585039 ], [ 77.599323669035954, 13.030844037892708 ], [ 77.599606615265429, 13.031115838773008 ], [ 77.599618085115466, 13.032214286822487 ] ] } },
{ "type": "Feature", "properties": { "type": "ghost_drain" }, "geometry": { "type": "LineString", "coordinates": [ [ 77.599618085115466, 13.032214286822487 ], [ 77.599901033456291, 13.032486087000974 ], [ 77.600181114104629, 13.03248327488104 ], [ 77.600189719227856, 13.033307110463753 ], [ 77.601321524209411, 13.034394304600308 ] ] } },
{ "type": "Feature", "properties": { "type": "ghost_drain" }, "geometry": { "type": "LineString", "coordinates": [ [ 77.601321524209411, 13.034394304600308 ], [ 77.60133013441073, 13.035218139312535 ], [ 77.601613088318643, 13.035489936565511 ], [ 77.601615958891188, 13.035764548055656 ], [ 77.601338745203805, 13.036041973966878 ], [ 77.601355968565159, 13.037689643101899 ], [ 77.600524319439657, 13.038521920706735 ], [ 77.600532929825249, 13.039345755681145 ], [ 77.599978492536948, 13.039900606816108 ], [ 77.599992842068403, 13.041273665526573 ], [ 77.599715621286322, 13.041551091088937 ], [ 77.599435530335072, 13.04155390462617 ], [ 77.599158308562252, 13.0418313297612 ], [ 77.599164047247612, 13.042380553542181 ], [ 77.598886824372755, 13.042657978600559 ], [ 77.598892562835559, 13.043207202465435 ], [ 77.598615338858579, 13.043484627447116 ], [ 77.599181264880514, 13.044028224730713 ], [ 77.599461358672841, 13.044025410944531 ], [ 77.599738582012918, 13.043747985129791 ], [ 77.600304510724641, 13.044291579368728 ], [ 77.600310253059988, 13.044840802543769 ], [ 77.600876185735672, 13.045384394786213 ], [ 77.600879057750305, 13.045659006228636 ] ] } },
{ "type": "Feature", "properties": { "type": "ghost_drain" }, "geometry": { "type": "LineString", "coordinates": [ [ 77.600879057750305, 13.045659006228636 ], [ 77.601719343298626, 13.045650557416192 ], [ 77.601996565101473, 13.045373129343291 ], [ 77.611519747174626, 13.045277177708556 ] ] } },
{ "type": "Feature", "properties": { "type": "ghost_drain" }, "geometry": { "type": "LineString", "coordinates": [ [ 77.611519747174626, 13.045277177708556 ], [ 77.612085700751877, 13.045820740571877 ] ] } },
{ "type": "Feature", "properties": { "type": "ghost_drain" }, "geometry": { "type": "LineString", "coordinates": [ [ 77.612085700751877, 13.045820740571877 ], [ 77.612368678465799, 13.046092521355565 ], [ 77.612928864727195, 13.046086864070483 ], [ 77.613211843542828, 13.046358643694131 ], [ 77.614612309252152, 13.046344493368535 ], [ 77.614895289896566, 13.046616270739865 ], [ 77.615175383082544, 13.046613439403338 ], [ 77.616873281358934, 13.048244092371032 ], [ 77.617713564882223, 13.048235589992446 ] ] } },
{ "type": "Feature", "properties": { "type": "ghost_drain" }, "geometry": { "type": "LineString", "coordinates": [ [ 77.617713564882223, 13.048235589992446 ], [ 77.61799365925765, 13.048232755261278 ] ] } },
{ "type": "Feature", "properties": { "type": "ghost_drain" }, "geometry": { "type": "LineString", "coordinates": [ [ 77.61799365925765, 13.048232755261278 ], [ 77.618270861767527, 13.04795531266244 ], [ 77.619391237108573, 13.047943969749806 ], [ 77.619674224120146, 13.048215740522034 ], [ 77.619951424381838, 13.047938296478614 ], [ 77.620791704794982, 13.047929784303243 ], [ 77.621068903315518, 13.047652339352222 ], [ 77.621629089176878, 13.047646662574849 ], [ 77.621631984611881, 13.047921269405576 ], [ 77.621912077751631, 13.047918430501401 ], [ 77.622195066943362, 13.048190197995455 ], [ 77.624715904397334, 13.048164630967825 ], [ 77.626379056237241, 13.046499937936133 ] ] } },
{ "type": "Feature", "properties": { "type": "ghost_drain" }, "geometry": { "type": "LineString", "coordinates": [ [ 77.626379056237241, 13.046499937936133 ], [ 77.627210623829001, 13.045667588921152 ], [ 77.628891158903983, 13.045650517635078 ], [ 77.629999898060802, 13.044540710586949 ], [ 77.629996994169275, 13.044266105535213 ], [ 77.630828541334978, 13.043433748474385 ], [ 77.632789142037055, 13.043413806868987 ], [ 77.633066320567977, 13.043136352463394 ], [ 77.63334640574152, 13.043133502212882 ], [ 77.633900760203446, 13.042578592367024 ], [ 77.63726176809304, 13.04254436001192 ], [ 77.637538939899571, 13.042266901929363 ], [ 77.641740180635693, 13.04222404666133 ] ] } },
{ "type": "Feature", "properties": { "type": "ghost_drain" }, "geometry": { "type": "LineString", "coordinates": [ [ 77.641740180635693, 13.04222404666133 ], [ 77.644260917867371, 13.042198300849824 ] ] } },
{ "type": "Feature", "properties": { "type": "ghost_drain" }, "geometry": { "type": "LineString", "coordinates": [ [ 77.651845794330526, 13.017953205030965 ], [ 77.651562820149522, 13.017681469034864 ], [ 77.650442610031803, 13.017692925051476 ], [ 77.650159637428942, 13.017421187165523 ], [ 77.64988250457111, 13.017698651249438 ], [ 77.649888343968598, 13.018247853626564 ], [ 77.649334075443846, 13.018802781468429 ], [ 77.648768129782326, 13.018259302901187 ], [ 77.648488076068418, 13.018262164465495 ], [ 77.648205104401526, 13.017990424168216 ], [ 77.647364943580712, 13.017999005958313 ], [ 77.647081973251559, 13.017727264135701 ], [ 77.646801919751624, 13.017730123764826 ], [ 77.646524782157854, 13.018007585032798 ], [ 77.646807752379956, 13.018279327514801 ], [ 77.64681066879443, 13.018553929380117 ], [ 77.64653353047818, 13.018831390815841 ], [ 77.646536446718684, 13.019105992730635 ], [ 77.646256391546501, 13.019108852068081 ], [ 77.645424971058773, 13.019941234723717 ], [ 77.645439548112307, 13.021314245351247 ], [ 77.645722521866077, 13.021585988464215 ], [ 77.645445379401622, 13.021863449557136 ], [ 77.644885262300448, 13.02186916676272 ], [ 77.64460811847114, 13.022146627193019 ], [ 77.645174067396383, 13.022690114758332 ], [ 77.645185730348047, 13.023788523264729 ], [ 77.644631439449228, 13.024343445202973 ], [ 77.64463435487221, 13.024618047425202 ], [ 77.644917332399018, 13.024889790805437 ], [ 77.644920248263517, 13.025164392952457 ], [ 77.645203226780794, 13.025436135830921 ], [ 77.645206143086867, 13.02571073790272 ], [ 77.644928996258088, 13.025988199354831 ], [ 77.64493774485419, 13.026812005699185 ] ] } },
{ "type": "Feature", "properties": { "type": "ghost_drain" }, "geometry": { "type": "LineString", "coordinates": [ [ 77.555223695600247, 13.018923661378031 ], [ 77.554940804895196, 13.018651800102516 ], [ 77.554660729773644, 13.018654560445103 ], [ 77.553828946542509, 13.019486706305424 ], [ 77.553834575212392, 13.020035950702466 ], [ 77.553554498293579, 13.020038710138595 ], [ 77.553277235126302, 13.020316091582119 ], [ 77.552997157770605, 13.020318850474672 ], [ 77.552442628844261, 13.020873612314416 ], [ 77.551876847702729, 13.020329883026093 ], [ 77.551871223213482, 13.019780637799641 ], [ 77.551588334310878, 13.019508772379572 ], [ 77.552142863037844, 13.018954012527606 ], [ 77.552137238577842, 13.018404767357419 ], [ 77.5518543512934, 13.018132901966654 ], [ 77.551851539532421, 13.01785827930542 ], [ 77.55156865323579, 13.017586413419625 ], [ 77.551845916203888, 13.01730903396375 ], [ 77.551837481694733, 13.016485165903243 ], [ 77.551554597259312, 13.016213299684795 ], [ 77.551274524133518, 13.016216055864207 ], [ 77.550997261394102, 13.016493434621841 ], [ 77.550714377688493, 13.016221567317681 ], [ 77.550711567609838, 13.015946944371168 ], [ 77.55014580278943, 13.015403208344679 ], [ 77.550142993519543, 13.015128585258767 ], [ 77.549577231905161, 13.014584847385914 ], [ 77.549574423444, 13.014310224160631 ], [ 77.549008665035416, 13.01376648444163 ], [ 77.548448523098273, 13.013771989985484 ], [ 77.548445716061067, 13.013497366500745 ], [ 77.548162838638433, 13.013225495208845 ] ] } },
{ "type": "Feature", "properties": { "type": "ghost_drain" }, "geometry": { "type": "LineString", "coordinates": [ [ 77.462795362326503, 13.019818306459142 ], [ 77.462787220347209, 13.018994382143941 ], [ 77.463341981981173, 13.018439776751753 ], [ 77.463336553323657, 13.017890494049894 ], [ 77.462770938069085, 13.017346533341799 ], [ 77.462490844552704, 13.017349193898568 ], [ 77.462488131365347, 13.017074552351248 ] ] } },
{ "type": "Feature", "properties": { "type": "ghost_drain" }, "geometry": { "type": "LineString", "coordinates": [ [ 77.453554855979604, 13.020180605977052 ], [ 77.45354674429737, 13.019356675945604 ], [ 77.452981142545894, 13.018812690691027 ], [ 77.452420948024582, 13.018817990948135 ], [ 77.452138148564387, 13.018545996965514 ], [ 77.452130042616488, 13.017722065952539 ], [ 77.452407436572017, 13.017444772882145 ], [ 77.45239662852552, 13.016346198314956 ], [ 77.452113832393863, 13.016074203754993 ], [ 77.452086820313539, 13.013327766250708 ], [ 77.451804028495033, 13.013055770625547 ] ] } },
{ "type": "Feature", "properties": { "type": "ghost_drain" }, "geometry": { "type": "LineString", "coordinates": [ [ 77.572593911489548, 13.019301144533541 ], [ 77.572613757337635, 13.021223471482578 ], [ 77.572896667080144, 13.021495309266159 ], [ 77.572908010486501, 13.022593781399255 ], [ 77.573473834801845, 13.023137455141329 ], [ 77.573476671561806, 13.023412073024474 ], [ 77.573199431692501, 13.02368947231645 ], [ 77.573765259477057, 13.024233144796945 ], [ 77.573768096805097, 13.024507762593791 ], [ 77.573490856337187, 13.024785162343997 ], [ 77.573505042738461, 13.02615825150318 ], [ 77.573227800440051, 13.026435651337433 ], [ 77.573239149759928, 13.027534122766234 ] ] } },
{ "type": "Feature", "properties": { "type": "ghost_drain" }, "geometry": { "type": "LineString", "coordinates": [ [ 77.573239149759928, 13.027534122766234 ], [ 77.573804987988566, 13.028077793369075 ], [ 77.574085069480262, 13.028075010379471 ], [ 77.574090746638703, 13.028624245665821 ], [ 77.574373667666222, 13.028896079825742 ] ] } },
{ "type": "Feature", "properties": { "type": "ghost_drain" }, "geometry": { "type": "LineString", "coordinates": [ [ 77.574373667666222, 13.028896079825742 ], [ 77.574376506716121, 13.029170697392216 ], [ 77.574099262864252, 13.029448098547237 ], [ 77.574382185011103, 13.029719932505918 ], [ 77.574387863566344, 13.030269167593953 ], [ 77.574110618742438, 13.030546568965963 ], [ 77.573550450149028, 13.030552135734881 ], [ 77.572718709741409, 13.031384337278798 ], [ 77.572438624227757, 13.031387119485656 ], [ 77.572161375819661, 13.031664519384238 ], [ 77.571881289867875, 13.031667301047458 ], [ 77.571604040470433, 13.031944700517194 ], [ 77.571323954080526, 13.031947481636745 ], [ 77.571329626897963, 13.032496717955999 ], [ 77.57161255071847, 13.032768554804658 ], [ 77.571615387597802, 13.033043172887647 ], [ 77.57133813661153, 13.033320572386764 ], [ 77.571349483806131, 13.034419044871276 ], [ 77.571072231230758, 13.034696444399692 ], [ 77.571077904731595, 13.0352456807118 ] ] } },
{ "type": "Feature", "properties": { "type": "ghost_drain" }, "geometry": { "type": "LineString", "coordinates": [ [ 77.571077904731595, 13.0352456807118 ], [ 77.571360832040597, 13.035517517253114 ], [ 77.5713636692617, 13.035792135332528 ], [ 77.571086415470234, 13.036069535131828 ], [ 77.570526233120177, 13.036075097677713 ], [ 77.570248977965832, 13.036352496806215 ], [ 77.570251814148946, 13.036627115108709 ], [ 77.569971722195007, 13.036629895747186 ], [ 77.569983066344093, 13.037728369135271 ], [ 77.570265996039012, 13.038000206524933 ], [ 77.570283016451015, 13.039647916012596 ], [ 77.570005757760356, 13.039925315603375 ], [ 77.570008594479702, 13.040199933883001 ], [ 77.569731334929003, 13.0404773333403 ], [ 77.569451238529027, 13.040480114222046 ], [ 77.569456911059149, 13.041029350991442 ], [ 77.569739844746692, 13.041301188303098 ], [ 77.56974551828327, 13.041850424912869 ], [ 77.569190994897596, 13.042405223805851 ], [ 77.569193831276436, 13.04267984220937 ], [ 77.568916568414949, 13.042957241428418 ], [ 77.568919404615272, 13.043231859879645 ], [ 77.569202340802647, 13.043503697381418 ], [ 77.569208014144863, 13.044052934130677 ], [ 77.569773889863725, 13.044596607576498 ], [ 77.569496626044639, 13.044874007658208 ], [ 77.56921652464527, 13.044876789206418 ], [ 77.569219361608631, 13.045151407552158 ], [ 77.568942096555716, 13.045428807258324 ], [ 77.568661994409524, 13.045431588322707 ], [ 77.568664830885837, 13.045706206776684 ] ] } },
{ "type": "Feature", "properties": { "type": "ghost_drain" }, "geometry": { "type": "LineString", "coordinates": [ [ 77.568664830885837, 13.045706206776684 ], [ 77.568667667427079, 13.045980825224245 ], [ 77.569516488311507, 13.046796335519664 ], [ 77.569519326038034, 13.047070953759897 ] ] } },
{ "type": "Feature", "properties": { "type": "ghost_drain" }, "geometry": { "type": "LineString", "coordinates": [ [ 77.569519326038034, 13.047070953759897 ], [ 77.56979942984033, 13.047068171424762 ], [ 77.570082371986175, 13.047340006899814 ], [ 77.570922683733883, 13.047331656990147 ], [ 77.571488571337952, 13.047875324471399 ], [ 77.571211306837569, 13.048152726654436 ], [ 77.571216986707739, 13.048701962337343 ], [ 77.571499932312491, 13.048973795594813 ], [ 77.57178003781965, 13.048971010717917 ], [ 77.571788560158865, 13.049794863811208 ], [ 77.572354455948485, 13.050338527907011 ], [ 77.572365822966731, 13.051436998071788 ], [ 77.572648773281927, 13.051708829206111 ] ] } },
{ "type": "Feature", "properties": { "type": "ghost_drain" }, "geometry": { "type": "LineString", "coordinates": [ [ 77.572648773281927, 13.051708829206111 ], [ 77.572931724214371, 13.051980659910136 ], [ 77.573491941302493, 13.051975085494176 ], [ 77.574906707659949, 13.053334228926152 ], [ 77.575186817324266, 13.053331439447723 ], [ 77.575464081220773, 13.053054032847342 ], [ 77.576024299606502, 13.053048452498642 ], [ 77.576301562138127, 13.052771045226722 ], [ 77.577702105093593, 13.052757087849212 ], [ 77.577985061904712, 13.053028911745001 ], [ 77.578265170543801, 13.053026118998206 ] ] } },
{ "type": "Feature", "properties": { "type": "ghost_drain" }, "geometry": { "type": "LineString", "coordinates": [ [ 77.578265170543801, 13.053026118998206 ], [ 77.578545279117705, 13.053023325948772 ], [ 77.579099796834882, 13.052468506863329 ], [ 77.579940119922284, 13.052460124448121 ], [ 77.580494632927156, 13.051905303161808 ], [ 77.581334953184239, 13.051896916572195 ], [ 77.581329249532871, 13.051347685415044 ], [ 77.581883756852065, 13.05079286214611 ], [ 77.585245015624352, 13.050759284212941 ], [ 77.585522263871212, 13.050481869397249 ], [ 77.586082472003994, 13.050476268355665 ], [ 77.586914210797843, 13.049644021336192 ], [ 77.58747441642528, 13.049638417634739 ], [ 77.587751660707681, 13.049361001104309 ], [ 77.588311865325522, 13.049355395709544 ], [ 77.588866350543086, 13.048800561121546 ], [ 77.589146452005863, 13.048797757487295 ], [ 77.589700934007126, 13.04824292166855 ], [ 77.59110143659899, 13.048228896544607 ] ] } },
{ "type": "Feature", "properties": { "type": "ghost_drain" }, "geometry": { "type": "LineString", "coordinates": [ [ 77.59110143659899, 13.048228896544607 ], [ 77.591941737368131, 13.048220477840093 ], [ 77.592218974451029, 13.047943057718792 ], [ 77.592779173888061, 13.047937443253732 ], [ 77.593056409605836, 13.047660022462871 ], [ 77.593616608032562, 13.047654406305021 ], [ 77.594171076120787, 13.047099563197715 ], [ 77.594168211181028, 13.04682495031833 ], [ 77.593888113057062, 13.046827758970096 ], [ 77.593605150610315, 13.046555954311316 ], [ 77.593596558232051, 13.045732115248484 ], [ 77.593873790884302, 13.045454694171008 ], [ 77.595554369390285, 13.045437839557719 ] ] } },
{ "type": "Feature", "properties": { "type": "ghost_drain" }, "geometry": { "type": "LineString", "coordinates": [ [ 77.595554369390285, 13.045437839557719 ], [ 77.596120295308452, 13.045981443894217 ], [ 77.59696058513272, 13.045973010322827 ], [ 77.597237813539039, 13.045695586295222 ], [ 77.597517909641724, 13.04569277425861 ], [ 77.598083839707471, 13.04623637336879 ], [ 77.600044513986035, 13.046216675552348 ], [ 77.600321738519497, 13.045939248816623 ], [ 77.600601834207964, 13.045936433391846 ], [ 77.600879057750305, 13.045659006228636 ] ] } },
{ "type": "Feature", "properties": { "type": "ghost_drain" }, "geometry": { "type": "LineString", "coordinates": [ [ 77.665299990570205, 13.018913729725046 ], [ 77.665580041179112, 13.01891084986856 ], [ 77.665863029260166, 13.019182567300206 ], [ 77.665865966867003, 13.019457164883621 ], [ 77.665588853076528, 13.019734642807233 ], [ 77.665594728011556, 13.020283838067412 ], [ 77.666443699727225, 13.021098988021757 ], [ 77.666723752528469, 13.021096106455676 ], [ 77.666726691530101, 13.021370703805429 ], [ 77.667009683948478, 13.021642419155185 ], [ 77.66728973723049, 13.021639536859835 ], [ 77.667292676982413, 13.021914134070991 ], [ 77.667575670631877, 13.022185848552839 ], [ 77.667593312809942, 13.023833431268363 ] ] } },
{ "type": "Feature", "properties": { "type": "ghost_drain" }, "geometry": { "type": "LineString", "coordinates": [ [ 77.667593312809942, 13.023833431268363 ], [ 77.666484847572619, 13.024943351210434 ], [ 77.665644675836973, 13.024951996736331 ], [ 77.665367556862762, 13.025229475547984 ], [ 77.66537049533585, 13.025504073114984 ], [ 77.665093375505407, 13.025781551800243 ], [ 77.664813317067185, 13.025784432623052 ], [ 77.663981952755677, 13.026616866864758 ], [ 77.663984890026029, 13.026891464713406 ], [ 77.66232214333246, 13.028556328597366 ], [ 77.662325079226349, 13.028830926777328 ], [ 77.662047952381201, 13.029108403507331 ], [ 77.661487826566756, 13.029114159714364 ], [ 77.661204828829312, 13.028842438940515 ], [ 77.660924766061925, 13.028845316226363 ], [ 77.660647637340688, 13.029122791760008 ], [ 77.660653505769218, 13.029671988840208 ], [ 77.659822114465371, 13.030504414680086 ], [ 77.659827981718237, 13.031053612071819 ], [ 77.659273716805814, 13.03160856194096 ], [ 77.659282516744341, 13.032432358317399 ], [ 77.65900538264151, 13.032709833145812 ], [ 77.659011249121505, 13.033259030810216 ], [ 77.658734113920843, 13.033536505567795 ], [ 77.658778117474967, 13.037655488070321 ] ] } },
{ "type": "Feature", "properties": { "type": "ghost_drain" }, "geometry": { "type": "LineString", "coordinates": [ [ 77.658778117474967, 13.037655488070321 ], [ 77.658500978043975, 13.037932963487473 ] ] } },
{ "type": "Feature", "properties": { "type": "ghost_drain" }, "geometry": { "type": "LineString", "coordinates": [ [ 77.658500978043975, 13.037932963487473 ], [ 77.658223837996601, 13.038210438721251 ], [ 77.658789854309546, 13.038753883158874 ], [ 77.658801592219305, 13.039852278144064 ], [ 77.658247308884512, 13.04040722969396 ], [ 77.657687155922886, 13.040412982580976 ], [ 77.657410012579845, 13.040690457601499 ], [ 77.657415879258451, 13.041239655642931 ], [ 77.657135801684902, 13.041242531518636 ], [ 77.656027218716503, 13.04235242925604 ], [ 77.655747139574046, 13.042355303870668 ], [ 77.655753003358882, 13.042904502585785 ], [ 77.655475855217446, 13.043181976433695 ], [ 77.65548171878838, 13.0437311752352 ], [ 77.655204569547834, 13.044008649011701 ], [ 77.655216296530199, 13.045107046761622 ] ] } },
{ "type": "Feature", "properties": { "type": "ghost_drain" }, "geometry": { "type": "LineString", "coordinates": [ [ 77.584362570948599, 13.019733362519922 ], [ 77.584922710438462, 13.019727776938179 ], [ 77.585771467948646, 13.020543242138952 ], [ 77.585777167452221, 13.021092472664966 ], [ 77.586060088599879, 13.021364293403607 ], [ 77.586340159832403, 13.021361498586996 ], [ 77.586623081838212, 13.021633318532652 ], [ 77.58690315324786, 13.021630523051343 ], [ 77.586906004459721, 13.021905138048098 ], [ 77.5877547760185, 13.022720594013045 ], [ 77.588034848398053, 13.022717797080293 ], [ 77.588037701102905, 13.022992411807488 ], [ 77.588603553118972, 13.023536046105455 ], [ 77.588606406635833, 13.023810660691405 ], [ 77.588329186429931, 13.024088073112468 ], [ 77.588895041917453, 13.024631706145255 ], [ 77.589455190398326, 13.024626108708457 ], [ 77.589738119550802, 13.02489792385335 ], [ 77.590018193935563, 13.024895124319054 ] ] } },
{ "type": "Feature", "properties": { "type": "ghost_drain" }, "geometry": { "type": "LineString", "coordinates": [ [ 77.590018193935563, 13.024895124319054 ], [ 77.590021049319148, 13.025169738567813 ], [ 77.589743829767556, 13.025447152466514 ], [ 77.589746684974102, 13.025721766763466 ], [ 77.589469464564147, 13.025999180530434 ], [ 77.589475174688531, 13.026548409214273 ], [ 77.589755250986414, 13.026545609615791 ], [ 77.590038182995158, 13.026817423925548 ], [ 77.589760961988532, 13.027094838151896 ], [ 77.590326828115693, 13.027638466071098 ], [ 77.590049606754917, 13.027915880702261 ], [ 77.590332540873405, 13.028187694311685 ], [ 77.590612618822846, 13.028184893440955 ], [ 77.591178489392973, 13.028728518642 ], [ 77.591458567762004, 13.028725716743049 ], [ 77.591741504213658, 13.02899752833458 ], [ 77.592021582759742, 13.028994725770465 ], [ 77.592024441281367, 13.029269339495489 ], [ 77.591747220706381, 13.029546755900359 ], [ 77.591750079050982, 13.029821369673609 ], [ 77.592870396538672, 13.029810156871797 ], [ 77.593153335697153, 13.030081966377542 ], [ 77.593433415147771, 13.030079162058737 ], [ 77.594565178913001, 13.031166394321517 ], [ 77.594570902615544, 13.031715620562331 ], [ 77.594853845844554, 13.031987427415913 ], [ 77.595131064492548, 13.031710007868135 ], [ 77.595979897483289, 13.032525424956649 ], [ 77.596820141989312, 13.032517000379851 ], [ 77.597097358506275, 13.032239579035952 ], [ 77.597091628995614, 13.031690353921922 ], [ 77.597368844411449, 13.031412932501427 ], [ 77.597648924418522, 13.031410123345484 ], [ 77.598497762834768, 13.032225530827466 ], [ 77.599618085115466, 13.032214286822487 ] ] } },
{ "type": "Feature", "properties": { "type": "ghost_drain" }, "geometry": { "type": "LineString", "coordinates": [ [ 77.544874886420004, 13.020398727040355 ], [ 77.544866472870709, 13.0195748546871 ], [ 77.544583590426171, 13.019302980152748 ], [ 77.544306316077311, 13.019580353697561 ], [ 77.544026237584163, 13.019583102749989 ], [ 77.544023434119836, 13.019308478439559 ], [ 77.543740552778019, 13.019036602753401 ], [ 77.543737749750079, 13.018761978370229 ], [ 77.543171989657495, 13.018218225580833 ], [ 77.542611835170874, 13.018223720369621 ], [ 77.541480324321114, 13.017136206759979 ], [ 77.541469124243051, 13.016037707092476 ], [ 77.54090337548719, 13.01549394718942 ], [ 77.540894978334578, 13.014670071973981 ], [ 77.540612105995606, 13.01439819118176 ], [ 77.54060371053653, 13.013574315709979 ], [ 77.540037969936037, 13.013030552444377 ], [ 77.54003517232178, 13.012755927141823 ] ] } },
{ "type": "Feature", "properties": { "type": "ghost_drain" }, "geometry": { "type": "LineString", "coordinates": [ [ 77.481575345804231, 13.021012513885209 ], [ 77.481567140997626, 13.020188601376166 ], [ 77.481284313778033, 13.019916645227784 ], [ 77.481276110647684, 13.01909273246687 ], [ 77.480993285155634, 13.018820775698707 ], [ 77.481270642207619, 13.018543457261075 ], [ 77.480704993321552, 13.01799954304019 ] ] } },
{ "type": "Feature", "properties": { "type": "ghost_drain" }, "geometry": { "type": "LineString", "coordinates": [ [ 77.643181605537123, 13.019689490169586 ], [ 77.64374754531012, 13.02023298261358 ] ] } },
{ "type": "Feature", "properties": { "type": "ghost_drain" }, "geometry": { "type": "LineString", "coordinates": [ [ 77.614058244577123, 13.020259490311133 ], [ 77.613226692814749, 13.021091790722988 ], [ 77.613232453044716, 13.021641009204503 ] ] } },
{ "type": "Feature", "properties": { "type": "ghost_drain" }, "geometry": { "type": "LineString", "coordinates": [ [ 77.527246478422043, 13.022219144237276 ], [ 77.527243692853261, 13.021944516399172 ] ] } },
{ "type": "Feature", "properties": { "type": "ghost_drain" }, "geometry": { "type": "LineString", "coordinates": [ [ 77.527243692853261, 13.021944516399172 ], [ 77.527232551216869, 13.020846004982838 ], [ 77.528341739570777, 13.019736567893993 ], [ 77.528325023176933, 13.018088801854066 ], [ 77.528879610732531, 13.01753408281326 ], [ 77.528876824402701, 13.017259455223968 ], [ 77.528593959196428, 13.016987559481542 ], [ 77.528591173302203, 13.01671293181988 ], [ 77.528308309083158, 13.016441035584094 ], [ 77.528297167631749, 13.015342524609672 ], [ 77.52773144401327, 13.01479873032835 ], [ 77.527728659553347, 13.014524102436848 ], [ 77.526880079856184, 13.013708407612405 ], [ 77.526877296574838, 13.013433779516683 ], [ 77.526594438278124, 13.013161880321464 ], [ 77.526580524686722, 13.011788739417408 ], [ 77.52713510548439, 13.011234025729205 ], [ 77.527126756632924, 13.010410141429091 ] ] } },
{ "type": "Feature", "properties": { "type": "ghost_drain" }, "geometry": { "type": "LineString", "coordinates": [ [ 77.695008737162325, 13.020803513818134 ], [ 77.695839962024181, 13.019971003495035 ], [ 77.695831050027323, 13.019147231059794 ], [ 77.696108123031792, 13.018869727427553 ], [ 77.696105152262859, 13.01859513665992 ], [ 77.69638222441246, 13.018317632903608 ], [ 77.696379253472116, 13.018043042186564 ], [ 77.696939338353303, 13.018037215444135 ], [ 77.698324684917011, 13.016649691850642 ] ] } },
{ "type": "Feature", "properties": { "type": "ghost_drain" }, "geometry": { "type": "LineString", "coordinates": [ [ 77.66869000262939, 13.021625120856045 ], [ 77.668695885278353, 13.022174314643268 ], [ 77.668418772835693, 13.022451795520183 ], [ 77.668421714020965, 13.02272639246053 ], [ 77.667867486808206, 13.023281353779581 ], [ 77.667870427580155, 13.023555950826287 ], [ 77.667593312809942, 13.023833431268363 ] ] } },
{ "type": "Feature", "properties": { "type": "ghost_drain" }, "geometry": { "type": "LineString", "coordinates": [ [ 77.577949360031496, 13.022543679532793 ], [ 77.577957884895014, 13.023367530288047 ], [ 77.578240802234248, 13.023639360645451 ], [ 77.578255013508382, 13.025012444773399 ], [ 77.577974936380997, 13.025015231625346 ], [ 77.577420465048846, 13.025570038394079 ], [ 77.577140387110148, 13.025572824461589 ], [ 77.576863150147119, 13.025850227324328 ], [ 77.576583071770202, 13.025853012848595 ], [ 77.575196875850565, 13.027240023151032 ], [ 77.574916795543146, 13.027242807166767 ], [ 77.574639554138201, 13.027520208424779 ], [ 77.574642393170805, 13.027794825962662 ], [ 77.5743651509069, 13.028072227087824 ], [ 77.574373667666222, 13.028896079825742 ] ] } },
{ "type": "Feature", "properties": { "type": "ghost_drain" }, "geometry": { "type": "LineString", "coordinates": [ [ 77.510457859157171, 13.024030268472531 ], [ 77.51018053554705, 13.024307613298028 ], [ 77.509900444335969, 13.024310326466534 ], [ 77.509617586447902, 13.024038407800594 ], [ 77.509057404324579, 13.024043832509266 ], [ 77.508774547541591, 13.023771912694368 ], [ 77.508494456629379, 13.023774624234566 ], [ 77.5082116007069, 13.023502703631923 ], [ 77.504850507752977, 13.023535214225202 ], [ 77.504295846041188, 13.024089893758523 ], [ 77.504015753807494, 13.024092600525671 ], [ 77.503738421656365, 13.024369939763796 ], [ 77.503458328988131, 13.024372645985922 ], [ 77.502903662095363, 13.024927323404915 ], [ 77.502063381483524, 13.024935438800892 ], [ 77.501786045999353, 13.025212776495533 ] ] } },
{ "type": "Feature", "properties": { "type": "ghost_drain" }, "geometry": { "type": "LineString", "coordinates": [ [ 77.501786045999353, 13.025212776495533 ], [ 77.500945763704692, 13.025220888443933 ], [ 77.50039108866082, 13.025775561803044 ], [ 77.500110993693724, 13.025778264695516 ], [ 77.499828142513607, 13.025506333719422 ], [ 77.498987857967805, 13.025514439501618 ], [ 77.498422158924868, 13.024970574105025 ], [ 77.498416650147504, 13.024421306338377 ], [ 77.497850955053224, 13.023877438976063 ], [ 77.497570861673793, 13.023880138737967 ], [ 77.497288015295482, 13.023608204056741 ], [ 77.497007922097794, 13.023610903155767 ], [ 77.496725076580319, 13.023338967687598 ], [ 77.496444983564402, 13.023341666123773 ], [ 77.496162138907735, 13.023069729868709 ], [ 77.495882046073618, 13.023072427642058 ], [ 77.495599202277788, 13.022800490600158 ], [ 77.494758924131673, 13.022808581025817 ], [ 77.494476081686486, 13.02253664247557 ], [ 77.494198738385677, 13.022813973132974 ], [ 77.493918645418134, 13.022816668733563 ] ] } },
{ "type": "Feature", "properties": { "type": "ghost_drain" }, "geometry": { "type": "LineString", "coordinates": [ [ 77.628093212253333, 13.02313854525805 ], [ 77.628096109179893, 13.023413151177675 ], [ 77.627818941678001, 13.023690597502068 ], [ 77.626978747795022, 13.023699116924343 ], [ 77.626695787580871, 13.023427349905246 ] ] } },
{ "type": "Feature", "properties": { "type": "ghost_drain" }, "geometry": { "type": "LineString", "coordinates": [ [ 77.590286846143414, 13.023793867667671 ], [ 77.590295412628819, 13.02461771028865 ], [ 77.590018193935563, 13.024895124319054 ] ] } },
{ "type": "Feature", "properties": { "type": "ghost_drain" }, "geometry": { "type": "LineString", "coordinates": [ [ 77.559766961618664, 13.024921108457828 ], [ 77.559212442299852, 13.025475883729495 ], [ 77.558932360450441, 13.0254786501072 ], [ 77.558366555451286, 13.024934939743289 ], [ 77.557246229353552, 13.024945999335953 ], [ 77.55696332875111, 13.024674142061516 ], [ 77.556686065916907, 13.024951527320372 ], [ 77.556688884589988, 13.025226148791857 ], [ 77.556128720278949, 13.025231675688818 ], [ 77.555574190785748, 13.025786444783451 ], [ 77.555579826120294, 13.026335688163471 ], [ 77.555025293189587, 13.026890456721487 ], [ 77.554745208830909, 13.026893218870244 ], [ 77.554190672690936, 13.027447986192509 ], [ 77.553910587522552, 13.027450747555539 ], [ 77.553916219935772, 13.027999991581142 ], [ 77.55363895008216, 13.02827737482586 ], [ 77.553641766142078, 13.028551996882824 ], [ 77.555339192769779, 13.03018315458155 ], [ 77.555061922831257, 13.030460539466059 ], [ 77.555064740948026, 13.030735161170794 ], [ 77.554232926704515, 13.031567314857021 ], [ 77.554798742288426, 13.032111032891056 ], [ 77.55480156048452, 13.032385654617546 ], [ 77.553961288536271, 13.032393942863362 ], [ 77.553684014785773, 13.032671326968494 ], [ 77.553403923634548, 13.032674088870772 ], [ 77.553406740418978, 13.032948710885401 ], [ 77.553689649035491, 13.033220570870983 ], [ 77.55370655333374, 13.034868302424654 ], [ 77.553429277017742, 13.035145686771719 ], [ 77.553440546866085, 13.036244174561061 ], [ 77.554289287984446, 13.037059750833524 ], [ 77.554292106726336, 13.037334372565047 ], [ 77.554857937966986, 13.037878087801417 ], [ 77.554860757519165, 13.038152709393305 ], [ 77.555143674437232, 13.03842456630119 ], [ 77.555703868846109, 13.038419036039077 ], [ 77.555986786868218, 13.038690891792726 ] ] } },
{ "type": "Feature", "properties": { "type": "ghost_drain" }, "geometry": { "type": "LineString", "coordinates": [ [ 77.555986786868218, 13.038690891792726 ], [ 77.556827078728077, 13.038682593044573 ], [ 77.557109998097886, 13.03895444728132 ] ] } },
{ "type": "Feature", "properties": { "type": "ghost_drain" }, "geometry": { "type": "LineString", "coordinates": [ [ 77.557109998097886, 13.03895444728132 ], [ 77.557387272978175, 13.038677059034224 ], [ 77.559067854176817, 13.038660449747654 ], [ 77.559350775495844, 13.038932301083587 ], [ 77.560191065952836, 13.038923991271167 ] ] } },
{ "type": "Feature", "properties": { "type": "ghost_drain" }, "geometry": { "type": "LineString", "coordinates": [ [ 77.560191065952836, 13.038923991271167 ], [ 77.561322760318703, 13.040011387969017 ], [ 77.563283442606377, 13.039991977669994 ], [ 77.564981012885838, 13.041623044595783 ] ] } },
{ "type": "Feature", "properties": { "type": "ghost_drain" }, "geometry": { "type": "LineString", "coordinates": [ [ 77.564981012885838, 13.041623044595783 ], [ 77.567527409937085, 13.044069615978918 ], [ 77.56753307983773, 13.04461885342884 ], [ 77.568664830885837, 13.045706206776684 ] ] } },
{ "type": "Feature", "properties": { "type": "ghost_drain" }, "geometry": { "type": "LineString", "coordinates": [ [ 77.502351751660626, 13.025756633098156 ], [ 77.501786045999353, 13.025212776495533 ] ] } },
{ "type": "Feature", "properties": { "type": "ghost_drain" }, "geometry": { "type": "LineString", "coordinates": [ [ 77.685805668926193, 13.024469161279146 ], [ 77.686088682180795, 13.024740850982081 ], [ 77.686091643366822, 13.025015443890076 ], [ 77.686374657612802, 13.025287133088344 ], [ 77.686380580939954, 13.025836318745414 ], [ 77.686663596553075, 13.02610800736921 ], [ 77.686687295583127, 13.02830474918062 ], [ 77.686410201648656, 13.028582246642681 ], [ 77.686413164092883, 13.02885683939683 ], [ 77.687262225180689, 13.029671901660679 ], [ 77.687268152527878, 13.030221086730901 ], [ 77.686991057664756, 13.030498585068161 ], [ 77.68699402120015, 13.030773177650415 ], [ 77.687277044057979, 13.031044864287711 ], [ 77.686999948474636, 13.031322362795512 ], [ 77.68700883989564, 13.032146140464626 ], [ 77.687288900382185, 13.032143234272873 ], [ 77.688987059487957, 13.033773343282986 ], [ 77.68899595921178, 13.034597119447291 ], [ 77.68844176569776, 13.035152120624131 ], [ 77.688450664592338, 13.035975897071474 ] ] } },
{ "type": "Feature", "properties": { "type": "ghost_drain" }, "geometry": { "type": "LineString", "coordinates": [ [ 77.688450664592338, 13.035975897071474 ], [ 77.687619367538318, 13.036808397984343 ], [ 77.687622333251809, 13.037082990291104 ], [ 77.687902399147916, 13.037080082355319 ], [ 77.687905365237484, 13.037354674592276 ], [ 77.687628264882591, 13.037632174885212 ], [ 77.687646061405161, 13.039279728512152 ], [ 77.687368958992408, 13.039557228964215 ], [ 77.687088890186885, 13.039560136865571 ], [ 77.686811786781604, 13.039837636896696 ], [ 77.686817717921613, 13.040386821741242 ], [ 77.687383790094401, 13.040930190426216 ], [ 77.687401589658222, 13.042577743966943 ], [ 77.68768462892649, 13.042849427237559 ], [ 77.687687596134424, 13.043124019401878 ], [ 77.687970636395491, 13.043395702167256 ], [ 77.688024064528321, 13.048338358760764 ] ] } },
{ "type": "Feature", "properties": { "type": "ghost_drain" }, "geometry": { "type": "LineString", "coordinates": [ [ 77.688024064528321, 13.048338358760764 ], [ 77.688873209333067, 13.049153400673356 ] ] } },
{ "type": "Feature", "properties": { "type": "ghost_drain" }, "geometry": { "type": "LineString", "coordinates": [ [ 77.708498628901765, 13.02505678664393 ], [ 77.709883929505054, 13.023669206810657 ], [ 77.711844247673085, 13.023648697179492 ], [ 77.712121303313168, 13.023371179005478 ], [ 77.712681392849134, 13.023365315918785 ], [ 77.712675412746762, 13.022816142116028 ], [ 77.713783624228071, 13.021706066172046 ], [ 77.714063666772574, 13.021703133352462 ], [ 77.714060675559779, 13.021428546735102 ], [ 77.714337726276042, 13.021151027117822 ], [ 77.714334734892688, 13.020876440551451 ], [ 77.714611784754453, 13.020598920811334 ], [ 77.714608793200568, 13.020324334295964 ], [ 77.714885842207849, 13.020046814433034 ], [ 77.7154459229872, 13.020040946845716 ], [ 77.715728955989988, 13.020312598865441 ], [ 77.717129157932874, 13.020297922788501 ] ] } },
{ "type": "Feature", "properties": { "type": "ghost_drain" }, "geometry": { "type": "LineString", "coordinates": [ [ 77.717463111973544, 13.02523753143446 ], [ 77.717180070761358, 13.024965882878137 ], [ 77.717177075339862, 13.024691297042359 ], [ 77.716610995515154, 13.024147998479664 ], [ 77.716608000915187, 13.023873412496416 ], [ 77.716885050396442, 13.023595890221467 ], [ 77.717725182022392, 13.023587079554993 ], [ 77.718002229758866, 13.02330955638647 ], [ 77.718282273120408, 13.023306618656289 ], [ 77.718836365993994, 13.022751571303196 ], [ 77.718833369275302, 13.022476985799804 ], [ 77.719110414549817, 13.022199461910617 ], [ 77.719670498192741, 13.02219358424669 ] ] } },
{ "type": "Feature", "properties": { "type": "ghost_drain" }, "geometry": { "type": "LineString", "coordinates": [ [ 77.572673313995338, 13.026990450444488 ], [ 77.573239149759928, 13.027534122766234 ] ] } },
{ "type": "Feature", "properties": { "type": "ghost_drain" }, "geometry": { "type": "LineString", "coordinates": [ [ 77.545505195620493, 13.027258824167575 ], [ 77.544939409527373, 13.026715079835219 ], [ 77.544662128973073, 13.026992455068294 ], [ 77.544664934853643, 13.027267079079618 ], [ 77.544387653439586, 13.027544454177747 ], [ 77.544104760687517, 13.02727258084405 ], [ 77.542704324147095, 13.027286329969199 ], [ 77.54242704012681, 13.027563703372515 ], [ 77.542146952253617, 13.027566452049241 ], [ 77.542141345972709, 13.027017202954116 ], [ 77.541575566473895, 13.026473449801438 ], [ 77.541015392742054, 13.026478944561344 ], [ 77.541012591058518, 13.0262043197518 ], [ 77.540729703092936, 13.025932441743002 ], [ 77.540724100662914, 13.025383191972171 ], [ 77.539592557937866, 13.024295675125364 ], [ 77.539312473118514, 13.024298420063312 ], [ 77.53902958922086, 13.024026539419541 ], [ 77.539026790270881, 13.023751914133413 ], [ 77.538743907361237, 13.023480032995364 ], [ 77.538741108847532, 13.023205407636608 ], [ 77.538175345620004, 13.022661643944041 ], [ 77.537895262327496, 13.02266438701319 ], [ 77.537881275981434, 13.021291259162236 ], [ 77.538158560349757, 13.021013890862569 ], [ 77.538155763029209, 13.020739265326602 ], [ 77.53843304653806, 13.020461896891678 ], [ 77.538430249037958, 13.020187271402738 ], [ 77.538707531687379, 13.019909902832588 ], [ 77.537858901162707, 13.019094254268133 ], [ 77.537856104598958, 13.018819628627593 ], [ 77.537290354737991, 13.01827586064619 ], [ 77.537265195244473, 13.015804228402132 ], [ 77.536982324584343, 13.015532343174055 ], [ 77.536976735034727, 13.014983091361577 ], [ 77.535845261523278, 13.013895545642773 ], [ 77.53583129620668, 13.012522414676477 ], [ 77.53610857538105, 13.012245049779505 ], [ 77.536105782266389, 13.011970423620442 ] ] } },
{ "type": "Feature", "properties": { "type": "ghost_drain" }, "geometry": { "type": "LineString", "coordinates": [ [ 77.616376624117976, 13.027651312871967 ], [ 77.616656695640472, 13.027648483975328 ], [ 77.616939652767414, 13.027920263065191 ], [ 77.617219724465642, 13.027917433502889 ], [ 77.617774094540906, 13.027362557258911 ], [ 77.618334236242433, 13.027356896267081 ], [ 77.61861141960793, 13.027079457386929 ], [ 77.619171560296522, 13.027073794706601 ], [ 77.619448742297834, 13.026796355160922 ], [ 77.620008881973391, 13.02679069079219 ] ] } },
{ "type": "Feature", "properties": { "type": "ghost_drain" }, "geometry": { "type": "LineString", "coordinates": [ [ 77.675193131688161, 13.027325213128217 ], [ 77.675476139573945, 13.027596916007065 ], [ 77.675199031333435, 13.027874403748054 ], [ 77.675201981257487, 13.028148999048277 ], [ 77.675484990269851, 13.028420701718625 ], [ 77.675490891071831, 13.028969892160678 ], [ 77.675773901451166, 13.029241594257497 ], [ 77.675779803274722, 13.029790784534681 ], [ 77.676062815021126, 13.030062486057933 ], [ 77.676065766409934, 13.030337081117311 ], [ 77.676348779147887, 13.030608782136461 ], [ 77.676363538984447, 13.031981756988747 ], [ 77.676929570064814, 13.032525157027889 ], [ 77.677209633299483, 13.032522261646552 ], [ 77.677215539826349, 13.0330714511379 ], [ 77.677498557282419, 13.033343150001226 ], [ 77.677221446623861, 13.033620640603385 ], [ 77.677236214801653, 13.03499361415393 ], [ 77.677519234887896, 13.035265312530369 ], [ 77.677522189102206, 13.03553990715152 ], [ 77.677245076520251, 13.03581739820665 ], [ 77.677250984670962, 13.036366587542789 ], [ 77.676970917123114, 13.03636948380726 ], [ 77.67697682492819, 13.03691867324369 ], [ 77.676699710392285, 13.037196164103758 ], [ 77.676711525852269, 13.038294543125437 ], [ 77.676434409737951, 13.038572034029414 ], [ 77.675874269238122, 13.038577825452286 ], [ 77.675883128972586, 13.039401610198787 ] ] } },
{ "type": "Feature", "properties": { "type": "ghost_drain" }, "geometry": { "type": "LineString", "coordinates": [ [ 77.675883128972586, 13.039401610198787 ], [ 77.676166153869218, 13.039673309288785 ], [ 77.676169107625142, 13.039947904121821 ], [ 77.675337750847447, 13.040780375869737 ], [ 77.675057677895097, 13.040783271027767 ], [ 77.675063583549672, 13.041332461139998 ], [ 77.675629637777902, 13.041875860103701 ], [ 77.675635545206518, 13.04242504991201 ], [ 77.675081302136135, 13.042980031321424 ], [ 77.674801226649947, 13.042982926681459 ], [ 77.673969856291976, 13.043815396707364 ], [ 77.673686827682459, 13.043543695737435 ], [ 77.673126674733325, 13.043549483384101 ], [ 77.672843647221939, 13.043277781248753 ], [ 77.67172334147601, 13.043289351453044 ], [ 77.671446214264563, 13.043566839068362 ], [ 77.671449163725953, 13.043841434881926 ], [ 77.670617777669165, 13.044673896799861 ], [ 77.670623675349518, 13.045223088746422 ], [ 77.670346544948814, 13.045500575799432 ], [ 77.670066465539165, 13.045503466586492 ], [ 77.670069413931344, 13.045778062669447 ], [ 77.669792282297109, 13.046055549356455 ], [ 77.669798178802125, 13.046604741615853 ], [ 77.670081208174963, 13.046876446936587 ], [ 77.670084156904608, 13.047151042987199 ], [ 77.671782348351016, 13.048781265365472 ], [ 77.672622596264972, 13.048772584387635 ] ] } },
{ "type": "Feature", "properties": { "type": "ghost_drain" }, "geometry": { "type": "LineString", "coordinates": [ [ 77.653911468822784, 13.02781874995296 ], [ 77.654477449391678, 13.028362210578958 ], [ 77.65448330386684, 13.028911410453214 ], [ 77.655615275396087, 13.029998325950613 ], [ 77.655618204234585, 13.030272925601995 ], [ 77.655898269818309, 13.030270053740963 ], [ 77.656181264856542, 13.030541781097677 ], [ 77.656184194445288, 13.030816380610979 ], [ 77.656467190474672, 13.031088107464983 ], [ 77.656475980769144, 13.031911905759028 ], [ 77.656758978540068, 13.032183631972179 ], [ 77.65676190914769, 13.032458231321561 ], [ 77.656484771667834, 13.03273570399497 ], [ 77.656487702101657, 13.033010303394036 ], [ 77.657336701765232, 13.033825479903532 ], [ 77.657896840068958, 13.033819730627028 ], [ 77.657934964465355, 13.03738951790554 ], [ 77.658500978043975, 13.037932963487473 ] ] } },
{ "type": "Feature", "properties": { "type": "ghost_drain" }, "geometry": { "type": "LineString", "coordinates": [ [ 77.459534529804856, 13.030011973746021 ], [ 77.459537242527404, 13.030286615632319 ], [ 77.459259846264203, 13.030563917228463 ], [ 77.459267984066699, 13.031387843003964 ], [ 77.45843578936416, 13.032219747100683 ], [ 77.458438501351068, 13.032494389167876 ], [ 77.457051496619783, 13.033880892398662 ], [ 77.456771383313807, 13.033883550089849 ] ] } },
{ "type": "Feature", "properties": { "type": "ghost_drain" }, "geometry": { "type": "LineString", "coordinates": [ [ 77.456771383313807, 13.033883550089849 ], [ 77.455650929468973, 13.033894177831703 ], [ 77.455373524821212, 13.034171476677406 ], [ 77.455093410834436, 13.034174132612714 ], [ 77.454816005199731, 13.034451431021061 ], [ 77.454535890780562, 13.034454086409628 ], [ 77.453970246839646, 13.03391011037573 ], [ 77.452849790512715, 13.033920726025892 ], [ 77.4522949731941, 13.034475318635124 ], [ 77.452303090484406, 13.035299248484273 ], [ 77.450083790631581, 13.03751761243036 ] ] } },
{ "type": "Feature", "properties": { "type": "ghost_drain" }, "geometry": { "type": "LineString", "coordinates": [ [ 77.475519720752956, 13.031782346878066 ], [ 77.474679399463355, 13.031790377671186 ], [ 77.474402021735315, 13.03206769275798 ], [ 77.473841806487954, 13.032073044621116 ], [ 77.473564427401968, 13.032350359028085 ], [ 77.473567156095982, 13.032624997950457 ], [ 77.473012395583183, 13.033179626292171 ], [ 77.472732286445208, 13.033182301096817 ], [ 77.472454904893326, 13.033459614735605 ], [ 77.471894685688397, 13.033464962950131 ], [ 77.471339919252046, 13.034019588675337 ], [ 77.470499587751647, 13.034027607265934 ], [ 77.470222202496473, 13.034304919108152 ], [ 77.469942091500712, 13.034307591123056 ], [ 77.469664705258253, 13.03458490252897 ], [ 77.467423812079645, 13.034606265812899 ], [ 77.466575312021646, 13.033790351037853 ], [ 77.46629520083134, 13.033793019006719 ] ] } },
{ "type": "Feature", "properties": { "type": "ghost_drain" }, "geometry": { "type": "LineString", "coordinates": [ [ 77.46629520083134, 13.033793019006719 ], [ 77.46574041907617, 13.0343476350718 ], [ 77.464339858483697, 13.034360967940101 ], [ 77.463230280162392, 13.035470192876414 ], [ 77.462389938612475, 13.035478186038842 ] ] } },
{ "type": "Feature", "properties": { "type": "ghost_drain" }, "geometry": { "type": "LineString", "coordinates": [ [ 77.462389938612475, 13.035478186038842 ], [ 77.461829710601293, 13.03548351330218 ], [ 77.461546880440338, 13.035211535120963 ], [ 77.460146310553995, 13.035224846187011 ], [ 77.459297827462464, 13.034408903690675 ], [ 77.457337032179055, 13.034427518920257 ], [ 77.456771383313807, 13.033883550089849 ] ] } },
{ "type": "Feature", "properties": { "type": "ghost_drain" }, "geometry": { "type": "LineString", "coordinates": [ [ 77.530422273652192, 13.031526401800063 ], [ 77.530139387887274, 13.03125451129786 ], [ 77.530971296744355, 13.030422420426497 ], [ 77.530962922464653, 13.029598539792907 ], [ 77.530680038815987, 13.029326649552026 ], [ 77.530671666228159, 13.02850276866276 ], [ 77.530388784311796, 13.028230877795993 ], [ 77.530108693066182, 13.028233613603025 ], [ 77.529825812010088, 13.027961721946797 ], [ 77.529820232708815, 13.027412467605282 ], [ 77.52925447393288, 13.026868682745684 ], [ 77.528974383971772, 13.026871417046344 ], [ 77.528971595469017, 13.026596789674382 ], [ 77.528405840389453, 13.026053002248872 ], [ 77.528403052694458, 13.025778374738541 ], [ 77.528120176450614, 13.025506480318402 ], [ 77.528114601996123, 13.024957225146613 ], [ 77.52839190255348, 13.024679864633296 ], [ 77.528386327866386, 13.024130609542315 ], [ 77.528663627319673, 13.023853248946153 ], [ 77.528660839827907, 13.023578621444269 ], [ 77.527529349471493, 13.022491040533655 ], [ 77.527526563530941, 13.022216412761507 ], [ 77.527243692853261, 13.021944516399172 ] ] } },
{ "type": "Feature", "properties": { "type": "ghost_drain" }, "geometry": { "type": "LineString", "coordinates": [ [ 77.487849856838579, 13.032213521318457 ], [ 77.487289646994711, 13.032218902312321 ], [ 77.487012285467173, 13.032496228472436 ], [ 77.486732180079855, 13.032498918272422 ], [ 77.48674315343041, 13.033597462909171 ], [ 77.487026003853714, 13.033869408959378 ], [ 77.486748640482844, 13.034146735189278 ], [ 77.486756871532918, 13.0349706435616 ], [ 77.486479506809275, 13.035247969756742 ], [ 77.486199398213699, 13.035250659538242 ], [ 77.48620214146905, 13.03552529576041 ], [ 77.486484993999412, 13.035797242077511 ], [ 77.486495969133927, 13.036895786642503 ], [ 77.486778823765619, 13.037167732273772 ], [ 77.486781568077575, 13.037442368334084 ], [ 77.487064423697149, 13.037714313474416 ], [ 77.48706716844319, 13.037988949463358 ], [ 77.486789801390643, 13.038266276476742 ], [ 77.485669353316183, 13.038277037576346 ], [ 77.485674840038868, 13.03882631010832 ] ] } },
{ "type": "Feature", "properties": { "type": "ghost_drain" }, "geometry": { "type": "LineString", "coordinates": [ [ 77.485674840038868, 13.03882631010832 ], [ 77.485120100131581, 13.039380961818972 ], [ 77.484837244003415, 13.039109014541719 ], [ 77.484277017361975, 13.039114391814419 ], [ 77.483444900270996, 13.039946365591888 ], [ 77.483164785742488, 13.039949053043058 ], [ 77.483170267667674, 13.040498326552445 ], [ 77.482892893207861, 13.040775650621896 ], [ 77.48261277762856, 13.04077833764379 ], [ 77.482615518131212, 13.04105297449957 ], [ 77.481783389199833, 13.041884944981737 ], [ 77.481788868919153, 13.042434218986896 ], [ 77.481511490883378, 13.042711542201486 ], [ 77.481514230591401, 13.042986179246606 ], [ 77.480953993807134, 13.042991550899297 ], [ 77.480676614166185, 13.043268873486074 ], [ 77.480679353074166, 13.043543510693862 ], [ 77.480401972570419, 13.043820833140787 ], [ 77.480404711295293, 13.044095470394277 ], [ 77.480687570174368, 13.044367422278944 ], [ 77.480690309333212, 13.044642059461209 ], [ 77.480412927846203, 13.044919382116461 ], [ 77.480132807074924, 13.044922067293305 ], [ 77.480138284471963, 13.045471341859779 ], [ 77.479306133719348, 13.046303308253615 ], [ 77.479349950120323, 13.050697506365553 ], [ 77.477408215877347, 13.052638760388398 ] ] } },
{ "type": "Feature", "properties": { "type": "ghost_drain" }, "geometry": { "type": "LineString", "coordinates": [ [ 77.477408215877347, 13.052638760388398 ], [ 77.476576034796864, 13.053470723513779 ], [ 77.476295903579995, 13.0534734062645 ], [ 77.476018508280063, 13.053750726677182 ], [ 77.476023980426959, 13.054300002587432 ], [ 77.474914391081938, 13.055409282729533 ], [ 77.474917126264444, 13.05568392088294 ], [ 77.474362327393635, 13.056238559902924 ], [ 77.474082192588014, 13.056241240814868 ], [ 77.473799323647512, 13.055969283050079 ], [ 77.473244521312978, 13.056523920217982 ], [ 77.472404115031381, 13.056531958586492 ], [ 77.471838379980994, 13.05598803842728 ] ] } },
{ "type": "Feature", "properties": { "type": "ghost_drain" }, "geometry": { "type": "LineString", "coordinates": [ [ 77.471838379980994, 13.05598803842728 ], [ 77.471555513382313, 13.055716077709093 ], [ 77.471275378569075, 13.055718755476409 ], [ 77.470997974614789, 13.055996071903984 ], [ 77.469597297754916, 13.056009454975658 ], [ 77.46903156911705, 13.055465527337102 ], [ 77.468751434050517, 13.055468202321007 ], [ 77.468185708376055, 13.054924272258226 ], [ 77.466224764612733, 13.054942983613886 ], [ 77.464527612762041, 13.05331116805603 ] ] } },
{ "type": "Feature", "properties": { "type": "ghost_drain" }, "geometry": { "type": "LineString", "coordinates": [ [ 77.464527612762041, 13.05331116805603 ], [ 77.463961900419037, 13.052767226134094 ], [ 77.463407078011954, 13.053321844937203 ], [ 77.462286542265261, 13.053332516974363 ], [ 77.461731714419571, 13.053887133047754 ], [ 77.461451579585159, 13.053889799810699 ], [ 77.461174164364905, 13.054167107313015 ], [ 77.460894029097233, 13.054169773528436 ], [ 77.459762615247882, 13.053081869995751 ], [ 77.458922212030572, 13.05308986249648 ], [ 77.45863936085189, 13.052817884468435 ] ] } },
{ "type": "Feature", "properties": { "type": "ghost_drain" }, "geometry": { "type": "LineString", "coordinates": [ [ 77.45863936085189, 13.052817884468435 ], [ 77.45835651029077, 13.052545906015377 ], [ 77.457796242154785, 13.052551231392702 ], [ 77.457230543871503, 13.052007271768961 ], [ 77.456398284843644, 13.052839181597344 ], [ 77.453596934243791, 13.052865775761392 ], [ 77.453314088122667, 13.052593790816983 ], [ 77.4533113774649, 13.052319148114908 ], [ 77.453028532332098, 13.052047162681539 ], [ 77.452748397733018, 13.052049819653892 ], [ 77.452465553464464, 13.051777833435246 ] ] } },
{ "type": "Feature", "properties": { "type": "ghost_drain" }, "geometry": { "type": "LineString", "coordinates": [ [ 77.452465553464464, 13.051777833435246 ], [ 77.452182709813385, 13.051505846791898 ], [ 77.451902575645761, 13.05150850274047 ], [ 77.451619732858916, 13.051236515311931 ], [ 77.451059464831175, 13.051241825579927 ] ] } },
{ "type": "Feature", "properties": { "type": "ghost_drain" }, "geometry": { "type": "LineString", "coordinates": [ [ 77.451059464831175, 13.051241825579927 ], [ 77.450210941655911, 13.050425858583644 ] ] } },
{ "type": "Feature", "properties": { "type": "ghost_drain" }, "geometry": { "type": "LineString", "coordinates": [ [ 77.732362680034385, 13.030298487698159 ], [ 77.732085645295939, 13.030576024488441 ], [ 77.732094685261842, 13.031399771340931 ], [ 77.731817649190802, 13.031677308125145 ], [ 77.731823675702088, 13.032226472776767 ], [ 77.730715523346987, 13.033336618578891 ], [ 77.73015541982987, 13.03334252505517 ] ] } },
{ "type": "Feature", "properties": { "type": "ghost_drain" }, "geometry": { "type": "LineString", "coordinates": [ [ 77.73015541982987, 13.03334252505517 ], [ 77.729872356557522, 13.033070895093275 ], [ 77.729869345216187, 13.032796312339791 ], [ 77.727604864227175, 13.030623256342665 ] ] } },
{ "type": "Feature", "properties": { "type": "ghost_drain" }, "geometry": { "type": "LineString", "coordinates": [ [ 77.702960253722438, 13.030881649736203 ], [ 77.70324030909488, 13.030878726583754 ], [ 77.704089422381088, 13.031693721379968 ], [ 77.704098370574854, 13.03251748738716 ], [ 77.704381410697863, 13.032789151236834 ], [ 77.704384393942135, 13.03306373982274 ], [ 77.705233519136513, 13.033878728545297 ], [ 77.706073693572719, 13.033869948830484 ], [ 77.706639781554003, 13.034413270270493 ], [ 77.707199898461482, 13.034407414153632 ], [ 77.707482943855567, 13.034679073487778 ], [ 77.708323119422516, 13.034670285949339 ], [ 77.708600189532746, 13.034392768575259 ], [ 77.710000478892781, 13.034378115445175 ], [ 77.71084962411139, 13.035193081161866 ], [ 77.711129682496647, 13.035190148531818 ], [ 77.711138656461799, 13.036013909501381 ], [ 77.711421707469626, 13.036285563290591 ], [ 77.711701766950156, 13.036282629800805 ], [ 77.711984818813747, 13.036554282787641 ], [ 77.713945234935082, 13.036533737337846 ], [ 77.715360511880149, 13.03789198291301 ], [ 77.715920632549825, 13.037886106404455 ], [ 77.716486748599621, 13.038429400113916 ], [ 77.720127532483303, 13.038391163828287 ] ] } },
{ "type": "Feature", "properties": { "type": "ghost_drain" }, "geometry": { "type": "LineString", "coordinates": [ [ 77.519229541975633, 13.032734144326362 ], [ 77.518952222061543, 13.033011498372092 ], [ 77.518957779880694, 13.033560757098195 ], [ 77.518680458861112, 13.033838111059989 ], [ 77.518400358772794, 13.033840835366082 ], [ 77.518123036764891, 13.034118188895079 ], [ 77.518136928439944, 13.035491336424858 ], [ 77.517859604592545, 13.035768690028657 ], [ 77.517579502155542, 13.035771413843396 ], [ 77.517302177319678, 13.036048767014249 ], [ 77.51730495504809, 13.036323396666248 ] ] } },
{ "type": "Feature", "properties": { "type": "ghost_drain" }, "geometry": { "type": "LineString", "coordinates": [ [ 77.51730495504809, 13.036323396666248 ], [ 77.516750303037327, 13.036878102543696 ], [ 77.516470199112675, 13.036880825386548 ], [ 77.51619287181046, 13.037158177797167 ], [ 77.51620397919082, 13.038256697213523 ], [ 77.515094659899674, 13.039366105801026 ], [ 77.515097435924702, 13.039640735850707 ], [ 77.514820104315305, 13.039918087574979 ], [ 77.514539996553737, 13.039920808953578 ], [ 77.514262663955606, 13.040198160244483 ], [ 77.513702447497877, 13.040203601608262 ], [ 77.513147778963514, 13.040758302646619 ], [ 77.513150553147582, 13.0410329330791 ], [ 77.512870443771135, 13.041035652880298 ], [ 77.512315771535839, 13.041590352776559 ] ] } },
{ "type": "Feature", "properties": { "type": "ghost_drain" }, "geometry": { "type": "LineString", "coordinates": [ [ 77.512315771535839, 13.041590352776559 ], [ 77.511755551104642, 13.04159579049889 ], [ 77.511189786178605, 13.041051965336839 ], [ 77.510909676357628, 13.041054683021152 ], [ 77.510632337945026, 13.041332031361939 ], [ 77.508951675455222, 13.041348329657525 ], [ 77.508668795505358, 13.041076413608721 ], [ 77.50838868511336, 13.041079128571301 ], [ 77.508105806025327, 13.040807211733908 ], [ 77.50782569581493, 13.040809926032548 ], [ 77.507822927554116, 13.040535294469496 ], [ 77.507262707559988, 13.040540722041339 ] ] } },
{ "type": "Feature", "properties": { "type": "ghost_drain" }, "geometry": { "type": "LineString", "coordinates": [ [ 77.507262707559988, 13.040540722041339 ], [ 77.506430677439852, 13.041372756687359 ], [ 77.506436211320917, 13.041922020359596 ], [ 77.505315763643324, 13.041932869426724 ] ] } },
{ "type": "Feature", "properties": { "type": "ghost_drain" }, "geometry": { "type": "LineString", "coordinates": [ [ 77.505315763643324, 13.041932869426724 ], [ 77.504755539424508, 13.04193829214565 ], [ 77.504763835169157, 13.042762188669029 ], [ 77.504209138425466, 13.043316875085416 ], [ 77.504214668257845, 13.043866139612923 ], [ 77.503659968065534, 13.044420825476513 ], [ 77.503094209916853, 13.043876980654145 ], [ 77.503091446202973, 13.04360234815756 ], [ 77.502808568425891, 13.043330425040685 ], [ 77.502805805147048, 13.043055792472328 ], [ 77.502522928358687, 13.042783868863243 ], [ 77.502245577321233, 13.043061210219147 ], [ 77.501965463313425, 13.043063918638852 ], [ 77.501682587260689, 13.042791993945446 ], [ 77.501402473434879, 13.042794701701251 ], [ 77.501119598244301, 13.042522776219656 ], [ 77.500559370893441, 13.04252819010107 ] ] } },
{ "type": "Feature", "properties": { "type": "ghost_drain" }, "geometry": { "type": "LineString", "coordinates": [ [ 77.500559370893441, 13.04252819010107 ], [ 77.500279257123182, 13.042530896588087 ], [ 77.500001903357358, 13.042808235943321 ], [ 77.498601331699817, 13.042821762623751 ], [ 77.498318458961975, 13.042549833528353 ], [ 77.498041102594613, 13.042827171178654 ], [ 77.49692064362641, 13.042837984658844 ], [ 77.496637772360543, 13.042566053395467 ], [ 77.494957083486952, 13.042582262373918 ], [ 77.494674214310265, 13.042310328516329 ], [ 77.494113984671884, 13.042315728366923 ], [ 77.493831116602948, 13.042043793360413 ], [ 77.493270887203209, 13.042049191278716 ], [ 77.492988020242009, 13.041777255123389 ], [ 77.492427791081013, 13.041782651109465 ], [ 77.492150427647388, 13.042059983485869 ], [ 77.491310082318989, 13.042068074465464 ], [ 77.491032717154084, 13.042345405919296 ], [ 77.490752601547214, 13.042348102063833 ], [ 77.490186871917246, 13.041804222955843 ], [ 77.491018967431145, 13.040972230527737 ], [ 77.490736103919275, 13.040700291222576 ] ] } },
{ "type": "Feature", "properties": { "type": "ghost_drain" }, "geometry": { "type": "LineString", "coordinates": [ [ 77.490736103919275, 13.040700291222576 ], [ 77.489895762272937, 13.040708376784927 ], [ 77.489330038572589, 13.040164494729362 ], [ 77.489327290856281, 13.039889859260615 ], [ 77.489044430302684, 13.039617917528574 ], [ 77.488204091224517, 13.039625996943444 ], [ 77.487355515473894, 13.038810165941465 ], [ 77.48707540305854, 13.038812857391893 ], [ 77.486798035269459, 13.039090184561974 ], [ 77.486237809507656, 13.039095566068134 ], [ 77.485954952768509, 13.038823620169799 ], [ 77.485674840038868, 13.03882631010832 ] ] } },
{ "type": "Feature", "properties": { "type": "ghost_drain" }, "geometry": { "type": "LineString", "coordinates": [ [ 77.466849980120358, 13.033238402172058 ], [ 77.466572590784111, 13.033515710685576 ], [ 77.46629247990208, 13.033518378596314 ], [ 77.46629520083134, 13.033793019006719 ] ] } },
{ "type": "Feature", "properties": { "type": "ghost_drain" }, "geometry": { "type": "LineString", "coordinates": [ [ 77.602418886217151, 13.03218615566167 ], [ 77.60214167680256, 13.032463581581974 ], [ 77.602147417799273, 13.033012804452062 ], [ 77.601592996151965, 13.03356765595443 ], [ 77.601595866264233, 13.033842267489593 ], [ 77.601318654273783, 13.034119693016709 ], [ 77.601321524209411, 13.034394304600308 ] ] } },
{ "type": "Feature", "properties": { "type": "ghost_drain" }, "geometry": { "type": "LineString", "coordinates": [ [ 77.570212113497092, 13.032782458289788 ], [ 77.570226290839656, 13.034155550155207 ], [ 77.570792141629298, 13.034699225520821 ], [ 77.570794978039018, 13.034973843740669 ], [ 77.571077904731595, 13.0352456807118 ] ] } },
{ "type": "Feature", "properties": { "type": "ghost_drain" }, "geometry": { "type": "LineString", "coordinates": [ [ 77.50915148381867, 13.033381305051236 ], [ 77.509434353849443, 13.033653222211749 ], [ 77.509442659616013, 13.034477116296754 ], [ 77.509162556814289, 13.034479830747234 ], [ 77.509168093692637, 13.035029093556904 ], [ 77.508890758437033, 13.035306439277766 ], [ 77.508893526726482, 13.03558107072576 ], [ 77.509176399485838, 13.035852987723484 ], [ 77.508067051825577, 13.036962370097211 ], [ 77.507786945932281, 13.036965083568345 ], [ 77.507232267659035, 13.037519773125902 ], [ 77.507515141550911, 13.037791691833657 ], [ 77.507528978777501, 13.039164850200013 ], [ 77.506974295841303, 13.039719540114318 ], [ 77.507257172462104, 13.03999145865968 ], [ 77.507262707559988, 13.040540722041339 ] ] } },
{ "type": "Feature", "properties": { "type": "ghost_drain" }, "geometry": { "type": "LineString", "coordinates": [ [ 77.746109174092041, 13.032349980036674 ], [ 77.745543023204362, 13.031806761031188 ], [ 77.745539994893605, 13.031532181863968 ], [ 77.745817012484153, 13.031254633445275 ], [ 77.745798842645343, 13.029607158654636 ], [ 77.745515770905129, 13.02933554829225 ], [ 77.745512743218768, 13.029060969066544 ], [ 77.745229672471581, 13.028789358195196 ], [ 77.745223618061445, 13.028240199581921 ], [ 77.744940548684426, 13.027968588130468 ], [ 77.744937521960622, 13.027694008742911 ], [ 77.745214536966472, 13.027416461613285 ], [ 77.745211510073545, 13.027141882277412 ], [ 77.744928442205335, 13.026870270541263 ], [ 77.744368359907966, 13.026876204848147 ], [ 77.743802226972335, 13.026332978596765 ], [ 77.7435221861966, 13.026335944564433 ], [ 77.743239120890692, 13.02606433041581 ], [ 77.742959080284109, 13.026067295715164 ], [ 77.742676015832302, 13.025795680762485 ], [ 77.742672992125662, 13.025521100805788 ], [ 77.74295000824084, 13.025243556038944 ], [ 77.742666944920316, 13.024971940872915 ], [ 77.742663921421567, 13.024697360896736 ], [ 77.742103842939756, 13.024703289340144 ], [ 77.741537719853326, 13.024160056087643 ], [ 77.741531675802889, 13.023610895572981 ], [ 77.740682498051484, 13.022796041986812 ], [ 77.740676456540015, 13.022246881019726 ], [ 77.740110342624078, 13.02170364282437 ], [ 77.7400892047919, 13.019781578240281 ], [ 77.739806151395257, 13.019509957989255 ], [ 77.740083166034353, 13.019232416872118 ], [ 77.740080146759396, 13.018957836178302 ], [ 77.740357160544875, 13.018680294940184 ], [ 77.740637193466796, 13.01867733410071 ] ] } },
{ "type": "Feature", "properties": { "type": "ghost_drain" }, "geometry": { "type": "LineString", "coordinates": [ [ 77.659294250936583, 13.033530753395574 ], [ 77.659332394487834, 13.037100536685987 ], [ 77.658778117474967, 13.037655488070321 ] ] } },
{ "type": "Feature", "properties": { "type": "ghost_drain" }, "geometry": { "type": "LineString", "coordinates": [ [ 77.581155413549325, 13.034596122772239 ], [ 77.581158261362177, 13.034870738746003 ], [ 77.580881021366309, 13.03514814683534 ], [ 77.581163957183591, 13.035419970674264 ], [ 77.581166805192169, 13.035694586628757 ], [ 77.580886716701784, 13.035697378872403 ], [ 77.580332233888896, 13.036252194707654 ], [ 77.580335081168499, 13.036526810825338 ], [ 77.580618018367048, 13.036798635054154 ], [ 77.58063795376485, 13.038720947227452 ], [ 77.581769719182589, 13.039808237956461 ], [ 77.581775418586034, 13.040357469410141 ], [ 77.582058362229205, 13.040629290881833 ], [ 77.582061212402408, 13.040903906531762 ], [ 77.582344157035863, 13.041175727505715 ], [ 77.582624251365559, 13.041172932533808 ], [ 77.582649911999837, 13.043644471940805 ], [ 77.582932860856133, 13.043916291515409 ], [ 77.583212958139114, 13.043913495330068 ], [ 77.583495907855351, 13.044185314110798 ], [ 77.583776005316167, 13.044182517259738 ], [ 77.584053249596224, 13.043905104959549 ], [ 77.584333346617967, 13.043902307564547 ], [ 77.584610589907456, 13.043624894835808 ], [ 77.584890686490112, 13.043622096896888 ], [ 77.585173637291192, 13.043893913565048 ] ] } },
{ "type": "Feature", "properties": { "type": "ghost_drain" }, "geometry": { "type": "LineString", "coordinates": [ [ 77.585173637291192, 13.043893913565048 ], [ 77.584896394506131, 13.044171326831282 ], [ 77.58517934605473, 13.044443143364751 ], [ 77.585182200534533, 13.04471775825496 ], [ 77.585742395840526, 13.044712160377644 ], [ 77.586025348865945, 13.044983975686318 ], [ 77.586305446663971, 13.044981175930632 ], [ 77.586588400549346, 13.045252990445157 ], [ 77.587988889773868, 13.045238985313102 ], [ 77.59110143659899, 13.048228896544607 ] ] } },
{ "type": "Feature", "properties": { "type": "ghost_drain" }, "geometry": { "type": "LineString", "coordinates": [ [ 77.69012214589128, 13.03513466569987 ], [ 77.689845050466332, 13.035412167447939 ], [ 77.689848018305028, 13.035686759280228 ], [ 77.6895679544252, 13.035689669014186 ], [ 77.689290857767844, 13.035967170398592 ], [ 77.688450664592338, 13.035975897071474 ] ] } },
{ "type": "Feature", "properties": { "type": "ghost_drain" }, "geometry": { "type": "LineString", "coordinates": [ [ 77.670243382950332, 13.035889711023628 ], [ 77.670526398150159, 13.036161418320065 ], [ 77.670529344864136, 13.036436014497049 ], [ 77.67081236105588, 13.036707721289615 ], [ 77.671372499673907, 13.036701941627234 ], [ 77.671655516963227, 13.036973647255095 ], [ 77.671664361613068, 13.03779743495318 ], [ 77.67223040029485, 13.038340844488703 ], [ 77.67251047114901, 13.038337952919971 ], [ 77.673076512777598, 13.038881359986732 ], [ 77.673356584045507, 13.038878467385425 ], [ 77.673922628621, 13.039421871983143 ], [ 77.675883128972586, 13.039401610198787 ] ] } },
{ "type": "Feature", "properties": { "type": "ghost_drain" }, "geometry": { "type": "LineString", "coordinates": [ [ 77.56129166582248, 13.036990565851546 ], [ 77.561014397625513, 13.037267957163031 ], [ 77.560454208140058, 13.037273498430023 ], [ 77.560176938580554, 13.037550889069651 ], [ 77.559896843367738, 13.037553659007783 ], [ 77.55961957281869, 13.037831049217415 ], [ 77.559622397611861, 13.038105669784789 ], [ 77.559905318672108, 13.038377520528929 ], [ 77.559908143902959, 13.038652141023148 ], [ 77.560191065952836, 13.038923991271167 ] ] } },
{ "type": "Feature", "properties": { "type": "ghost_drain" }, "geometry": { "type": "LineString", "coordinates": [ [ 77.465215558367518, 13.037923296737961 ], [ 77.464932721918146, 13.037651323461485 ], [ 77.464652606037376, 13.037653990429945 ], [ 77.464086935480964, 13.037110041881302 ], [ 77.464081497122123, 13.03656076027737 ], [ 77.463798663510261, 13.036288785236831 ], [ 77.46351854892211, 13.03629145070547 ], [ 77.462952884040519, 13.035747498629084 ], [ 77.462672769882232, 13.035750163074605 ], [ 77.462389938612475, 13.035478186038842 ] ] } },
{ "type": "Feature", "properties": { "type": "ghost_drain" }, "geometry": { "type": "LineString", "coordinates": [ [ 77.494352799562293, 13.038193512514191 ], [ 77.494075441918682, 13.038470845915199 ], [ 77.493795331322715, 13.038473544563914 ], [ 77.493517972690967, 13.038750877530143 ], [ 77.49323786166056, 13.038753575632882 ], [ 77.493243365287384, 13.039302844971029 ], [ 77.492688644449345, 13.039857510052041 ], [ 77.491568194259273, 13.039868297960018 ], [ 77.491013467982768, 13.040422960326428 ], [ 77.491016217675465, 13.040697595430276 ], [ 77.490736103919275, 13.040700291222576 ] ] } },
{ "type": "Feature", "properties": { "type": "ghost_drain" }, "geometry": { "type": "LineString", "coordinates": [ [ 77.613125298756145, 13.038120379296934 ], [ 77.613128182624621, 13.038394988203553 ], [ 77.613694120390335, 13.038938550100294 ], [ 77.613416919882937, 13.039215987025731 ], [ 77.613419804323883, 13.03949059584501 ], [ 77.613702774637986, 13.039762376373359 ], [ 77.613982860379025, 13.039759547786584 ], [ 77.614265831551904, 13.040031327519133 ], [ 77.614545917469073, 13.040028498266171 ], [ 77.614828889500743, 13.040300277202864 ], [ 77.61483466206019, 13.040849494167428 ], [ 77.615683584101319, 13.041664827977137 ], [ 77.615695134506637, 13.042763261012135 ], [ 77.616261088613129, 13.043306814180337 ], [ 77.616272643072364, 13.044405246567553 ], [ 77.617121583352215, 13.045220572261613 ], [ 77.617141814068233, 13.047142827260922 ], [ 77.617707782583636, 13.047686374608864 ], [ 77.617710673699833, 13.047960982303879 ], [ 77.61799365925765, 13.048232755261278 ] ] } },
{ "type": "Feature", "properties": { "type": "ghost_drain" }, "geometry": { "type": "LineString", "coordinates": [ [ 77.521817210760261, 13.03930069759242 ], [ 77.521537105206832, 13.039303426411639 ] ] } },
{ "type": "Feature", "properties": { "type": "ghost_drain" }, "geometry": { "type": "LineString", "coordinates": [ [ 77.521537105206832, 13.039303426411639 ], [ 77.521256999589639, 13.039306154928495 ], [ 77.520974111471688, 13.039034254333131 ], [ 77.520694006035384, 13.039036982185852 ], [ 77.52041668235573, 13.03931433866488 ], [ 77.520419464239779, 13.039588967587148 ], [ 77.520139358059339, 13.039591694953947 ], [ 77.519584707616332, 13.040146406962123 ], [ 77.518744386460412, 13.040154585790297 ], [ 77.518741606299244, 13.039879956524537 ], [ 77.518458719639156, 13.039608052804958 ], [ 77.51844760111922, 13.038509535414953 ], [ 77.51816471656393, 13.038237631004915 ], [ 77.518161937465095, 13.037963001575685 ], [ 77.517879053898454, 13.03769109667248 ], [ 77.517867939627493, 13.03659257862866 ], [ 77.517585058165309, 13.036320673035128 ], [ 77.51730495504809, 13.036323396666248 ] ] } },
{ "type": "Feature", "properties": { "type": "ghost_drain" }, "geometry": { "type": "LineString", "coordinates": [ [ 77.502212430312667, 13.039765617484978 ], [ 77.502217954181546, 13.040314883004557 ], [ 77.502500827379421, 13.040586807563379 ], [ 77.502506352244652, 13.04113607292668 ], [ 77.502226240459265, 13.041138781236016 ], [ 77.502229002678348, 13.04141341396706 ], [ 77.501674301695118, 13.041968095475182 ], [ 77.501114075830998, 13.04197351033061 ], [ 77.500559370893441, 13.04252819010107 ] ] } },
{ "type": "Feature", "properties": { "type": "ghost_drain" }, "geometry": { "type": "LineString", "coordinates": [ [ 77.522102883782182, 13.039847225595942 ], [ 77.521537105206832, 13.039303426411639 ] ] } },
{ "type": "Feature", "properties": { "type": "ghost_drain" }, "geometry": { "type": "LineString", "coordinates": [ [ 77.541155558805613, 13.040210176876339 ], [ 77.541987448268117, 13.039378052350886 ], [ 77.543107852641214, 13.03936704673403 ], [ 77.543385146404859, 13.039089670544644 ], [ 77.544505548258854, 13.039078659120728 ], [ 77.544502739920901, 13.038804035324816 ], [ 77.545057322129111, 13.038249280547641 ] ] } },
{ "type": "Feature", "properties": { "type": "ghost_drain" }, "geometry": { "type": "LineString", "coordinates": [ [ 77.545057322129111, 13.038249280547641 ], [ 77.546166479146208, 13.037139768728279 ], [ 77.546726674598872, 13.03713425841446 ], [ 77.547003961566404, 13.036856879503318 ], [ 77.547001150968555, 13.036582256196112 ], [ 77.546152431102797, 13.035766651259996 ], [ 77.546149621687178, 13.03549202774712 ], [ 77.546426907936649, 13.035214649642128 ], [ 77.546424098341518, 13.034940026176445 ], [ 77.547255952659626, 13.034107890890635 ], [ 77.549216610079569, 13.034088595662363 ], [ 77.554026103600933, 13.03871024495735 ], [ 77.555986786868218, 13.038690891792726 ] ] } },
{ "type": "Feature", "properties": { "type": "ghost_drain" }, "geometry": { "type": "LineString", "coordinates": [ [ 77.58682851401899, 13.041405586274967 ], [ 77.586551275663666, 13.04168300049928 ], [ 77.586556986465325, 13.042232229792434 ], [ 77.586279747007296, 13.042509643938915 ], [ 77.586562697528521, 13.042781459059874 ], [ 77.586285457584481, 13.043058873315406 ], [ 77.585725266240956, 13.043064471671135 ], [ 77.585170783007442, 13.043619298655562 ], [ 77.585173637291192, 13.043893913565048 ] ] } },
{ "type": "Feature", "properties": { "type": "ghost_drain" }, "geometry": { "type": "LineString", "coordinates": [ [ 77.562743050269205, 13.041919863811508 ], [ 77.563023149767886, 13.041917089884175 ], [ 77.563300419493757, 13.041639695961639 ], [ 77.564981012885838, 13.041623044595783 ] ] } },
{ "type": "Feature", "properties": { "type": "ghost_drain" }, "geometry": { "type": "LineString", "coordinates": [ [ 77.639511176815972, 13.043345323174183 ], [ 77.639788346347189, 13.043067863003172 ], [ 77.640068429921257, 13.043065005496349 ], [ 77.640345598460726, 13.042787544900824 ], [ 77.640625681592994, 13.042784686851538 ], [ 77.640902849140701, 13.042507225831557 ], [ 77.641463014454814, 13.04250150834579 ], [ 77.641740180635693, 13.04222404666133 ] ] } },
{ "type": "Feature", "properties": { "type": "ghost_drain" }, "geometry": { "type": "LineString", "coordinates": [ [ 77.64316101770342, 13.044131961557554 ], [ 77.643992511991414, 13.043299570625519 ], [ 77.644272594872092, 13.043296708521289 ], [ 77.644826920563588, 13.04274177983225 ] ] } },
{ "type": "Feature", "properties": { "type": "ghost_drain" }, "geometry": { "type": "LineString", "coordinates": [ [ 77.457450958202728, 13.045962487853449 ], [ 77.456618716560286, 13.04679439501462 ], [ 77.456338588633017, 13.046797054822328 ], [ 77.456061173147049, 13.047074356578369 ], [ 77.456066598340115, 13.047623641061124 ], [ 77.455789181743825, 13.047900942726997 ], [ 77.455791894186945, 13.048175585010327 ], [ 77.456074736595454, 13.048447567737469 ], [ 77.455797319259489, 13.048724869557883 ], [ 77.455800031888884, 13.048999511822105 ], [ 77.455522613688998, 13.049276813500775 ], [ 77.455525326133909, 13.049551455810136 ], [ 77.45524790707006, 13.049828757347029 ], [ 77.45496777543714, 13.049831416278264 ], [ 77.45358066900296, 13.051217919838566 ], [ 77.453583379721337, 13.051492562508297 ], [ 77.453305956335456, 13.051769862691639 ], [ 77.452465553464464, 13.051777833435246 ] ] } },
{ "type": "Feature", "properties": { "type": "ghost_drain" }, "geometry": { "type": "LineString", "coordinates": [ [ 77.594988445939677, 13.044894233496381 ], [ 77.595554369390285, 13.045437839557719 ] ] } },
{ "type": "Feature", "properties": { "type": "ghost_drain" }, "geometry": { "type": "LineString", "coordinates": [ [ 77.721867979130366, 13.043865187580346 ], [ 77.721584908708422, 13.043593549314524 ], [ 77.721575894769586, 13.042769795994507 ], [ 77.721292826095308, 13.042498157079798 ], [ 77.721012761860962, 13.042501102315835 ], [ 77.720985729925772, 13.040029840792613 ], [ 77.721262787873513, 13.039752311551602 ], [ 77.72125678105445, 13.03920314236807 ], [ 77.721533837907074, 13.03892561306189 ], [ 77.721512814531266, 13.037003521118486 ] ] } },
{ "type": "Feature", "properties": { "type": "ghost_drain" }, "geometry": { "type": "LineString", "coordinates": [ [ 77.611236771311312, 13.045005395628964 ], [ 77.611519747174626, 13.045277177708556 ] ] } },
{ "type": "Feature", "properties": { "type": "ghost_drain" }, "geometry": { "type": "LineString", "coordinates": [ [ 77.535889596947797, 13.045754884846584 ], [ 77.536169706643406, 13.045752139172913 ], [ 77.536447015339817, 13.045474767818291 ], [ 77.537287342923989, 13.045466528254121 ], [ 77.537853166012155, 13.046010283851405 ], [ 77.53841338505832, 13.046004787846893 ] ] } },
{ "type": "Feature", "properties": { "type": "ghost_drain" }, "geometry": { "type": "LineString", "coordinates": [ [ 77.53841338505832, 13.046004787846893 ], [ 77.539522605194264, 13.044895293313013 ], [ 77.540082821002187, 13.04488979415728 ], [ 77.541214476437659, 13.045977289673941 ], [ 77.541217282745833, 13.046251914022392 ], [ 77.542057609832767, 13.046243658491953 ], [ 77.545107890839247, 13.043192505965271 ], [ 77.545387995639089, 13.043189750849026 ], [ 77.545942583420185, 13.042634992903084 ], [ 77.546222687410093, 13.04263223699955 ], [ 77.546499980002579, 13.04235485750092 ], [ 77.546497168733879, 13.042080234201837 ], [ 77.546774460465514, 13.041802854568022 ], [ 77.547894871565433, 13.041791826230737 ], [ 77.548172161189072, 13.041514445438722 ], [ 77.547889246265953, 13.041242580200825 ], [ 77.547886433712833, 13.04096795717626 ], [ 77.546766026313605, 13.040978984793147 ], [ 77.545351467692896, 13.039619644591003 ], [ 77.545348658301279, 13.039345020987836 ], [ 77.545065748799942, 13.039073151594753 ], [ 77.545057322129111, 13.038249280547641 ] ] } },
{ "type": "Feature", "properties": { "type": "ghost_drain" }, "geometry": { "type": "LineString", "coordinates": [ [ 77.695264413224038, 13.044418313572509 ], [ 77.695270365173045, 13.044967494392182 ], [ 77.69499326787502, 13.045245002489109 ], [ 77.695002195588785, 13.046068773841089 ], [ 77.694725096953334, 13.046346281927264 ], [ 77.694445022208953, 13.046349199273369 ], [ 77.694167922580291, 13.046626706938808 ], [ 77.694450973261453, 13.046898380383317 ], [ 77.695291199140513, 13.046889627056881 ], [ 77.695574251159243, 13.047161298967872 ] ] } },
{ "type": "Feature", "properties": { "type": "ghost_drain" }, "geometry": { "type": "LineString", "coordinates": [ [ 77.551858565029519, 13.045872520735596 ], [ 77.552138671367786, 13.045869757759602 ], [ 77.554356955610288, 13.043650670620488 ], [ 77.554354135383321, 13.043376049036439 ], [ 77.554908699787134, 13.04282127547433 ], [ 77.555188802022258, 13.042818509833316 ], [ 77.555466082925889, 13.042541122527444 ], [ 77.555463261723574, 13.042266501158593 ], [ 77.555740541766568, 13.041989113718163 ], [ 77.55573489906817, 13.041439871068842 ], [ 77.555451977560324, 13.041168015619041 ], [ 77.555729256628183, 13.040890628393873 ], [ 77.55572361444662, 13.04034138569325 ], [ 77.556278169757164, 13.039786610893263 ], [ 77.556558268277072, 13.039783844402892 ], [ 77.556555446487394, 13.039509223210853 ], [ 77.557109998097886, 13.03895444728132 ] ] } },
{ "type": "Feature", "properties": { "type": "ghost_drain" }, "geometry": { "type": "LineString", "coordinates": [ [ 77.744842218224235, 13.044446310932884 ], [ 77.744565187664762, 13.044723861194456 ], [ 77.744285126388789, 13.044726832098073 ], [ 77.74400809483511, 13.045004381942572 ], [ 77.744014154626427, 13.045553540409379 ], [ 77.743737121978256, 13.045831090190694 ], [ 77.743457059261061, 13.045834060446049 ], [ 77.743180025618628, 13.046111609810181 ], [ 77.742619899220941, 13.046117548938609 ], [ 77.742342864206591, 13.046395097647805 ], [ 77.742062800526128, 13.046398066520844 ], [ 77.74177970910452, 13.046126455363881 ], [ 77.741776681501975, 13.045851875629699 ], [ 77.741493591074615, 13.0455802639636 ] ] } },
{ "type": "Feature", "properties": { "type": "ghost_drain" }, "geometry": { "type": "LineString", "coordinates": [ [ 77.741493591074615, 13.0455802639636 ], [ 77.741484509815535, 13.044756524508728 ], [ 77.738936733908062, 13.042311997887349 ], [ 77.738659697331741, 13.042589542693424 ], [ 77.737819516329211, 13.042598433904999 ], [ 77.737253351843876, 13.042055198158691 ], [ 77.736973291849381, 13.04205816055795 ], [ 77.736690210770419, 13.041786541661498 ] ] } },
{ "type": "Feature", "properties": { "type": "ghost_drain" }, "geometry": { "type": "LineString", "coordinates": [ [ 77.736690210770419, 13.041786541661498 ], [ 77.734425584328847, 13.039613574734958 ], [ 77.733585410384961, 13.039622450219936 ], [ 77.733582393381852, 13.039347868459059 ], [ 77.732733171919079, 13.038532995130108 ], [ 77.732727140383346, 13.037983831163489 ], [ 77.732444068549327, 13.037712205703878 ], [ 77.732441053262221, 13.037437623639946 ], [ 77.732157982421597, 13.037165997672076 ], [ 77.732154967580698, 13.036891415530771 ], [ 77.731874912197156, 13.036894371266849 ], [ 77.731591842588898, 13.03662274442428 ], [ 77.731582800536032, 13.035798997555712 ], [ 77.73129973267524, 13.035527370063273 ], [ 77.731290692374884, 13.034703622923695 ], [ 77.731007626261388, 13.034431994781446 ], [ 77.731004613343018, 13.034157412317754 ], [ 77.73015541982987, 13.03334252505517 ] ] } },
{ "type": "Feature", "properties": { "type": "ghost_drain" }, "geometry": { "type": "LineString", "coordinates": [ [ 77.518531014848293, 13.046748413345416 ], [ 77.517690670718466, 13.046756592817886 ], [ 77.517407775734597, 13.046484689294655 ], [ 77.516847546486247, 13.046490140039843 ], [ 77.516570210987609, 13.046767494545556 ], [ 77.516290095895812, 13.046770219221111 ], [ 77.516007202136564, 13.046498313888581 ], [ 77.516001645119687, 13.045949054458314 ], [ 77.51487007923059, 13.044861428327611 ], [ 77.514029739099001, 13.044869594756296 ], [ 77.513746849904152, 13.0445976860697 ], [ 77.513744074277142, 13.044323055838825 ], [ 77.514021411292518, 13.044045704241402 ], [ 77.514015859739303, 13.043496443866161 ], [ 77.513732972404654, 13.043224534851353 ], [ 77.513730197095398, 13.042949904588498 ], [ 77.513164425020904, 13.042406085145601 ], [ 77.513156101706315, 13.041582193924881 ], [ 77.512315771535839, 13.041590352776559 ] ] } },
{ "type": "Feature", "properties": { "type": "ghost_drain" }, "geometry": { "type": "LineString", "coordinates": [ [ 77.611528398578471, 13.046101005014878 ], [ 77.611805607764524, 13.045823568396759 ], [ 77.612085700751877, 13.045820740571877 ] ] } },
{ "type": "Feature", "properties": { "type": "ghost_drain" }, "geometry": { "type": "LineString", "coordinates": [ [ 77.537861574022443, 13.046834159032166 ], [ 77.538138881460398, 13.046556786007688 ], [ 77.53813607848177, 13.046282161007245 ], [ 77.53841338505832, 13.046004787846893 ] ] } },
{ "type": "Feature", "properties": { "type": "ghost_drain" }, "geometry": { "type": "LineString", "coordinates": [ [ 77.566995553945162, 13.046821362378376 ], [ 77.56727565802332, 13.046818582826297 ], [ 77.567558597603494, 13.047090421635682 ], [ 77.569519326038034, 13.047070953759897 ] ] } },
{ "type": "Feature", "properties": { "type": "ghost_drain" }, "geometry": { "type": "LineString", "coordinates": [ [ 77.700606650840314, 13.046284947812429 ], [ 77.700609633116684, 13.046559536972236 ], [ 77.700332541532077, 13.046837049948598 ], [ 77.700335523636582, 13.047111639159068 ], [ 77.70090163769099, 13.047654969230283 ], [ 77.700910586674055, 13.048478736402062 ], [ 77.700630510962654, 13.048481660909319 ], [ 77.700076323814571, 13.049036687480481 ] ] } },
{ "type": "Feature", "properties": { "type": "ghost_drain" }, "geometry": { "type": "LineString", "coordinates": [ [ 77.73617842573222, 13.046185761998952 ], [ 77.736163319242905, 13.044812856809276 ], [ 77.736440361128757, 13.044535313678987 ], [ 77.736720424035852, 13.044532351303854 ], [ 77.73727450520299, 13.043977264028227 ], [ 77.737271483087, 13.043702683209222 ], [ 77.736705316538547, 13.043159446563928 ], [ 77.736690210770419, 13.041786541661498 ] ] } },
{ "type": "Feature", "properties": { "type": "ghost_drain" }, "geometry": { "type": "LineString", "coordinates": [ [ 77.510424300212946, 13.048475152725942 ], [ 77.510421527399458, 13.048200521874129 ], [ 77.510138636925433, 13.047928609272045 ], [ 77.510135864547465, 13.047653978348279 ], [ 77.509852975062671, 13.04738206525335 ], [ 77.51013031998194, 13.047104716481563 ], [ 77.510124775670235, 13.046555454589262 ], [ 77.509844659425639, 13.046558172247021 ], [ 77.508995998022172, 13.045742429808858 ], [ 77.508990456813308, 13.045193167379439 ], [ 77.508707571656899, 13.044921252247935 ], [ 77.50842745694635, 13.044923968038219 ], [ 77.508424687117525, 13.044649336689275 ], [ 77.508144572652085, 13.044652052117936 ], [ 77.507578805914576, 13.044108218996026 ], [ 77.50701857777392, 13.044113647499451 ], [ 77.506735695820893, 13.04384172957471 ], [ 77.506727392838258, 13.043017834368207 ], [ 77.506444512617747, 13.042745915820028 ], [ 77.506441745455447, 13.042471284006275 ], [ 77.506161633014173, 13.042473996844855 ], [ 77.505878754027506, 13.042202077442706 ], [ 77.505598641767989, 13.042204789617326 ], [ 77.505315763643324, 13.041932869426724 ] ] } },
{ "type": "Feature", "properties": { "type": "ghost_drain" }, "geometry": { "type": "LineString", "coordinates": [ [ 77.686608835524112, 13.046979946861702 ], [ 77.688024064528321, 13.048338358760764 ] ] } },
{ "type": "Feature", "properties": { "type": "ghost_drain" }, "geometry": { "type": "LineString", "coordinates": [ [ 77.468971553574278, 13.049423459429761 ], [ 77.468694152315251, 13.04970077270896 ], [ 77.468696879392738, 13.04997541227808 ], [ 77.468419477270089, 13.050252725416424 ], [ 77.468424931119742, 13.050802004639143 ], [ 77.468147527887126, 13.051079317688396 ], [ 77.468155708390739, 13.051903236630034 ], [ 77.467600898595208, 13.052457862461083 ], [ 77.467606351590916, 13.053007141930777 ], [ 77.467326218991488, 13.053009814877262 ], [ 77.467048812303574, 13.053287127362594 ], [ 77.464527612762041, 13.05331116805603 ] ] } },
{ "type": "Feature", "properties": { "type": "ghost_drain" }, "geometry": { "type": "LineString", "coordinates": [ [ 77.463368976241483, 13.049476875999476 ], [ 77.463374418604118, 13.050026157352804 ], [ 77.463097009431735, 13.050303465844673 ], [ 77.463099730460058, 13.050578106563457 ], [ 77.462267498499088, 13.051410031036333 ], [ 77.462270218850335, 13.05168467190375 ], [ 77.461992806715301, 13.051961979727038 ], [ 77.461432541431478, 13.051967312743376 ], [ 77.461435260981006, 13.052241953772123 ], [ 77.46003459513868, 13.05225528130536 ], [ 77.459757179542819, 13.052532587274175 ], [ 77.458916778178107, 13.052540579427104 ], [ 77.45863936085189, 13.052817884468435 ] ] } },
{ "type": "Feature", "properties": { "type": "ghost_drain" }, "geometry": { "type": "LineString", "coordinates": [ [ 77.567875574148601, 13.050657682678571 ], [ 77.568155682351858, 13.050654901371702 ], [ 77.568438627891695, 13.050926738154734 ], [ 77.569278952842893, 13.05091839132918 ], [ 77.569281791235198, 13.051193009533621 ], [ 77.569564738496851, 13.051464844730154 ], [ 77.569844847236283, 13.051462061426054 ], [ 77.569842008161785, 13.051187443349155 ], [ 77.570402224828499, 13.051181875954272 ], [ 77.57096812191827, 13.051725543011742 ], [ 77.572648773281927, 13.051708829206111 ] ] } },
{ "type": "Feature", "properties": { "type": "ghost_drain" }, "geometry": { "type": "LineString", "coordinates": [ [ 77.617456599813764, 13.050435286191131 ], [ 77.61801100959272, 13.049880400887176 ] ] } },
{ "type": "Feature", "properties": { "type": "ghost_drain" }, "geometry": { "type": "LineString", "coordinates": [ [ 77.61801100959272, 13.049880400887176 ], [ 77.618565416903351, 13.049325514840906 ], [ 77.617716456130779, 13.04851019767457 ], [ 77.617713564882223, 13.048235589992446 ] ] } },
{ "type": "Feature", "properties": { "type": "ghost_drain" }, "geometry": { "type": "LineString", "coordinates": [ [ 77.491692014880357, 13.05222686660176 ], [ 77.491131761636694, 13.052232264025983 ], [ 77.490854387012476, 13.052509597172 ], [ 77.490294132773471, 13.052514992897425 ], [ 77.490016756788364, 13.052792325363738 ], [ 77.48945650155413, 13.052797719390284 ], [ 77.488890746143227, 13.05225384161486 ], [ 77.488050364294637, 13.052261928216113 ], [ 77.487772985582026, 13.052539258677802 ], [ 77.487212729958486, 13.052544647743638 ], [ 77.486929854282522, 13.052272706113268 ], [ 77.484688831240462, 13.052294247377752 ], [ 77.483856679872773, 13.053126229398913 ], [ 77.482456032856419, 13.053139679188535 ], [ 77.482173160617904, 13.052867731546305 ], [ 77.481893031272293, 13.052870420234814 ], [ 77.481610159897258, 13.052598471805251 ], [ 77.477408215877347, 13.052638760388398 ] ] } },
{ "type": "Feature", "properties": { "type": "ghost_drain" }, "geometry": { "type": "LineString", "coordinates": [ [ 77.522244942026475, 13.053853273637458 ], [ 77.521967606988724, 13.054130634195317 ], [ 77.521687484773494, 13.054133366223924 ], [ 77.521410148745758, 13.054410726348253 ], [ 77.521130026094283, 13.054413457830849 ], [ 77.520298013188508, 13.05524553633215 ], [ 77.520303583794529, 13.05579479354671 ], [ 77.519194222647144, 13.056904229307367 ], [ 77.518914096706851, 13.056906958902498 ], [ 77.518636754503447, 13.057184317123189 ], [ 77.518356628126952, 13.057187046172107 ], [ 77.518079284933407, 13.057464403958887 ], [ 77.517799158120738, 13.057467132461559 ], [ 77.517244469135633, 13.058021846976645 ], [ 77.517247251646708, 13.058296476176114 ], [ 77.517527379513226, 13.058293748101041 ], [ 77.517532945344058, 13.058843006362101 ], [ 77.517255599561864, 13.059120363736092 ], [ 77.516975470705091, 13.05912309168632 ], [ 77.516698123932628, 13.059400448626208 ], [ 77.51585773586298, 13.059408629929239 ], [ 77.5155803873552, 13.059685985947862 ], [ 77.513619477025784, 13.059705063350103 ], [ 77.513625034844054, 13.060254323207268 ], [ 77.513347682620477, 13.060531677435716 ], [ 77.513353240202278, 13.061080937372953 ], [ 77.513075886870098, 13.061358291516266 ], [ 77.513081444215345, 13.061907551533551 ], [ 77.512526734715735, 13.062462259458938 ], [ 77.512529512992842, 13.062736889563624 ], [ 77.512252157070719, 13.063014243292804 ], [ 77.51225771332463, 13.063563503588592 ], [ 77.51169744337254, 13.063568950178402 ], [ 77.51114272720244, 13.064123656300175 ], [ 77.511148281492467, 13.064672917018344 ], [ 77.510870921989365, 13.064950269898313 ], [ 77.510879253164063, 13.065774161085878 ], [ 77.510601892306227, 13.066051513933145 ], [ 77.510884807598032, 13.066323421845571 ], [ 77.511164945886662, 13.066320699019153 ], [ 77.511187168635203, 13.068517741328254 ], [ 77.509800347746634, 13.069904507511387 ], [ 77.509805901612253, 13.070453768552291 ], [ 77.51008882212885, 13.070725676502244 ], [ 77.510368965553937, 13.070722953638226 ], [ 77.510371743263804, 13.070997584024335 ], [ 77.510654665017128, 13.071269491118548 ], [ 77.51066299964576, 13.072093382041697 ], [ 77.510385632765505, 13.072370735858794 ], [ 77.510951480617649, 13.072914548963466 ], [ 77.510959817316987, 13.073738439593745 ], [ 77.511239963952974, 13.073735715169278 ], [ 77.511242743289031, 13.07401034530737 ], [ 77.511525669879603, 13.074282250593003 ], [ 77.511539569376609, 13.075655400859311 ] ] } },
{ "type": "Feature", "properties": { "type": "ghost_drain" }, "geometry": { "type": "LineString", "coordinates": [ [ 77.511539569376609, 13.075655400859311 ], [ 77.510984830844421, 13.076210111138558 ], [ 77.510990390104666, 13.076759371411359 ], [ 77.509880903649716, 13.077868790096316 ] ] } },
{ "type": "Feature", "properties": { "type": "ghost_drain" }, "geometry": { "type": "LineString", "coordinates": [ [ 77.509880903649716, 13.077868790096316 ], [ 77.509883682391688, 13.078143420434161 ], [ 77.508774185053426, 13.079252836267914 ], [ 77.50821387820217, 13.079258281721156 ], [ 77.507659124328882, 13.079812987512421 ], [ 77.507661901039896, 13.080087618278489 ], [ 77.507384522929016, 13.080364970939522 ], [ 77.507398406205468, 13.081738124937184 ], [ 77.505456733487733, 13.083679590043026 ] ] } },
{ "type": "Feature", "properties": { "type": "ghost_drain" }, "geometry": { "type": "LineString", "coordinates": [ [ 77.505456733487733, 13.083679590043026 ], [ 77.504901964283007, 13.084234292633669 ] ] } },
{ "type": "Feature", "properties": { "type": "ghost_drain" }, "geometry": { "type": "LineString", "coordinates": [ [ 77.504901964283007, 13.084234292633669 ], [ 77.504624578752043, 13.084511643641337 ], [ 77.504064258238884, 13.084517082237722 ], [ 77.504072579724877, 13.085340976493441 ], [ 77.503795192090408, 13.085618326978281 ], [ 77.501553897092307, 13.085640068685352 ], [ 77.500721721524869, 13.086472113120223 ] ] } },
{ "type": "Feature", "properties": { "type": "ghost_drain" }, "geometry": { "type": "LineString", "coordinates": [ [ 77.500721721524869, 13.086472113120223 ], [ 77.500444328430689, 13.086749460881158 ], [ 77.50016416477969, 13.086752176250611 ], [ 77.499609375988015, 13.087306870707126 ], [ 77.499049047004902, 13.087312299557054 ], [ 77.498771650934529, 13.087589646007919 ], [ 77.498491485975308, 13.087592359732948 ], [ 77.497936691231146, 13.088147051568917 ], [ 77.497939459007881, 13.088421684207569 ], [ 77.497662060460414, 13.088699029889735 ], [ 77.497379126789212, 13.088427109886087 ], [ 77.49709896058512, 13.088429822270001 ], [ 77.496816027779701, 13.088157901476221 ], [ 77.495429022625217, 13.089544622807912 ], [ 77.495148854740407, 13.089547333302161 ], [ 77.494039237977248, 13.09065670592612 ], [ 77.49405305865595, 13.092029872885538 ], [ 77.49433599421539, 13.092301796390368 ], [ 77.494338758913273, 13.092576429697823 ], [ 77.49490463263642, 13.093120275294041 ], [ 77.494912929346043, 13.093944174786662 ], [ 77.494080704745741, 13.094776206323731 ], [ 77.493800530660195, 13.094778916417006 ], [ 77.493245710416048, 13.095333602655828 ], [ 77.492962771741759, 13.095061678418213 ], [ 77.492682597094046, 13.09506438735538 ], [ 77.492405185543461, 13.095341729643618 ], [ 77.492413475402344, 13.096165630569566 ], [ 77.491581234811321, 13.09699765674941 ], [ 77.490460525905505, 13.097008486245374 ], [ 77.489350857141162, 13.098117847865836 ], [ 77.489353617586033, 13.098392482096035 ], [ 77.488798778991196, 13.098947161853809 ], [ 77.487397878705423, 13.098960684828398 ], [ 77.48711494036796, 13.098688753825208 ], [ 77.487109424373841, 13.098139484432714 ], [ 77.48626061531742, 13.097323688468142 ], [ 77.485980436679213, 13.09732639058465 ], [ 77.484315892539527, 13.098990408635924 ], [ 77.484324157893241, 13.09981431441531 ] ] } },
{ "type": "Feature", "properties": { "type": "ghost_drain" }, "geometry": { "type": "LineString", "coordinates": [ [ 77.721123951677413, 13.052660727496564 ], [ 77.720840869904634, 13.052389090391022 ], [ 77.717760035916669, 13.052421490087488 ], [ 77.71747695739829, 13.05214984851257 ] ] } },
{ "type": "Feature", "properties": { "type": "ghost_drain" }, "geometry": { "type": "LineString", "coordinates": [ [ 77.71747695739829, 13.05214984851257 ], [ 77.717193879496918, 13.051878206500609 ], [ 77.71717286803775, 13.049956109516618 ], [ 77.716889793393364, 13.049684466574 ], [ 77.716880790643856, 13.048860710414765 ], [ 77.716600718218345, 13.048863652287073 ], [ 77.716317645561844, 13.048592008329559 ], [ 77.716314645468174, 13.048317422795643 ], [ 77.716031573805537, 13.048045778330721 ], [ 77.716025574578254, 13.047496607102417 ], [ 77.716302645780075, 13.047219080595044 ], [ 77.716299646029682, 13.046944495028665 ], [ 77.716016576252215, 13.046672850211273 ], [ 77.715995582560865, 13.044750750571405 ], [ 77.715712516038963, 13.04447910482377 ], [ 77.715694526385178, 13.042831590170696 ] ] } },
{ "type": "Feature", "properties": { "type": "ghost_drain" }, "geometry": { "type": "LineString", "coordinates": [ [ 77.708243390043478, 13.05307057776916 ], [ 77.708237405621702, 13.052521403195701 ], [ 77.707671265517291, 13.051978094692711 ], [ 77.707668274162998, 13.051703507255642 ], [ 77.70738520541326, 13.051431852278965 ], [ 77.707364270488057, 13.049509739545757 ], [ 77.70764135505442, 13.049232220030005 ], [ 77.707635373783148, 13.048683045019597 ], [ 77.708189540105394, 13.048128005673458 ], [ 77.708186549092503, 13.04785341827316 ] ] } },
{ "type": "Feature", "properties": { "type": "ghost_drain" }, "geometry": { "type": "LineString", "coordinates": [ [ 77.502932981465079, 13.055688884001221 ], [ 77.502372725244555, 13.055694307174502 ], [ 77.501806939051775, 13.055150464097093 ], [ 77.501526811337655, 13.055153174506104 ], [ 77.501249447770675, 13.055430517253271 ], [ 77.500969319621291, 13.055433227115705 ], [ 77.500691955064681, 13.055710569427792 ], [ 77.500126171818508, 13.055166722009737 ], [ 77.499005659065233, 13.055177554562933 ], [ 77.498450924617515, 13.055732235476794 ], [ 77.498170795527258, 13.055734942370425 ], [ 77.49789342700501, 13.05601228229637 ], [ 77.498176317470396, 13.056284208916457 ], [ 77.498181839666202, 13.056833475436918 ], [ 77.497627100038756, 13.057388155517222 ], [ 77.497629860740048, 13.057662788872822 ], [ 77.497912753191741, 13.057934715462979 ], [ 77.497635382332078, 13.058212055564839 ], [ 77.497638143222829, 13.058486688901253 ], [ 77.497360771499714, 13.058764028864093 ], [ 77.497363532207885, 13.059038662246586 ] ] } },
{ "type": "Feature", "properties": { "type": "ghost_drain" }, "geometry": { "type": "LineString", "coordinates": [ [ 77.497363532207885, 13.059038662246586 ], [ 77.497086159621247, 13.059316002070366 ], [ 77.496525892715894, 13.059321414057136 ], [ 77.496242999632798, 13.05904948598473 ], [ 77.495962866331183, 13.05905219116212 ], [ 77.49568549188443, 13.059329529765805 ], [ 77.495125224347888, 13.059334938723923 ], [ 77.494847848539337, 13.059612276647883 ], [ 77.494287580006457, 13.059617683906396 ], [ 77.494010202836094, 13.059895021150529 ], [ 77.492889663525645, 13.059905831056648 ], [ 77.492612284249574, 13.060183167132607 ], [ 77.492332148892388, 13.060185868607796 ], [ 77.492054768626502, 13.060463204247824 ], [ 77.491774632834364, 13.060465905175969 ], [ 77.491219869705091, 13.061020575392215 ], [ 77.49093973310606, 13.0610232755291 ], [ 77.49094248721363, 13.061297910212552 ], [ 77.49038221320869, 13.061303309695003 ], [ 77.489827444884241, 13.06185797778309 ], [ 77.487306202051229, 13.0618822560629 ], [ 77.48702881361497, 13.062159587620473 ] ] } },
{ "type": "Feature", "properties": { "type": "ghost_drain" }, "geometry": { "type": "LineString", "coordinates": [ [ 77.48702881361497, 13.062159587620473 ], [ 77.486188397089293, 13.062167674194621 ], [ 77.485339735835282, 13.061351850511519 ], [ 77.485336987906805, 13.061077214655144 ], [ 77.484776712003296, 13.061082601903616 ], [ 77.483944537016214, 13.061914588932849 ], [ 77.483664397854838, 13.061917281369585 ], [ 77.4833815127393, 13.061645337249891 ], [ 77.483101373761286, 13.061648029022219 ], [ 77.482823979993881, 13.061925356862162 ], [ 77.482543840581329, 13.061928048087145 ], [ 77.481989050449087, 13.062482702701287 ], [ 77.48086848919715, 13.062493462616187 ], [ 77.479736959317449, 13.061405669641047 ], [ 77.477775981607479, 13.061424477709638 ], [ 77.477210223823349, 13.060880573605884 ], [ 77.47693008439245, 13.060883258538464 ], [ 77.476364329572618, 13.060339352007793 ], [ 77.476084190571726, 13.060342035914879 ], [ 77.475518438716094, 13.059798126957556 ], [ 77.475515701977002, 13.059523489016595 ], [ 77.475235563715088, 13.05952617183992 ], [ 77.474669815566614, 13.05898226032679 ], [ 77.474109539840398, 13.058987623619924 ], [ 77.473826667185577, 13.058715666502085 ] ] } },
{ "type": "Feature", "properties": { "type": "ghost_drain" }, "geometry": { "type": "LineString", "coordinates": [ [ 77.473826667185577, 13.058715666502085 ], [ 77.473543795148586, 13.05844370895837 ], [ 77.472983520157541, 13.058449069595305 ], [ 77.471852040158225, 13.057361232273054 ], [ 77.471838379980994, 13.05598803842728 ] ] } },
{ "type": "Feature", "properties": { "type": "ghost_drain" }, "geometry": { "type": "LineString", "coordinates": [ [ 77.738226592406747, 13.054127852233881 ], [ 77.738503639782763, 13.053850305466424 ], [ 77.738494562467835, 13.053026564466409 ], [ 77.739048653933125, 13.052471470739825 ], [ 77.739045627821412, 13.052196890509535 ], [ 77.739325698740302, 13.052193923606678 ], [ 77.739608796318635, 13.052465536502558 ], [ 77.740716968823904, 13.051355344987618 ], [ 77.740997038401844, 13.051352376463726 ], [ 77.740972816390354, 13.049155737846604 ], [ 77.741252883431613, 13.049152769536983 ], [ 77.741806960645874, 13.048597672678811 ], [ 77.741803932419629, 13.048323093003171 ], [ 77.742080969862542, 13.048045544362671 ], [ 77.742077941466533, 13.047770964738628 ], [ 77.741794848156701, 13.047499353937223 ], [ 77.741782736776358, 13.046401035091558 ], [ 77.741499645593777, 13.04612942356767 ], [ 77.741493591074615, 13.0455802639636 ] ] } },
{ "type": "Feature", "properties": { "type": "ghost_drain" }, "geometry": { "type": "LineString", "coordinates": [ [ 77.711065147289261, 13.054963332916754 ], [ 77.711059155737587, 13.05441415971119 ], [ 77.711336239723323, 13.054136636060745 ], [ 77.711616319313563, 13.054133698720282 ], [ 77.711604334838398, 13.053035352716389 ], [ 77.712158498284523, 13.052480304853781 ], [ 77.712438575817913, 13.052477366989178 ], [ 77.712715656238359, 13.052199842547525 ], [ 77.712709662355337, 13.051650669978946 ], [ 77.711860444997768, 13.050835723520768 ], [ 77.711583364645847, 13.051113246959627 ], [ 77.711017222551362, 13.050569946545103 ], [ 77.709896919273532, 13.050581688350185 ], [ 77.709619836522606, 13.050859210061565 ], [ 77.708779607214083, 13.050868012523743 ], [ 77.708773622653766, 13.050318838101729 ], [ 77.709050706055578, 13.05004131722089 ], [ 77.709330781566379, 13.050038383258343 ], [ 77.710716187437512, 13.048650774942752 ], [ 77.71069523139775, 13.046728667117437 ] ] } },
{ "type": "Feature", "properties": { "type": "ghost_drain" }, "geometry": { "type": "LineString", "coordinates": [ [ 77.566814700860903, 13.056435797398001 ], [ 77.567374930686498, 13.056430234361414 ], [ 77.567940836612749, 13.056973906864737 ], [ 77.567946513232755, 13.057523143589862 ], [ 77.567669235345775, 13.057800544520493 ], [ 77.567952190112479, 13.058072380289282 ], [ 77.568512423124048, 13.058066814104519 ], [ 77.5687953789961, 13.058338648716457 ], [ 77.57075619419733, 13.058319154989249 ] ] } },
{ "type": "Feature", "properties": { "type": "ghost_drain" }, "geometry": { "type": "LineString", "coordinates": [ [ 77.57075619419733, 13.058319154989249 ], [ 77.571033468460627, 13.05804175128605 ], [ 77.571313584284198, 13.058038965014608 ], [ 77.571590857556117, 13.057761560881239 ], [ 77.571870972940857, 13.057758774064874 ], [ 77.572148245221385, 13.057481369501392 ], [ 77.572431203515251, 13.057753199523871 ] ] } },
{ "type": "Feature", "properties": { "type": "ghost_drain" }, "geometry": { "type": "LineString", "coordinates": [ [ 77.572431203515251, 13.057753199523871 ], [ 77.572708475048131, 13.057475794476128 ], [ 77.57269994446817, 13.056651942468232 ], [ 77.573254484219035, 13.056097132134296 ], [ 77.573534597360918, 13.056094343865283 ], [ 77.574100513265066, 13.056638000516681 ], [ 77.575501080434904, 13.056624050996884 ], [ 77.575784040531502, 13.05689587685977 ], [ 77.576061306847066, 13.056618469069868 ], [ 77.57634141995544, 13.056615677652267 ], [ 77.576332877919825, 13.055791827952875 ], [ 77.576610142513189, 13.055514419896106 ] ] } },
{ "type": "Feature", "properties": { "type": "ghost_drain" }, "geometry": { "type": "LineString", "coordinates": [ [ 77.576610142513189, 13.055514419896106 ], [ 77.577164669847562, 13.054959603219558 ], [ 77.577444780842967, 13.054956810955501 ], [ 77.577727740401428, 13.055228634677265 ], [ 77.578005002638264, 13.054951225519321 ], [ 77.577987910385403, 13.053303528017763 ], [ 77.578265170543801, 13.053026118998206 ] ] } },
{ "type": "Feature", "properties": { "type": "ghost_drain" }, "geometry": { "type": "LineString", "coordinates": [ [ 77.537133367137983, 13.057827405383238 ], [ 77.536856048183154, 13.058104779625479 ], [ 77.536295801203863, 13.058110277260646 ], [ 77.536018480885417, 13.058387650827209 ], [ 77.536024087612589, 13.058936901214333 ], [ 77.535746766187017, 13.059214274697936 ], [ 77.535749569402057, 13.059488899935236 ], [ 77.533530973799913, 13.061707881399464 ], [ 77.532970717251459, 13.061713373319749 ] ] } },
{ "type": "Feature", "properties": { "type": "ghost_drain" }, "geometry": { "type": "LineString", "coordinates": [ [ 77.532970717251459, 13.061713373319749 ], [ 77.532416060680774, 13.06226811581468 ], [ 77.532427261917164, 13.063366619310125 ], [ 77.532710192983373, 13.063638499547199 ], [ 77.532715794731843, 13.064187751124241 ], [ 77.532438464178171, 13.064465122702972 ], [ 77.532444065692914, 13.065014374360917 ], [ 77.531889401751641, 13.065569117161459 ], [ 77.531892202115102, 13.065843743087353 ], [ 77.531337535211591, 13.066398485234226 ], [ 77.529376595816771, 13.066417691789786 ], [ 77.528821921218309, 13.066972429769008 ], [ 77.527421244572949, 13.06698613721292 ], [ 77.527143904481534, 13.067263504700012 ], [ 77.526303496608364, 13.067271724799713 ] ] } },
{ "type": "Feature", "properties": { "type": "ghost_drain" }, "geometry": { "type": "LineString", "coordinates": [ [ 77.526303496608364, 13.067271724799713 ], [ 77.525748812333205, 13.067826457742017 ], [ 77.525188538606471, 13.067831935319326 ], [ 77.52491119479572, 13.068109301017856 ], [ 77.523790645084233, 13.068120251561771 ], [ 77.522681257692057, 13.069229708554065 ], [ 77.521560700992765, 13.069240650351468 ], [ 77.520994844172108, 13.068696863082632 ], [ 77.518753731639279, 13.068718726329958 ] ] } },
{ "type": "Feature", "properties": { "type": "ghost_drain" }, "geometry": { "type": "LineString", "coordinates": [ [ 77.518753731639279, 13.068718726329958 ], [ 77.517644315437195, 13.069828166202704 ], [ 77.516803892712446, 13.069836356994925 ], [ 77.516526535997784, 13.070113715754784 ], [ 77.516246394589416, 13.070116445168876 ], [ 77.51569167855952, 13.070671161628306 ], [ 77.515694462143813, 13.070945790888985 ], [ 77.51513974314939, 13.071500506690438 ], [ 77.515153659569336, 13.072873653426488 ], [ 77.515436588108216, 13.073145553900654 ], [ 77.515159226582611, 13.073422912076042 ], [ 77.514879081145693, 13.073425640685963 ], [ 77.513769627366784, 13.074535070501319 ], [ 77.512649039017774, 13.074545978005924 ], [ 77.511539569376609, 13.075655400859311 ] ] } },
{ "type": "Feature", "properties": { "type": "ghost_drain" }, "geometry": { "type": "LineString", "coordinates": [ [ 77.579434063725401, 13.057683415581387 ], [ 77.578868135572563, 13.057139773278509 ], [ 77.578307909228585, 13.05714536150313 ], [ 77.578030645417186, 13.057422771337652 ], [ 77.577181758889736, 13.056607301583108 ], [ 77.57717891055313, 13.056332685205259 ], [ 77.576895949986252, 13.056060861025287 ], [ 77.576893102088704, 13.055786244573842 ], [ 77.576610142513189, 13.055514419896106 ] ] } },
{ "type": "Feature", "properties": { "type": "ghost_drain" }, "geometry": { "type": "LineString", "coordinates": [ [ 77.53181381613949, 13.058154214738598 ], [ 77.53209673963012, 13.058426096956582 ], [ 77.532376864421892, 13.058423352772744 ], [ 77.532385262563665, 13.059247230673229 ], [ 77.532107936045108, 13.059524601049798 ], [ 77.532113534636778, 13.060073853057943 ], [ 77.532396460982483, 13.060345734450783 ], [ 77.532399260747269, 13.060620360379149 ], [ 77.532965116037957, 13.061164121746684 ], [ 77.532970717251459, 13.061713373319749 ] ] } },
{ "type": "Feature", "properties": { "type": "ghost_drain" }, "geometry": { "type": "LineString", "coordinates": [ [ 77.632380179241707, 13.057698935330045 ], [ 77.632377269688973, 13.057424331084096 ], [ 77.632654461311105, 13.05714687432442 ], [ 77.63180543157948, 13.056331617770031 ], [ 77.631796705971283, 13.055507804543803 ], [ 77.631513698421159, 13.055236051287224 ], [ 77.630953499927301, 13.05524175270944 ], [ 77.630676307748928, 13.055519207636271 ], [ 77.630116108238681, 13.055524907366614 ], [ 77.629833102141504, 13.055253151922164 ], [ 77.629827289856323, 13.054703942191514 ], [ 77.629544285126755, 13.054432186177165 ], [ 77.629523946848678, 13.052509951437628 ], [ 77.628957944492541, 13.051966437152107 ], [ 77.629235135773826, 13.051688984390848 ], [ 77.629232231079442, 13.051414379320926 ], [ 77.628949231335085, 13.051142621756462 ], [ 77.628943422895745, 13.050593411460438 ], [ 77.628377426758377, 13.050049894759221 ], [ 77.628374523388374, 13.049775289464735 ], [ 77.628094429615302, 13.049778135759324 ], [ 77.627811433089306, 13.049506376326597 ], [ 77.626691058301162, 13.049517757022082 ], [ 77.6264080633606, 13.049245995698875 ], [ 77.626379056237241, 13.046499937936133 ] ] } },
{ "type": "Feature", "properties": { "type": "ghost_drain" }, "geometry": { "type": "LineString", "coordinates": [ [ 77.473271859924452, 13.059270304708358 ], [ 77.47354926386393, 13.058992985701552 ], [ 77.473829401883449, 13.058990304812177 ], [ 77.473826667185577, 13.058715666502085 ] ] } },
{ "type": "Feature", "properties": { "type": "ghost_drain" }, "geometry": { "type": "LineString", "coordinates": [ [ 77.501013550647116, 13.059827349443784 ], [ 77.500733417492853, 13.059830059946563 ], [ 77.499884726806926, 13.05901429111864 ], [ 77.499044329175902, 13.059022417553654 ], [ 77.498766958821633, 13.059299758841322 ], [ 77.498484063772594, 13.059027833662721 ], [ 77.497363532207885, 13.059038662246586 ] ] } },
{ "type": "Feature", "properties": { "type": "ghost_drain" }, "geometry": { "type": "LineString", "coordinates": [ [ 77.661245013861489, 13.058776513286924 ], [ 77.661230306105665, 13.0574035242772 ], [ 77.661507459280642, 13.05712604271087 ], [ 77.661501576166486, 13.056576847174179 ] ] } },
{ "type": "Feature", "properties": { "type": "ghost_drain" }, "geometry": { "type": "LineString", "coordinates": [ [ 77.661501576166486, 13.056576847174179 ], [ 77.6598033750995, 13.054946555329215 ], [ 77.659788679768425, 13.053573564299224 ], [ 77.659505650296964, 13.053301847125372 ], [ 77.659502711808301, 13.053027248830826 ], [ 77.65977986337667, 13.052749769603624 ], [ 77.659776924713881, 13.05247517135882 ], [ 77.66005701432789, 13.052472290192751 ], [ 77.660054075423787, 13.052197692004162 ], [ 77.660331225516586, 13.051920212465868 ], [ 77.660325347427516, 13.051371016181731 ], [ 77.660045259114966, 13.051373897399595 ], [ 77.659196180846948, 13.050558744011218 ], [ 77.659190305898449, 13.050009547160991 ], [ 77.659467455188221, 13.049732068791892 ], [ 77.659464517573525, 13.049457470413286 ], [ 77.659741666005061, 13.049179991916787 ], [ 77.659721102896015, 13.047257803478953 ], [ 77.659998249022053, 13.04698032519237 ], [ 77.660278332398946, 13.046977444977493 ] ] } },
{ "type": "Feature", "properties": { "type": "ghost_drain" }, "geometry": { "type": "LineString", "coordinates": [ [ 77.548640896896927, 13.059911406917525 ], [ 77.548921019751788, 13.059908644507974 ], [ 77.549198324373194, 13.059631259447437 ], [ 77.549758569142895, 13.059625733234357 ], [ 77.550324452528059, 13.060169450019123 ], [ 77.55088469801737, 13.060163921142999 ], [ 77.551167641125318, 13.060435778165273 ], [ 77.551444943248683, 13.060158391055534 ], [ 77.552293775891926, 13.060973958655891 ], [ 77.552854022331275, 13.060968425179114 ], [ 77.553136968269911, 13.061240279460723 ], [ 77.552582365931542, 13.061795056833491 ], [ 77.552585188323192, 13.062069678408832 ], [ 77.553145437104646, 13.062064143845012 ], [ 77.553428384781498, 13.062335997497188 ] ] } },
{ "type": "Feature", "properties": { "type": "ghost_drain" }, "geometry": { "type": "LineString", "coordinates": [ [ 77.553428384781498, 13.062335997497188 ], [ 77.553705685627861, 13.062058608069675 ], [ 77.553988633793409, 13.062330460995717 ], [ 77.554268758202497, 13.062327692290655 ], [ 77.554551707230232, 13.062599544423918 ], [ 77.554831831819058, 13.062596775052876 ], [ 77.554829006826921, 13.062322153971875 ], [ 77.555389255192907, 13.062316614441558 ], [ 77.555392080802903, 13.062591235402117 ], [ 77.555675031181451, 13.062863086016305 ] ] } },
{ "type": "Feature", "properties": { "type": "ghost_drain" }, "geometry": { "type": "LineString", "coordinates": [ [ 77.555675031181451, 13.062863086016305 ], [ 77.556806838874465, 13.063950484174995 ], [ 77.557927340952588, 13.063939393975568 ], [ 77.558204637287773, 13.063662000342573 ], [ 77.559045012046269, 13.063653678784499 ], [ 77.559327967094845, 13.063925524410585 ], [ 77.562689463233426, 13.063892206557073 ], [ 77.563244042580166, 13.063337410855292 ], [ 77.564364536229817, 13.063326293270938 ] ] } },
{ "type": "Feature", "properties": { "type": "ghost_drain" }, "geometry": { "type": "LineString", "coordinates": [ [ 77.564364536229817, 13.063326293270938 ], [ 77.565750966308684, 13.061939295869223 ], [ 77.567151572566786, 13.061925386013309 ], [ 77.568260698033512, 13.060815779854526 ] ] } },
{ "type": "Feature", "properties": { "type": "ghost_drain" }, "geometry": { "type": "LineString", "coordinates": [ [ 77.568260698033512, 13.060815779854526 ], [ 77.57075619419733, 13.058319154989249 ] ] } },
{ "type": "Feature", "properties": { "type": "ghost_drain" }, "geometry": { "type": "LineString", "coordinates": [ [ 77.593185350117651, 13.060017605797793 ], [ 77.593196817921608, 13.061116057018925 ], [ 77.593476932293072, 13.061113246096571 ], [ 77.593759914331571, 13.061385047538339 ], [ 77.593762782129772, 13.061659660198837 ], [ 77.594045765160445, 13.061931461141508 ], [ 77.594325880261735, 13.061928649127285 ], [ 77.594328748808863, 13.062203261652632 ], [ 77.594888979432412, 13.062197636593369 ], [ 77.595171964185141, 13.062469435944921 ], [ 77.595452079641746, 13.062466622597016 ] ] } },
{ "type": "Feature", "properties": { "type": "ghost_drain" }, "geometry": { "type": "LineString", "coordinates": [ [ 77.595452079641746, 13.062466622597016 ], [ 77.595729324875606, 13.062189196733152 ], [ 77.595726454784113, 13.0619145845136 ], [ 77.598527598905463, 13.061886432573568 ], [ 77.599659552771939, 13.062973608729363 ], [ 77.599936792873649, 13.062696179131509 ], [ 77.599933918017598, 13.062421567843218 ], [ 77.600774260840339, 13.062413111445778 ], [ 77.601051498957261, 13.062135680991362 ], [ 77.602452067139936, 13.062121579731144 ], [ 77.602735058458151, 13.062393369252257 ], [ 77.603575399307346, 13.062384903769557 ], [ 77.60385839197248, 13.062656691766112 ], [ 77.605819186683945, 13.06263692582416 ], [ 77.606096418299245, 13.062359490968126 ], [ 77.606376531191188, 13.062356665809334 ], [ 77.606379413151473, 13.062631275686572 ], [ 77.60666240862146, 13.062903059972882 ], [ 77.606665291022438, 13.063177669775795 ], [ 77.606948287484997, 13.063449453562059 ], [ 77.607228401414758, 13.06344662724899 ], [ 77.60836039441503, 13.06453375661463 ], [ 77.608366163781042, 13.065082975399211 ], [ 77.608649164325485, 13.065354756524117 ], [ 77.609209395652627, 13.065349099099977 ], [ 77.609486625199537, 13.065071660796875 ], [ 77.60947796754229, 13.064247833348162 ], [ 77.609755195742494, 13.063970395023873 ], [ 77.609749423815074, 13.063421176802596 ], [ 77.611430102446135, 13.063404196209664 ], [ 77.613093442262709, 13.061739554326484 ] ] } },
{ "type": "Feature", "properties": { "type": "ghost_drain" }, "geometry": { "type": "LineString", "coordinates": [ [ 77.613093442262709, 13.061739554326484 ], [ 77.613647883926475, 13.061184672209761 ], [ 77.613644994265968, 13.060910063899572 ], [ 77.613922213928618, 13.060632622617266 ] ] } },
{ "type": "Feature", "properties": { "type": "ghost_drain" }, "geometry": { "type": "LineString", "coordinates": [ [ 77.613922213928618, 13.060632622617266 ], [ 77.615862734273961, 13.058690528433328 ], [ 77.616422947340993, 13.058684858217784 ], [ 77.617531799524357, 13.057575084094125 ], [ 77.617528906400594, 13.057300476563077 ], [ 77.618083328302276, 13.056745588496929 ], [ 77.618048610159065, 13.053450298947171 ] ] } },
{ "type": "Feature", "properties": { "type": "ghost_drain" }, "geometry": { "type": "LineString", "coordinates": [ [ 77.618048610159065, 13.053450298947171 ], [ 77.61801100959272, 13.049880400887176 ] ] } },
{ "type": "Feature", "properties": { "type": "ghost_drain" }, "geometry": { "type": "LineString", "coordinates": [ [ 77.55620984330973, 13.060385957235704 ], [ 77.555655250653729, 13.060940739624105 ], [ 77.555675031181451, 13.062863086016305 ] ] } },
{ "type": "Feature", "properties": { "type": "ghost_drain" }, "geometry": { "type": "LineString", "coordinates": [ [ 77.645568283192688, 13.059761344794802 ], [ 77.645002232979735, 13.059217875801536 ], [ 77.644993461641945, 13.058394071555448 ] ] } },
{ "type": "Feature", "properties": { "type": "ghost_drain" }, "geometry": { "type": "LineString", "coordinates": [ [ 77.644993461641945, 13.058394071555448 ], [ 77.646379333944964, 13.057006730683426 ], [ 77.646659431716643, 13.057003863042224 ], [ 77.646936603949428, 13.056726394074227 ], [ 77.647216701278595, 13.056723525890067 ], [ 77.64832538253367, 13.055613647213567 ], [ 77.648319529239245, 13.055064445718175 ], [ 77.649151032248639, 13.054232035111548 ], [ 77.649148104976859, 13.053957434522024 ], [ 77.64858206425356, 13.053413972128373 ], [ 77.648579137799885, 13.05313937139462 ], [ 77.648856304019787, 13.052861901528143 ], [ 77.649136396559442, 13.052859032099315 ], [ 77.649133469622512, 13.052584431477483 ], [ 77.649410634608088, 13.052306961242651 ], [ 77.649390146233699, 13.050384757100671 ], [ 77.65079059370747, 13.050370406715453 ], [ 77.651344914690299, 13.049815464076632 ], [ 77.651339057420742, 13.049266263683606 ], [ 77.651616216503683, 13.048988792200232 ], [ 77.652456478953113, 13.048980176553897 ], [ 77.6541194137357, 13.047315339472263 ], [ 77.654399498831552, 13.047312465545668 ], [ 77.65439070465915, 13.046488666834957 ], [ 77.654667857197595, 13.046211193272988 ], [ 77.654947940925553, 13.046208318991772 ], [ 77.655225092471667, 13.045930845006216 ], [ 77.655505175756986, 13.04592797018277 ], [ 77.655782326310785, 13.045650495773677 ] ] } },
{ "type": "Feature", "properties": { "type": "ghost_drain" }, "geometry": { "type": "LineString", "coordinates": [ [ 77.663783547026654, 13.060398128508229 ], [ 77.664060699472728, 13.060120644163314 ], [ 77.664057754363043, 13.059846047034144 ], [ 77.662076475155402, 13.057944067193086 ], [ 77.662067648127362, 13.057120274312943 ], [ 77.661501576166486, 13.056576847174179 ] ] } },
{ "type": "Feature", "properties": { "type": "ghost_drain" }, "geometry": { "type": "LineString", "coordinates": [ [ 77.727662141323847, 13.061379504407979 ], [ 77.726821889102553, 13.061388372459644 ], [ 77.726544819395144, 13.061665910784887 ], [ 77.725424480624397, 13.061677729662158 ], [ 77.725147408788899, 13.061955266852781 ], [ 77.724027067405217, 13.061967079932739 ], [ 77.722087536692911, 13.063909828524483 ] ] } },
{ "type": "Feature", "properties": { "type": "ghost_drain" }, "geometry": { "type": "LineString", "coordinates": [ [ 77.722087536692911, 13.063909828524483 ], [ 77.721804438725243, 13.063638195414983 ], [ 77.721792400188249, 13.062539859539232 ], [ 77.722069477034765, 13.062262325095702 ], [ 77.722063457699278, 13.061713157234092 ], [ 77.721780362752256, 13.061441523559445 ], [ 77.721777353565273, 13.061166939548245 ], [ 77.721494259613237, 13.060895305365491 ], [ 77.720934089739103, 13.060901204127299 ], [ 77.720650996884359, 13.060629568773466 ], [ 77.720370912084036, 13.060632517333536 ], [ 77.718955458271097, 13.059274332169871 ], [ 77.718952452721339, 13.058999747465631 ], [ 77.718669364188287, 13.058728109050366 ] ] } },
{ "type": "Feature", "properties": { "type": "ghost_drain" }, "geometry": { "type": "LineString", "coordinates": [ [ 77.718669364188287, 13.058728109050366 ], [ 77.718386276272568, 13.058456470197838 ], [ 77.718380266888815, 13.057907300487615 ], [ 77.717814094418756, 13.05736402118864 ], [ 77.717534012635085, 13.057366965953346 ], [ 77.717250927565885, 13.057095325281415 ] ] } },
{ "type": "Feature", "properties": { "type": "ghost_drain" }, "geometry": { "type": "LineString", "coordinates": [ [ 77.717250927565885, 13.057095325281415 ], [ 77.717528005652852, 13.056817795806863 ], [ 77.717518995694718, 13.055994040538408 ], [ 77.717796072444727, 13.055716511055463 ], [ 77.717790065669689, 13.055167340959096 ], [ 77.717506983378982, 13.054895700089521 ], [ 77.717503980471776, 13.054621114961055 ], [ 77.717781056022417, 13.054343585765823 ], [ 77.71777204699346, 13.053519830514084 ], [ 77.717488966966229, 13.053248189221298 ], [ 77.71747695739829, 13.05214984851257 ] ] } },
{ "type": "Feature", "properties": { "type": "ghost_drain" }, "geometry": { "type": "LineString", "coordinates": [ [ 77.6371972934094, 13.062867858820317 ], [ 77.637751672958814, 13.062312934708171 ], [ 77.638031778667965, 13.062310075268773 ], [ 77.638028861807001, 13.062035472374678 ], [ 77.638306050037514, 13.061758009856264 ], [ 77.638866259886981, 13.061752289712171 ], [ 77.639149282741215, 13.062024031837758 ], [ 77.641110016806778, 13.062003999240456 ], [ 77.641387200906053, 13.061726534075609 ], [ 77.641947409286956, 13.061720807270136 ], [ 77.642224592017357, 13.06144334143948 ], [ 77.642784799379811, 13.06143761294183 ], [ 77.64389352112029, 13.060327745848499 ], [ 77.643890598241768, 13.060053144216173 ], [ 77.644167776891024, 13.059775677037134 ], [ 77.644161930850686, 13.059226473864781 ], [ 77.644439108398586, 13.058949006612872 ] ] } },
{ "type": "Feature", "properties": { "type": "ghost_drain" }, "geometry": { "type": "LineString", "coordinates": [ [ 77.644439108398586, 13.058949006612872 ], [ 77.644993461641945, 13.058394071555448 ] ] } },
{ "type": "Feature", "properties": { "type": "ghost_drain" }, "geometry": { "type": "LineString", "coordinates": [ [ 77.627116321502569, 13.063245184925441 ], [ 77.626836212271016, 13.063248032740891 ], [ 77.625987173037359, 13.062432757725015 ], [ 77.625426955829795, 13.062438450259078 ], [ 77.625143944472271, 13.062166690324943 ], [ 77.624583727484136, 13.062172380918362 ], [ 77.624017707592103, 13.061628858292453 ], [ 77.62400610311137, 13.060530434198879 ], [ 77.62344008869124, 13.059986909294924 ], [ 77.623159982302823, 13.059989752431562 ], [ 77.622593970837997, 13.059446225066976 ], [ 77.622313864868218, 13.059449067171711 ], [ 77.621747856358596, 13.058905537346782 ], [ 77.62174495827243, 13.058630930774033 ], [ 77.621461955318964, 13.058359165144179 ], [ 77.621181850319104, 13.058362005790798 ], [ 77.620898848225636, 13.058090239363706 ], [ 77.620618743401977, 13.058093079343109 ], [ 77.620615846749658, 13.057818472503914 ], [ 77.620332845891156, 13.05754670521144 ], [ 77.62005274155247, 13.057549544461901 ], [ 77.619769741553938, 13.057277776372306 ], [ 77.619766846026565, 13.05700316932851 ], [ 77.619483847020433, 13.056731400738096 ], [ 77.61864353598817, 13.056739914301467 ], [ 77.618614597366658, 13.053993840975263 ], [ 77.618048610159065, 13.053450298947171 ] ] } },
{ "type": "Feature", "properties": { "type": "ghost_drain" }, "geometry": { "type": "LineString", "coordinates": [ [ 77.697144509182237, 13.062798319986328 ], [ 77.697135562516223, 13.061974551155329 ], [ 77.696852488951578, 13.061702884855929 ], [ 77.696843544030116, 13.060879115756398 ], [ 77.69656047221379, 13.060607448810563 ], [ 77.69655749108658, 13.060332859027703 ], [ 77.696274420264615, 13.060061191575549 ], [ 77.696265478422674, 13.059237421977954 ], [ 77.695982409348773, 13.058965753879473 ], [ 77.695979429247984, 13.058691163930609 ], [ 77.695413293706025, 13.058147826284994 ], [ 77.694853117888613, 13.058153667345969 ], [ 77.69428698577822, 13.057610326491069 ], [ 77.694281030030197, 13.057061145759864 ] ] } },
{ "type": "Feature", "properties": { "type": "ghost_drain" }, "geometry": { "type": "LineString", "coordinates": [ [ 77.694281030030197, 13.057061145759864 ], [ 77.695112354470041, 13.056228615718386 ], [ 77.695100440905335, 13.055130254862311 ], [ 77.695377546855539, 13.054852744712424 ], [ 77.695371590001074, 13.054303564359524 ], [ 77.695088528430759, 13.054031893902467 ], [ 77.69507661704624, 13.052933532838866 ], [ 77.694793557599752, 13.052661861665795 ], [ 77.695070661762756, 13.052384352268156 ], [ 77.695910905740405, 13.05237559331646 ], [ 77.696188008156369, 13.052098083019882 ], [ 77.695904948878322, 13.051826413100926 ], [ 77.695901970549514, 13.051551822983429 ], [ 77.696182050813562, 13.051548902918432 ], [ 77.697013352917267, 13.050716371279576 ], [ 77.696995478199, 13.049068831846673 ], [ 77.697549673633361, 13.048513810529728 ], [ 77.697543714978337, 13.047964630895189 ] ] } },
{ "type": "Feature", "properties": { "type": "ghost_drain" }, "geometry": { "type": "LineString", "coordinates": [ [ 77.497141382130366, 13.064808669426451 ], [ 77.497138620405011, 13.064534036119413 ], [ 77.497415997662088, 13.064256695298807 ], [ 77.497133097143745, 13.063984769486144 ], [ 77.49629268093409, 13.063992890013211 ], [ 77.495726883226794, 13.063449034935767 ], [ 77.495446744855784, 13.063451740448572 ], [ 77.495169365731357, 13.063729079402883 ], [ 77.494048810127879, 13.063739897447777 ], [ 77.49377142889702, 13.064017235233624 ] ] } },
{ "type": "Feature", "properties": { "type": "ghost_drain" }, "geometry": { "type": "LineString", "coordinates": [ [ 77.49377142889702, 13.064017235233624 ], [ 77.492922739903136, 13.063201442209198 ], [ 77.492090591367443, 13.064033451746479 ], [ 77.491250171751773, 13.064041555912658 ], [ 77.490684382899019, 13.063497687812349 ], [ 77.490404243393186, 13.063500387871738 ], [ 77.490121350139901, 13.063228452819743 ], [ 77.489841210817104, 13.063231152214501 ], [ 77.489275426656619, 13.062687280107012 ], [ 77.488715148806378, 13.062692676541102 ], [ 77.488437761491397, 13.062970009476956 ], [ 77.487871980535374, 13.062426133623166 ], [ 77.487869229574642, 13.062151498319851 ], [ 77.48702881361497, 13.062159587620473 ] ] } },
{ "type": "Feature", "properties": { "type": "ghost_drain" }, "geometry": { "type": "LineString", "coordinates": [ [ 77.550649700520864, 13.064560637519373 ], [ 77.550932649359297, 13.064832493839972 ], [ 77.551492905094207, 13.064826961708134 ], [ 77.551770210754725, 13.06454957349621 ], [ 77.551767388709081, 13.064274951798202 ], [ 77.551484439884234, 13.064003096433702 ], [ 77.552039049120637, 13.063448320143094 ], [ 77.552319175217406, 13.063445553317619 ], [ 77.553428384781498, 13.062335997497188 ] ] } },
{ "type": "Feature", "properties": { "type": "ghost_drain" }, "geometry": { "type": "LineString", "coordinates": [ [ 77.527118747917356, 13.064791862302892 ], [ 77.52712154283553, 13.065066489261548 ], [ 77.526844204087141, 13.065343856133133 ], [ 77.526846998824084, 13.065618483138531 ], [ 77.526569659212498, 13.06589584987298 ], [ 77.526578043071311, 13.066719731010128 ], [ 77.526300702106141, 13.066997097713681 ], [ 77.526303496608364, 13.067271724799713 ] ] } },
{ "type": "Feature", "properties": { "type": "ghost_drain" }, "geometry": { "type": "LineString", "coordinates": [ [ 77.519835266245266, 13.064862998642862 ], [ 77.519840840076341, 13.065412255646613 ], [ 77.519560704686782, 13.065414987688317 ], [ 77.519563491388837, 13.065689616239972 ], [ 77.51900879215961, 13.066244336854774 ], [ 77.519574638834314, 13.066788130382513 ], [ 77.519583000087451, 13.06761201592213 ], [ 77.519028297423134, 13.06816673727853 ], [ 77.518748158751734, 13.068169469004962 ], [ 77.518753731639279, 13.068718726329958 ] ] } },
{ "type": "Feature", "properties": { "type": "ghost_drain" }, "geometry": { "type": "LineString", "coordinates": [ [ 77.462691911155304, 13.065963317995713 ], [ 77.462411762914002, 13.065965988220844 ], [ 77.462134337952662, 13.066243298730287 ], [ 77.461854189277688, 13.06624596840734 ], [ 77.461576763326761, 13.06652327847838 ], [ 77.461016465047337, 13.066528616433205 ], [ 77.460461609805279, 13.067083235014776 ], [ 77.459901309791476, 13.067088570777006 ], [ 77.459346450590957, 13.067643187604261 ], [ 77.459349171215308, 13.067917828733373 ], [ 77.458794309047661, 13.068472444889647 ], [ 77.457953853176846, 13.068480443492049 ] ] } },
{ "type": "Feature", "properties": { "type": "ghost_drain" }, "geometry": { "type": "LineString", "coordinates": [ [ 77.457953853176846, 13.068480443492049 ], [ 77.457951133973921, 13.068205802085927 ], [ 77.457668263370209, 13.067933826152121 ], [ 77.457665544600772, 13.067659184675303 ], [ 77.45738267498669, 13.067387208251841 ], [ 77.457374520165175, 13.066563283590183 ], [ 77.457091652283196, 13.066291306548489 ], [ 77.457086216788781, 13.065742023280214 ], [ 77.450863296102128, 13.05975841797634 ], [ 77.450857877183751, 13.059209131856868 ], [ 77.451135310571672, 13.058931832490062 ], [ 77.451132600958488, 13.058657189472157 ], [ 77.451687465386911, 13.058102590260226 ], [ 77.451652239636928, 13.054532231784151 ], [ 77.451086547017582, 13.053988257192751 ], [ 77.451081130084489, 13.053438970921155 ], [ 77.450798285442758, 13.053166982860118 ], [ 77.450787453803301, 13.052068409983905 ], [ 77.451342307124534, 13.051513813729459 ], [ 77.451059464831175, 13.051241825579927 ] ] } },
{ "type": "Feature", "properties": { "type": "ghost_drain" }, "geometry": { "type": "LineString", "coordinates": [ [ 77.708363135989998, 13.064054063784665 ], [ 77.708348161755595, 13.062681128600961 ], [ 77.708628251668102, 13.062678192609924 ], [ 77.708905346253133, 13.062400669387571 ], [ 77.709185435719888, 13.062397732854883 ], [ 77.709462529310116, 13.062120209212072 ], [ 77.70974261833112, 13.062117272137755 ], [ 77.710019710926545, 13.061839748074538 ], [ 77.710579888008482, 13.061833872539985 ], [ 77.710856979231863, 13.061556347817568 ], [ 77.710853982085595, 13.061281761310019 ], [ 77.711685251330238, 13.060449186226322 ], [ 77.711965337950559, 13.060446247113582 ], [ 77.712519513605244, 13.059891195673274 ], [ 77.712799599402445, 13.05988825578031 ], [ 77.713630857122155, 13.059055676543698 ], [ 77.713627857505898, 13.058781090616812 ], [ 77.713904941937656, 13.058503563899514 ], [ 77.71390194214996, 13.058228978023584 ], [ 77.714179025724349, 13.057951451182513 ], [ 77.714176025765212, 13.057676865357548 ], [ 77.714456108681432, 13.057673924160229 ], [ 77.715010272743768, 13.057118869572118 ], [ 77.715293355893252, 13.057390513176973 ], [ 77.716413684813546, 13.057378741986055 ], [ 77.716690764272371, 13.057101213169721 ], [ 77.717250927565885, 13.057095325281415 ] ] } },
{ "type": "Feature", "properties": { "type": "ghost_drain" }, "geometry": { "type": "LineString", "coordinates": [ [ 77.71816930203471, 13.064225697556914 ], [ 77.718166296174047, 13.063951112777485 ], [ 77.71788320156675, 13.063679474531973 ], [ 77.717877190806576, 13.063130304812519 ], [ 77.718154273418563, 13.062852773594773 ], [ 77.718142251762629, 13.06175443430806 ], [ 77.718419332796927, 13.061476903139397 ], [ 77.718410316556515, 13.060653148778782 ], [ 77.718687396253358, 13.060375617601713 ], [ 77.718669364188287, 13.058728109050366 ] ] } },
{ "type": "Feature", "properties": { "type": "ghost_drain" }, "geometry": { "type": "LineString", "coordinates": [ [ 77.579516773052532, 13.065647272897367 ], [ 77.579513920093618, 13.065372657217926 ], [ 77.578953675478246, 13.065378250300693 ], [ 77.578387727351625, 13.064834610307281 ], [ 77.577827483450477, 13.064840200723516 ], [ 77.577544510801602, 13.064568379353105 ], [ 77.577541660266263, 13.064293763222526 ], [ 77.577261538770657, 13.064296557551847 ], [ 77.576978567357585, 13.064024735319759 ], [ 77.576975717570491, 13.063750119054827 ], [ 77.576695596562431, 13.063752912656861 ], [ 77.576412626385135, 13.063481089563178 ], [ 77.576132505555705, 13.0634838824987 ], [ 77.575283599462296, 13.062668409542344 ], [ 77.575003479299099, 13.062671201084219 ], [ 77.574154579497474, 13.061855723160974 ], [ 77.573874460000567, 13.06185851330936 ], [ 77.57274260322248, 13.060771201929098 ], [ 77.572739758850176, 13.060496584676711 ], [ 77.572456796573917, 13.060224755688211 ], [ 77.572453952640558, 13.059950138362334 ], [ 77.572170991355875, 13.059678308876279 ], [ 77.572162461067677, 13.05885445665891 ], [ 77.572717006213551, 13.058299646426164 ], [ 77.572434046928279, 13.058027816901181 ], [ 77.572431203515251, 13.057753199523871 ] ] } },
{ "type": "Feature", "properties": { "type": "ghost_drain" }, "geometry": { "type": "LineString", "coordinates": [ [ 77.561588796481232, 13.065825654387783 ], [ 77.561866089667902, 13.065548257223591 ], [ 77.562426342213925, 13.065542701100039 ] ] } },
{ "type": "Feature", "properties": { "type": "ghost_drain" }, "geometry": { "type": "LineString", "coordinates": [ [ 77.562426342213925, 13.065542701100039 ], [ 77.563812795139768, 13.064155710024828 ], [ 77.563809959873225, 13.06388109091262 ], [ 77.564364536229817, 13.063326293270938 ] ] } },
{ "type": "Feature", "properties": { "type": "ghost_drain" }, "geometry": { "type": "LineString", "coordinates": [ [ 77.494076394333291, 13.066486236892676 ], [ 77.494070876987635, 13.065936969054864 ], [ 77.494625641530604, 13.065382292069454 ], [ 77.494622882460419, 13.065107658245749 ], [ 77.494900263558762, 13.064830319517727 ], [ 77.494894745115758, 13.064281051955936 ], [ 77.494611846810542, 13.064009122886961 ], [ 77.49377142889702, 13.064017235233624 ] ] } },
{ "type": "Feature", "properties": { "type": "ghost_drain" }, "geometry": { "type": "LineString", "coordinates": [ [ 77.692126646207328, 13.06504762381117 ], [ 77.692114737509883, 13.063949260992519 ], [ 77.691831665638901, 13.063677588590336 ], [ 77.691828689011587, 13.063402997799528 ], [ 77.691545618135109, 13.063131324891284 ], [ 77.691539665838363, 13.062582143150371 ], [ 77.692093899909878, 13.062027125810101 ], [ 77.692081994207271, 13.060928762705995 ], [ 77.691798926481567, 13.060657089534645 ], [ 77.692353156429618, 13.060102072513081 ], [ 77.692633247146219, 13.060099154413654 ], [ 77.692630270477451, 13.059824563728847 ], [ 77.692907383907837, 13.059547054762335 ], [ 77.692904407066521, 13.059272464128007 ], [ 77.693181519638856, 13.058994955036212 ], [ 77.693172588801531, 13.058171183265237 ], [ 77.694281030030197, 13.057061145759864 ] ] } },
{ "type": "Feature", "properties": { "type": "ghost_drain" }, "geometry": { "type": "LineString", "coordinates": [ [ 77.569723813077616, 13.066843450171435 ], [ 77.570278379100145, 13.066288641157813 ], [ 77.57027553620776, 13.066014023488579 ], [ 77.570830099270239, 13.065459213830309 ], [ 77.570821569519126, 13.064635361108941 ], [ 77.570541446152404, 13.064638148228909 ], [ 77.56997551490204, 13.064094486016861 ], [ 77.569969830840051, 13.063545250447925 ], [ 77.569686866889583, 13.063273418562172 ], [ 77.569684025329963, 13.062998800701058 ], [ 77.569403903556974, 13.063001586245962 ], [ 77.569126622660747, 13.063278989470202 ], [ 77.568846500448899, 13.063281774469882 ], [ 77.568280575865316, 13.062738107226435 ], [ 77.568260698033512, 13.060815779854526 ] ] } },
{ "type": "Feature", "properties": { "type": "ghost_drain" }, "geometry": { "type": "LineString", "coordinates": [ [ 77.539761191442338, 13.068238372756525 ], [ 77.539206541028364, 13.068793129486151 ], [ 77.539209350197041, 13.069067753781233 ], [ 77.538929214894083, 13.069070507566309 ], [ 77.538651888141558, 13.069347885456672 ], [ 77.53865469682043, 13.069622509858604 ], [ 77.538377369204767, 13.06989988761257 ], [ 77.538097232781823, 13.069902640667937 ], [ 77.537819904174569, 13.070180017988799 ], [ 77.537539767314129, 13.070182770497819 ], [ 77.53726243771527, 13.070460147385523 ], [ 77.536702163055267, 13.070465651007712 ], [ 77.536424832091512, 13.070743027218901 ], [ 77.535584418500491, 13.070751279648999 ], [ 77.535590029762901, 13.07130052969786 ], [ 77.535312696570855, 13.071577905095769 ], [ 77.53475241853964, 13.071583404952611 ] ] } },
{ "type": "Feature", "properties": { "type": "ghost_drain" }, "geometry": { "type": "LineString", "coordinates": [ [ 77.53475241853964, 13.071583404952611 ], [ 77.534475083982656, 13.071860779673736 ], [ 77.533634665335242, 13.071869026455376 ], [ 77.533351722339887, 13.071597149290035 ], [ 77.533071582907709, 13.071599897248147 ], [ 77.532794246111138, 13.071877270508827 ], [ 77.532233966308112, 13.071882765028795 ], [ 77.531956628146702, 13.072160137612425 ], [ 77.531970638288044, 13.073533266407908 ], [ 77.531693298282306, 13.073810639067634 ], [ 77.531413155992169, 13.073813385684332 ], [ 77.531429966948096, 13.075461140704723 ], [ 77.530875281391644, 13.076015885605264 ], [ 77.530883686262257, 13.076839763348277 ], [ 77.531163832082512, 13.076837016681713 ], [ 77.531172238457216, 13.077660894187989 ], [ 77.531455187703713, 13.077932772802104 ], [ 77.531463595774738, 13.078756650052357 ], [ 77.531186250362154, 13.079034023236742 ], [ 77.531191855572274, 13.079583274811313 ], [ 77.530637161909354, 13.080138020821805 ] ] } },
{ "type": "Feature", "properties": { "type": "ghost_drain" }, "geometry": { "type": "LineString", "coordinates": [ [ 77.530637161909354, 13.080138020821805 ], [ 77.528395962832931, 13.080159986534854 ], [ 77.527547116086922, 13.079344339014087 ], [ 77.52726696665087, 13.079347082274476 ], [ 77.526418126210174, 13.078531429805105 ], [ 77.525857828619152, 13.07853691323877 ], [ 77.525580475985478, 13.078814281495905 ], [ 77.525863421817121, 13.079086167103789 ], [ 77.525871812093243, 13.079910047853202 ], [ 77.525594458232078, 13.080187416375921 ], [ 77.525597254873034, 13.080462043332673 ], [ 77.52531990014748, 13.080739411717808 ], [ 77.525322696606793, 13.08101403872125 ], [ 77.525045341016849, 13.081291406968774 ], [ 77.525048137294462, 13.081566034018904 ], [ 77.524770780840058, 13.081843402128776 ], [ 77.524773576935956, 13.082118029225583 ] ] } },
{ "type": "Feature", "properties": { "type": "ghost_drain" }, "geometry": { "type": "LineString", "coordinates": [ [ 77.524773576935956, 13.082118029225583 ], [ 77.524218861679202, 13.082672764979161 ], [ 77.523938707763378, 13.082675505313665 ] ] } },
{ "type": "Feature", "properties": { "type": "ghost_drain" }, "geometry": { "type": "LineString", "coordinates": [ [ 77.523938707763378, 13.082675505313665 ], [ 77.523655758797929, 13.082403618022795 ], [ 77.523095451266002, 13.082409097055839 ], [ 77.52281250341079, 13.082137208610458 ], [ 77.522535143478791, 13.08241457487531 ], [ 77.521974835436339, 13.082420051481195 ], [ 77.520588022759227, 13.08380687750191 ], [ 77.520307866776008, 13.083809614129825 ], [ 77.520024919511471, 13.083537722385241 ], [ 77.520022128357652, 13.083263094309759 ], [ 77.519739182085345, 13.082991202070723 ], [ 77.519736391368497, 13.082716573923012 ], [ 77.519456236432021, 13.082719309403071 ], [ 77.519173291397635, 13.082447416306822 ], [ 77.518332826943123, 13.082455619838241 ], [ 77.518049883264979, 13.08218372522513 ], [ 77.517769728565185, 13.082186458766049 ] ] } },
{ "type": "Feature", "properties": { "type": "ghost_drain" }, "geometry": { "type": "LineString", "coordinates": [ [ 77.517769728565185, 13.082186458766049 ], [ 77.517492361915288, 13.08246382063906 ], [ 77.515531274621878, 13.082482945221917 ], [ 77.514421791384962, 13.083592383967309 ], [ 77.51414163431032, 13.08359511386041 ], [ 77.514138849656007, 13.083320484538966 ], [ 77.513572968055115, 13.082776684397208 ], [ 77.513292811718202, 13.082779413202278 ], [ 77.513015438606871, 13.083056771275199 ], [ 77.512735281833329, 13.083059499532673 ], [ 77.512457907729939, 13.083336857170043 ], [ 77.512177750519797, 13.0833395848799 ], [ 77.511894811131356, 13.083067682484581 ], [ 77.511054339857537, 13.083075862705702 ], [ 77.510499586555341, 13.083630574858349 ], [ 77.505456733487733, 13.083679590043026 ] ] } },
{ "type": "Feature", "properties": { "type": "ghost_drain" }, "geometry": { "type": "LineString", "coordinates": [ [ 77.746208268315399, 13.0666752848068 ], [ 77.74649139167164, 13.06694688511752 ], [ 77.747891819896097, 13.066931990781189 ], [ 77.748168865667708, 13.066654433189086 ], [ 77.748729035714561, 13.066648472858795 ], [ 77.749578414099503, 13.067463262550373 ], [ 77.749858499736703, 13.067460280828232 ] ] } },
{ "type": "Feature", "properties": { "type": "ghost_drain" }, "geometry": { "type": "LineString", "coordinates": [ [ 77.727168321849504, 13.067426236510277 ], [ 77.72688521465237, 13.067154610925989 ], [ 77.726044942356225, 13.067163480300954 ], [ 77.725761836496659, 13.066891853177568 ], [ 77.725201655101174, 13.066897763845901 ], [ 77.723503035795375, 13.065267987508239 ] ] } },
{ "type": "Feature", "properties": { "type": "ghost_drain" }, "geometry": { "type": "LineString", "coordinates": [ [ 77.723503035795375, 13.065267987508239 ], [ 77.722087536692911, 13.063909828524483 ] ] } },
{ "type": "Feature", "properties": { "type": "ghost_drain" }, "geometry": { "type": "LineString", "coordinates": [ [ 77.621583716255827, 13.069892638509055 ], [ 77.621303598282054, 13.069895481750386 ], [ 77.621020580431264, 13.069623718188803 ], [ 77.62018022684056, 13.069632245000474 ], [ 77.619903007419012, 13.069909693411983 ], [ 77.619622889047633, 13.069912534835289 ], [ 77.619619990782141, 13.0696379280266 ], [ 77.619059754458732, 13.069643609840732 ], [ 77.618776738925561, 13.069371843292968 ], [ 77.618216502822889, 13.069377523165674 ], [ 77.618219399476914, 13.069652130289427 ], [ 77.617942177428418, 13.069929577011999 ], [ 77.617662058593467, 13.069932416314259 ], [ 77.617096029823102, 13.069388879275163 ], [ 77.617373252511626, 13.069111433386986 ], [ 77.617367461388767, 13.068562218737029 ], [ 77.617087343966617, 13.068565057124861 ], [ 77.616521319919784, 13.068021517945771 ], [ 77.616241202917166, 13.068024355301354 ], [ 77.616238308823384, 13.067749747707094 ], [ 77.61567807523771, 13.06775542138606 ], [ 77.615395065245011, 13.06748364998545 ], [ 77.615392172210534, 13.067209042193337 ], [ 77.615109163210946, 13.066937270291959 ], [ 77.615106270617716, 13.066662662425308 ], [ 77.614823262611196, 13.066390890023188 ], [ 77.614543147065675, 13.066393725191251 ], [ 77.614537363445663, 13.065844509179186 ], [ 77.613971351272369, 13.065300962075767 ], [ 77.613922213928618, 13.060632622617266 ] ] } },
{ "type": "Feature", "properties": { "type": "ghost_drain" }, "geometry": { "type": "LineString", "coordinates": [ [ 77.738670167645694, 13.068952213419191 ], [ 77.73867622715089, 13.069501373337262 ], [ 77.738959347821734, 13.069772982858348 ], [ 77.738965408360286, 13.070322142608257 ], [ 77.739248530405362, 13.070593751548733 ], [ 77.739257622867228, 13.071417490911557 ], [ 77.7395407466649, 13.071689099200313 ], [ 77.739549840884862, 13.072512838291299 ] ] } },
{ "type": "Feature", "properties": { "type": "ghost_drain" }, "geometry": { "type": "LineString", "coordinates": [ [ 77.739549840884862, 13.072512838291299 ], [ 77.740110028208036, 13.072506894023471 ], [ 77.74011912490549, 13.073330632668434 ], [ 77.740685379853076, 13.073873845607087 ], [ 77.740688412980774, 13.074148425000189 ], [ 77.74097154175999, 13.074420030740416 ], [ 77.742091923395748, 13.074408133125043 ], [ 77.742375053751957, 13.074679736956151 ], [ 77.742381124201174, 13.075228894921478 ], [ 77.742947388281578, 13.075772100982777 ], [ 77.742950424367066, 13.076046679813363 ], [ 77.743516691677016, 13.076589883977046 ], [ 77.744356983553061, 13.076580951487308 ], [ 77.745489528467999, 13.077667350135313 ], [ 77.745498646735811, 13.078491084724556 ], [ 77.74578178564586, 13.078762683075473 ], [ 77.746061884924984, 13.078759702939918 ], [ 77.746628165079429, 13.079302897589013 ] ] } },
{ "type": "Feature", "properties": { "type": "ghost_drain" }, "geometry": { "type": "LineString", "coordinates": [ [ 77.746628165079429, 13.079302897589013 ], [ 77.746911306084129, 13.079574494254956 ], [ 77.747471505872298, 13.079568530867569 ] ] } },
{ "type": "Feature", "properties": { "type": "ghost_drain" }, "geometry": { "type": "LineString", "coordinates": [ [ 77.747471505872298, 13.079568530867569 ], [ 77.749152103569145, 13.079550633430705 ], [ 77.749435247109631, 13.079822226714516 ], [ 77.749995446265103, 13.079816257741518 ] ] } },
{ "type": "Feature", "properties": { "type": "ghost_drain" }, "geometry": { "type": "LineString", "coordinates": [ [ 77.468915247853488, 13.07194655713305 ], [ 77.468637826007367, 13.072223874415831 ], [ 77.468357671964384, 13.072226552343297 ], [ 77.465583415765337, 13.074999712090632 ], [ 77.465303257943035, 13.075002387264034 ], [ 77.465025828549031, 13.07527970193013 ], [ 77.4647456702927, 13.075282376555094 ], [ 77.464179898530062, 13.074738444948316 ], [ 77.464177171092089, 13.074463804965292 ], [ 77.462776382892216, 13.07447716963717 ] ] } },
{ "type": "Feature", "properties": { "type": "ghost_drain" }, "geometry": { "type": "LineString", "coordinates": [ [ 77.462776382892216, 13.07447716963717 ], [ 77.462496225065351, 13.07447984166177 ], [ 77.46221334196575, 13.074207872987262 ], [ 77.461372868852578, 13.07421588615764 ], [ 77.460524225488967, 13.073399974328531 ], [ 77.459403596764744, 13.073410649975258 ], [ 77.459400874896346, 13.073136008973808 ], [ 77.459117996372129, 13.072864036003628 ] ] } },
{ "type": "Feature", "properties": { "type": "ghost_drain" }, "geometry": { "type": "LineString", "coordinates": [ [ 77.459117996372129, 13.072864036003628 ], [ 77.45910711100646, 13.071765471676567 ], [ 77.45854135878534, 13.071221523944859 ], [ 77.45853863834229, 13.070946882718451 ], [ 77.458255763530872, 13.070674908150046 ], [ 77.458533197642709, 13.070397600246483 ], [ 77.458527757191874, 13.069848317748994 ], [ 77.458244883866044, 13.069576342923266 ], [ 77.458239444406658, 13.069027060271576 ], [ 77.45795657244193, 13.068755084891786 ], [ 77.457953853176846, 13.068480443492049 ] ] } },
{ "type": "Feature", "properties": { "type": "ghost_drain" }, "geometry": { "type": "LineString", "coordinates": [ [ 77.587420287825751, 13.071335732781558 ], [ 77.587417424841547, 13.071061118942207 ], [ 77.587134435295994, 13.070789311490845 ], [ 77.587125847859539, 13.069965469731889 ], [ 77.587680373326251, 13.069410629378286 ], [ 77.587671785016809, 13.068586787888609 ], [ 77.587388798598198, 13.068314980194456 ], [ 77.587385936333732, 13.068040366284256 ], [ 77.58766319729628, 13.067762946340963 ], [ 77.587943320392426, 13.067760140011323 ], [ 77.589329614062265, 13.066373036273706 ], [ 77.589609735220606, 13.066370228431317 ], [ 77.58988699172609, 13.066092806879791 ], [ 77.59044723309735, 13.066087189802367 ], [ 77.59127899665917, 13.065254922572789 ], [ 77.592399474121606, 13.065243681880395 ], [ 77.592953977077187, 13.06468883418998 ], [ 77.592951109484375, 13.064414221416966 ], [ 77.593228359791951, 13.064136797345737 ], [ 77.593225492021332, 13.063862184620955 ], [ 77.593502741467717, 13.063584760417305 ], [ 77.594062975573806, 13.063579136563813 ], [ 77.594617471115072, 13.063024286628377 ], [ 77.594897587320716, 13.063021473763868 ], [ 77.595452079641746, 13.062466622597016 ] ] } },
{ "type": "Feature", "properties": { "type": "ghost_drain" }, "geometry": { "type": "LineString", "coordinates": [ [ 77.602284215584604, 13.072834217181271 ], [ 77.602561461069897, 13.072556783433564 ], [ 77.604242211170174, 13.07253983793866 ], [ 77.604519453787333, 13.072262402553779 ], [ 77.60479957819858, 13.072259577002143 ], [ 77.605082585331303, 13.072531361099584 ], [ 77.605922958899527, 13.072522881532775 ], [ 77.60647743901545, 13.071968007676208 ], [ 77.606471670679014, 13.071418788353787 ], [ 77.60674890932323, 13.071141351255477 ], [ 77.60674314076411, 13.070592132017213 ], [ 77.607297615225335, 13.070037257480703 ], [ 77.609258462796404, 13.070017454482018 ], [ 77.609824479460912, 13.0705610116669 ], [ 77.612905810172009, 13.070529854649934 ] ] } },
{ "type": "Feature", "properties": { "type": "ghost_drain" }, "geometry": { "type": "LineString", "coordinates": [ [ 77.612905810172009, 13.070529854649934 ], [ 77.613737496181628, 13.069697526626204 ], [ 77.613454485263333, 13.06942575314992 ], [ 77.613448702661145, 13.068876536786957 ], [ 77.614003156202969, 13.068321651320156 ], [ 77.613994481337798, 13.067497827058201 ], [ 77.613428465635181, 13.066954279313341 ], [ 77.613390891177872, 13.063384371737918 ], [ 77.613107889128685, 13.063112596332102 ], [ 77.613093442262709, 13.061739554326484 ] ] } },
{ "type": "Feature", "properties": { "type": "ghost_drain" }, "geometry": { "type": "LineString", "coordinates": [ [ 77.722738066798826, 13.07214143571248 ], [ 77.72329223441092, 13.071586361176745 ] ] } },
{ "type": "Feature", "properties": { "type": "ghost_drain" }, "geometry": { "type": "LineString", "coordinates": [ [ 77.72329223441092, 13.071586361176745 ], [ 77.723569317289972, 13.071308823637214 ], [ 77.723503035795375, 13.065267987508239 ] ] } },
{ "type": "Feature", "properties": { "type": "ghost_drain" }, "geometry": { "type": "LineString", "coordinates": [ [ 77.738989653284619, 13.072518781347318 ], [ 77.739549840884862, 13.072512838291299 ] ] } },
{ "type": "Feature", "properties": { "type": "ghost_drain" }, "geometry": { "type": "LineString", "coordinates": [ [ 77.605937378461718, 13.073895930275667 ], [ 77.607338007486078, 13.073881790066846 ], [ 77.607615247193934, 13.073604351748694 ], [ 77.607895372425915, 13.073601522555942 ], [ 77.607892486283475, 13.073326913243902 ], [ 77.608169724754688, 13.073049474552484 ], [ 77.608452735931252, 13.073321254072022 ], [ 77.610133483291179, 13.073304269282049 ], [ 77.611242421462279, 13.07219450566628 ] ] } },
{ "type": "Feature", "properties": { "type": "ghost_drain" }, "geometry": { "type": "LineString", "coordinates": [ [ 77.611242421462279, 13.07219450566628 ], [ 77.61235134974153, 13.071084739067532 ] ] } },
{ "type": "Feature", "properties": { "type": "ghost_drain" }, "geometry": { "type": "LineString", "coordinates": [ [ 77.61235134974153, 13.071084739067532 ], [ 77.612905810172009, 13.070529854649934 ] ] } },
{ "type": "Feature", "properties": { "type": "ghost_drain" }, "geometry": { "type": "LineString", "coordinates": [ [ 77.482395518392622, 13.075113282896849 ], [ 77.48128588686069, 13.076222600382282 ], [ 77.48129138041422, 13.076771873141439 ], [ 77.481013970491333, 13.077049202135273 ], [ 77.481019463802667, 13.07759847497303 ], [ 77.480464641114096, 13.078153132590785 ], [ 77.478503532259808, 13.078171969855367 ] ] } },
{ "type": "Feature", "properties": { "type": "ghost_drain" }, "geometry": { "type": "LineString", "coordinates": [ [ 77.478503532259808, 13.078171969855367 ], [ 77.478220629882628, 13.07790002269245 ], [ 77.476539678471397, 13.077916154918855 ], [ 77.475984843382534, 13.078470804803649 ], [ 77.475990326182469, 13.079020079680692 ], [ 77.475435487631103, 13.079574729001305 ], [ 77.474595004758754, 13.079582788429756 ], [ 77.474029203812464, 13.079038884196958 ], [ 77.471507756259896, 13.079063039590363 ], [ 77.471224858936978, 13.078791083579596 ] ] } },
{ "type": "Feature", "properties": { "type": "ghost_drain" }, "geometry": { "type": "LineString", "coordinates": [ [ 77.471224858936978, 13.078791083579596 ], [ 77.470947433893684, 13.079068404118601 ], [ 77.469826788411282, 13.079079129534739 ], [ 77.469549361261414, 13.079356448899937 ], [ 77.469554830202725, 13.079905726419902 ], [ 77.468999973058388, 13.080460364777531 ], [ 77.469005441261544, 13.08100964247919 ], [ 77.468728011266904, 13.081286961471543 ], [ 77.468736213298911, 13.082110878131502 ], [ 77.468181349970308, 13.082665515846701 ], [ 77.46706068589674, 13.082676232153004 ] ] } },
{ "type": "Feature", "properties": { "type": "ghost_drain" }, "geometry": { "type": "LineString", "coordinates": [ [ 77.46706068589674, 13.082676232153004 ], [ 77.465940020824647, 13.082686943604084 ], [ 77.464525540928776, 13.081327127328064 ], [ 77.46424537574056, 13.081329802624472 ], [ 77.463962481865579, 13.081057837729679 ], [ 77.46368231686219, 13.081060512361162 ], [ 77.46311653146347, 13.080516580570716 ] ] } },
{ "type": "Feature", "properties": { "type": "ghost_drain" }, "geometry": { "type": "LineString", "coordinates": [ [ 77.46311653146347, 13.080516580570716 ], [ 77.462267858007507, 13.079700679690724 ], [ 77.462259679013059, 13.078876758848089 ], [ 77.461976790214081, 13.078604790843075 ], [ 77.461965887246905, 13.077506229372419 ], [ 77.462243322705817, 13.077228916990336 ], [ 77.462226968640678, 13.075581074902642 ], [ 77.463059266857499, 13.074749137524625 ], [ 77.462776382892216, 13.07447716963717 ] ] } },
{ "type": "Feature", "properties": { "type": "ghost_drain" }, "geometry": { "type": "LineString", "coordinates": [ [ 77.540388924114467, 13.074823839295815 ], [ 77.540108782575572, 13.074826595550457 ], [ 77.539542877716244, 13.074282858942889 ], [ 77.538142171508554, 13.074296632037736 ], [ 77.535878586611105, 13.072121653917254 ], [ 77.535598447137431, 13.072124404723018 ], [ 77.535315502053194, 13.071852530163918 ], [ 77.535035362760453, 13.071855280303657 ], [ 77.53475241853964, 13.071583404952611 ] ] } },
{ "type": "Feature", "properties": { "type": "ghost_drain" }, "geometry": { "type": "LineString", "coordinates": [ [ 77.474553911190682, 13.07546322204432 ], [ 77.473999075335783, 13.076017867564502 ], [ 77.47400181397532, 13.076292505472139 ], [ 77.473724394873059, 13.076569827994595 ], [ 77.47344423700612, 13.076572512312502 ], [ 77.473166816913178, 13.076849834396889 ], [ 77.473169554812316, 13.077124472460275 ], [ 77.472892133853819, 13.077401794403464 ], [ 77.472900347186055, 13.078225708710974 ], [ 77.471779707167059, 13.078236441921879 ], [ 77.471224858936978, 13.078791083579596 ] ] } },
{ "type": "Feature", "properties": { "type": "ghost_drain" }, "geometry": { "type": "LineString", "coordinates": [ [ 77.658054369983532, 13.074737803442579 ], [ 77.659735059584676, 13.074720494163483 ], [ 77.660018118393111, 13.07499220594338 ], [ 77.660572458816063, 13.074437237830699 ], [ 77.660852573003268, 13.07443435104352 ], [ 77.661129741910941, 13.074156866470585 ], [ 77.661409855654441, 13.074153979139975 ], [ 77.662241357538818, 13.073321523595569 ], [ 77.662521470085736, 13.073318635240927 ], [ 77.663087589393058, 13.073862051741921 ], [ 77.663099379032147, 13.074960439903011 ], [ 77.66338244111904, 13.075232147223957 ], [ 77.665063126756976, 13.075214802640254 ], [ 77.665346190912786, 13.07548650733078 ], [ 77.665623354763866, 13.075209018687632 ], [ 77.665903468666201, 13.075206126256692 ], [ 77.665900517996647, 13.074931529860564 ], [ 77.666180631522423, 13.074928637189362 ], [ 77.666463696268607, 13.075200340485539 ], [ 77.667584150664212, 13.075188765306196 ], [ 77.667861311260964, 13.07491127479747 ], [ 77.66870165021956, 13.074902589509945 ], [ 77.668704603980487, 13.07517718527747 ], [ 77.668987671278416, 13.075448885210722 ], [ 77.66954789801494, 13.075443092645868 ], [ 77.669830966414452, 13.075714791411736 ], [ 77.669833921614469, 13.075989386908189 ] ] } },
{ "type": "Feature", "properties": { "type": "ghost_drain" }, "geometry": { "type": "LineString", "coordinates": [ [ 77.669833921614469, 13.075989386908189 ], [ 77.670114035432249, 13.075986489742183 ], [ 77.670397105068389, 13.076258187637196 ], [ 77.671237446841474, 13.076249493222443 ], [ 77.673454682863664, 13.074029537226568 ] ] } },
{ "type": "Feature", "properties": { "type": "ghost_drain" }, "geometry": { "type": "LineString", "coordinates": [ [ 77.673454682863664, 13.074029537226568 ], [ 77.673731834584345, 13.073752041901006 ], [ 77.673725916677441, 13.073202852560929 ], [ 77.674003067296965, 13.072925357164918 ], [ 77.674283176700911, 13.072922456145648 ], [ 77.67456032632559, 13.072644960326167 ], [ 77.675120544177176, 13.072639156898576 ], [ 77.675674840065327, 13.072084163749437 ], [ 77.675391771490879, 13.071812471767153 ], [ 77.677054645133325, 13.07014748969836 ], [ 77.677048721568354, 13.069598301702905 ], [ 77.677325864529735, 13.069320804163121 ], [ 77.677308094011778, 13.067673240360806 ], [ 77.677585234907667, 13.067395742977476 ], [ 77.677558581529354, 13.06492439734596 ], [ 77.677835719636676, 13.064646900289048 ], [ 77.677812030419332, 13.062450148628811 ], [ 77.678089165979969, 13.06217265184182 ] ] } },
{ "type": "Feature", "properties": { "type": "ghost_drain" }, "geometry": { "type": "LineString", "coordinates": [ [ 77.678089165979969, 13.06217265184182 ], [ 77.678366300923031, 13.061895154871808 ], [ 77.678363339593361, 13.06162056099838 ], [ 77.678640473677774, 13.061343063902005 ], [ 77.678357417137178, 13.061071373232075 ], [ 77.678077322031882, 13.061074276082678 ], [ 77.677511211285392, 13.060530892704801 ], [ 77.677496411638145, 13.059157922164246 ], [ 77.677773544682566, 13.058880426296369 ], [ 77.67833373002108, 13.058874621907659 ], [ 77.67888799275201, 13.058319628664806 ], [ 77.67888503168524, 13.058045034833382 ], [ 77.678601979421032, 13.057773343694047 ], [ 77.677761705219197, 13.057782049973792 ], [ 77.677195603988707, 13.057238664194449 ], [ 77.677472735722517, 13.05696116896247 ], [ 77.677466817420495, 13.056411980597243 ], [ 77.676900720435384, 13.055868593390748 ], [ 77.676897762138552, 13.055593999059289 ], [ 77.67717489280291, 13.055316504406511 ], [ 77.678575336255136, 13.055301998293286 ], [ 77.678852464420672, 13.055024502260158 ], [ 77.679132552531669, 13.055021599890249 ], [ 77.67912663147402, 13.054472412191711 ], [ 77.678843583861592, 13.054200720513245 ], [ 77.678840623810686, 13.053926126584651 ], [ 77.678557577191739, 13.053654434401283 ], [ 77.678551658045649, 13.053105246385465 ], [ 77.677985568164289, 13.052561860434563 ], [ 77.677976692210493, 13.051738077944734 ], [ 77.67853094316726, 13.051183088126109 ], [ 77.679651278196317, 13.051171481576723 ], [ 77.680205523675113, 13.050616489112315 ] ] } },
{ "type": "Feature", "properties": { "type": "ghost_drain" }, "geometry": { "type": "LineString", "coordinates": [ [ 77.509597973687477, 13.077596883488729 ], [ 77.509880903649716, 13.077868790096316 ] ] } },
{ "type": "Feature", "properties": { "type": "ghost_drain" }, "geometry": { "type": "LineString", "coordinates": [ [ 77.45805450738942, 13.078642171031255 ], [ 77.458331949040044, 13.078364861877683 ], [ 77.458612112131718, 13.07836219359068 ], [ 77.45888955279186, 13.078084883997869 ], [ 77.459169715449733, 13.078082215162121 ], [ 77.459158825356809, 13.076983651320312 ], [ 77.459436264037748, 13.076706341494658 ], [ 77.459414484860417, 13.074509213917219 ], [ 77.459691920945502, 13.074231904310546 ], [ 77.459126161049468, 13.073687959181886 ], [ 77.459117996372129, 13.072864036003628 ] ] } },
{ "type": "Feature", "properties": { "type": "ghost_drain" }, "geometry": { "type": "LineString", "coordinates": [ [ 77.69085418431888, 13.076869621341441 ], [ 77.690013853998963, 13.076878379977137 ], [ 77.689730766335018, 13.076606707929601 ], [ 77.688330215647184, 13.076621297761273 ], [ 77.687764044585762, 13.076077948692534 ], [ 77.686923714804337, 13.076086696755736 ], [ 77.686640630924614, 13.075815020467722 ], [ 77.685520191229656, 13.075826678843177 ], [ 77.685243053407063, 13.076104184698723 ], [ 77.68412261111736, 13.076115837265567 ] ] } },
{ "type": "Feature", "properties": { "type": "ghost_drain" }, "geometry": { "type": "LineString", "coordinates": [ [ 77.68412261111736, 13.076115837265567 ], [ 77.683282278687372, 13.076124573508228 ], [ 77.682999197943843, 13.075852892457485 ], [ 77.682990288957569, 13.075029114842213 ], [ 77.682707209963255, 13.074757433146292 ], [ 77.68270424081382, 13.074482840525176 ], [ 77.682421162814677, 13.074211158323552 ], [ 77.681580835655126, 13.074219887783192 ], [ 77.681303694002381, 13.074497389940605 ], [ 77.680737541035185, 13.073954021438903 ], [ 77.680734574252909, 13.073679428355931 ], [ 77.679885350569108, 13.072864372125347 ], [ 77.679876454020572, 13.072040592210637 ], [ 77.679593381826038, 13.071768905719868 ], [ 77.679313274944406, 13.071771812243981 ], [ 77.679030203609244, 13.071500124951305 ], [ 77.679018346743618, 13.070401750831273 ], [ 77.679298452147876, 13.070398844925844 ], [ 77.679295487791819, 13.070124251442762 ], [ 77.679012418717249, 13.069852563732345 ], [ 77.679009454805666, 13.069577970173155 ], [ 77.678726386725799, 13.069306281957424 ], [ 77.678723423258688, 13.069031688322136 ], [ 77.678443319263891, 13.069034593306018 ], [ 77.678160252419914, 13.068762904218962 ], [ 77.678089165979969, 13.06217265184182 ] ] } },
{ "type": "Feature", "properties": { "type": "ghost_drain" }, "geometry": { "type": "LineString", "coordinates": [ [ 77.651080815808811, 13.077555804933606 ], [ 77.651072011546958, 13.07673200591932 ], [ 77.650788958225107, 13.076460282851631 ], [ 77.650228720620007, 13.076466035175603 ], [ 77.650225786994753, 13.076191435297343 ], [ 77.649942735151811, 13.075919710994985 ], [ 77.649382498381343, 13.075925461250371 ], [ 77.648250299130339, 13.074838556771811 ], [ 77.648241506153923, 13.074014755689946 ], [ 77.647958459015285, 13.073743028277629 ], [ 77.647955528533174, 13.073468427835184 ], [ 77.647106391954836, 13.072653242785597 ], [ 77.647100533447812, 13.072104041468094 ], [ 77.646540303993604, 13.072109783914405 ], [ 77.646257260940232, 13.071838053827431 ] ] } },
{ "type": "Feature", "properties": { "type": "ghost_drain" }, "geometry": { "type": "LineString", "coordinates": [ [ 77.646257260940232, 13.071838053827431 ], [ 77.646245548705934, 13.070739650340414 ], [ 77.646522733787776, 13.070462179058087 ], [ 77.646516877587885, 13.069912977387558 ], [ 77.646233837542297, 13.069641246749887 ], [ 77.64622798236195, 13.069092044915811 ], [ 77.64678820515104, 13.06908630444773 ], [ 77.646782349002365, 13.068537102837263 ], [ 77.646499310594322, 13.068265372220724 ], [ 77.64593908952537, 13.068271111708702 ], [ 77.645089979461403, 13.067455915062574 ], [ 77.645084127823324, 13.066906712626206 ], [ 77.645364237047133, 13.066903844254211 ], [ 77.645641419867417, 13.066626374476115 ], [ 77.645638493597701, 13.066351773366454 ], [ 77.645355459164804, 13.066080040738191 ], [ 77.645352533337828, 13.065805439553248 ], [ 77.644503434873599, 13.064990238857893 ], [ 77.64450051024086, 13.064715637460088 ], [ 77.644777692252248, 13.064438168850575 ], [ 77.644771842703307, 13.063888966147294 ], [ 77.645049023612927, 13.06361149746486 ], [ 77.645046098696781, 13.063336896159386 ], [ 77.644480039683827, 13.062793427494436 ], [ 77.644439108398586, 13.058949006612872 ] ] } },
{ "type": "Feature", "properties": { "type": "ghost_drain" }, "geometry": { "type": "LineString", "coordinates": [ [ 77.491684712166048, 13.079418376733949 ], [ 77.491407313552671, 13.079695715304513 ], [ 77.490846998241921, 13.079701123260771 ], [ 77.490849756324153, 13.079975757567933 ], [ 77.490294955258179, 13.080530433258124 ], [ 77.490014796453977, 13.080533136350589 ], [ 77.489737394620221, 13.080810473662437 ], [ 77.4872159591973, 13.080834785640006 ], [ 77.486933045452346, 13.080562850344595 ], [ 77.486652885892809, 13.080565549796486 ], [ 77.486369973013325, 13.080293613712049 ], [ 77.485529494696991, 13.08030170916147 ], [ 77.485246583176121, 13.080029771564131 ], [ 77.484966423858168, 13.080032469078558 ], [ 77.484683513202754, 13.079760530692342 ], [ 77.484403354068547, 13.079763227541456 ], [ 77.483837535107511, 13.079219348764498 ], [ 77.483557376403652, 13.079222044586425 ], [ 77.482142841063649, 13.077862338365179 ], [ 77.481862683530011, 13.077865032074449 ], [ 77.48130786258109, 13.078419691265427 ], [ 77.478786435255785, 13.078443916591709 ], [ 77.478503532259808, 13.078171969855367 ] ] } },
{ "type": "Feature", "properties": { "type": "ghost_drain" }, "geometry": { "type": "LineString", "coordinates": [ [ 77.623634553480173, 13.078385508386587 ], [ 77.623354426386697, 13.078388355665654 ], [ 77.622222305336848, 13.077301317500959 ], [ 77.621942179148732, 13.0773041630168 ], [ 77.621659150675441, 13.077032402027493 ], [ 77.621379024663952, 13.077035246875193 ], [ 77.621095997052066, 13.076763485087721 ], [ 77.620815871217232, 13.076766329267295 ], [ 77.620532844466737, 13.076494566681715 ], [ 77.61829183734632, 13.076517306284979 ], [ 77.618014609224559, 13.076794754388729 ], [ 77.617734482661007, 13.076797595233428 ], [ 77.617457253545339, 13.077075042909472 ], [ 77.616336745127526, 13.07708640229057 ], [ 77.616059513891685, 13.077363848814315 ], [ 77.614658875003727, 13.077378040011416 ], [ 77.614092831313073, 13.076834498625765 ], [ 77.614078363288669, 13.075461459157351 ], [ 77.613795344247677, 13.075189687474918 ], [ 77.613789558251284, 13.074640471506237 ], [ 77.613506540579237, 13.074368699254897 ], [ 77.613483402239638, 13.072171834577516 ], [ 77.612917374754176, 13.071628287687867 ], [ 77.612905810172009, 13.070529854649934 ] ] } },
{ "type": "Feature", "properties": { "type": "ghost_drain" }, "geometry": { "type": "LineString", "coordinates": [ [ 77.551642552894052, 13.079381905356422 ], [ 77.552751823687444, 13.07827233998418 ], [ 77.553031966348826, 13.078269569303767 ], [ 77.554141225747927, 13.077159999929499 ], [ 77.554135570835214, 13.076610758080946 ], [ 77.554975992089155, 13.076602441664713 ], [ 77.557749081177107, 13.07382849877078 ], [ 77.558309354211744, 13.073822948118528 ], [ 77.559973173492097, 13.072158570394263 ], [ 77.560253307668859, 13.072155793156519 ], [ 77.560256140861256, 13.072430412860879 ], [ 77.56082207745466, 13.072974096503371 ], [ 77.56082491145969, 13.07324871606774 ], [ 77.561385181833387, 13.073243158987538 ], [ 77.562494378751467, 13.072133564342451 ] ] } },
{ "type": "Feature", "properties": { "type": "ghost_drain" }, "geometry": { "type": "LineString", "coordinates": [ [ 77.562494378751467, 13.072133564342451 ], [ 77.562211409801094, 13.071861724716882 ], [ 77.562205739411894, 13.071312486121148 ], [ 77.562483036736467, 13.071035087392552 ], [ 77.562454686235171, 13.068288894567727 ], [ 77.563014944702658, 13.068283336024349 ], [ 77.563292238218267, 13.068005937161498 ], [ 77.563289402662178, 13.06773131801844 ], [ 77.563006438961551, 13.067459478413941 ], [ 77.563003603844152, 13.067184859197617 ], [ 77.562723475879025, 13.067187638379197 ], [ 77.562440513414572, 13.066915797914232 ], [ 77.562432010499791, 13.066091939845 ], [ 77.562149049774831, 13.065820098749377 ], [ 77.562426342213925, 13.065542701100039 ] ] } },
{ "type": "Feature", "properties": { "type": "ghost_drain" }, "geometry": { "type": "LineString", "coordinates": [ [ 77.502058797479606, 13.080141997486473 ], [ 77.502907579361235, 13.080957743612336 ], [ 77.50291312283268, 13.081507007094606 ], [ 77.503193279969736, 13.081504289811022 ], [ 77.503476209493087, 13.081776203837558 ], [ 77.503756366812965, 13.081773485888174 ], [ 77.503759139635406, 13.082048117436269 ], [ 77.504042070396665, 13.082320030607129 ], [ 77.504044843655237, 13.082594662083379 ], [ 77.504327775408299, 13.08286657476094 ], [ 77.504330549103059, 13.083141206165351 ], [ 77.504613481847969, 13.08341311834957 ], [ 77.504616255978959, 13.083687749682127 ], [ 77.504899189715772, 13.083959661372974 ], [ 77.504901964283007, 13.084234292633669 ] ] } },
{ "type": "Feature", "properties": { "type": "ghost_drain" }, "geometry": { "type": "LineString", "coordinates": [ [ 77.538481326392301, 13.080060987947235 ], [ 77.538201178526649, 13.080063743216245 ], [ 77.536814483963113, 13.081450637798426 ], [ 77.536534334165282, 13.081453391546441 ], [ 77.536256993022462, 13.081730769648807 ], [ 77.535976842786894, 13.081733522849882 ], [ 77.535699500651603, 13.082010900518423 ], [ 77.535419349978298, 13.082013653172533 ], [ 77.535136391695346, 13.081741780632909 ], [ 77.534304360070607, 13.08257391087515 ] ] } },
{ "type": "Feature", "properties": { "type": "ghost_drain" }, "geometry": { "type": "LineString", "coordinates": [ [ 77.534304360070607, 13.08257391087515 ], [ 77.533749669226168, 13.083128663418321 ], [ 77.533469516866262, 13.083131414187681 ], [ 77.53318655880652, 13.082859539370837 ], [ 77.533178142283802, 13.082035663483902 ], [ 77.532895185963611, 13.08176378803944 ], [ 77.532892380957705, 13.08148916266482 ], [ 77.532332079502822, 13.081494661363365 ], [ 77.532049124665747, 13.081222784697475 ], [ 77.531488823445429, 13.081228281456481 ], [ 77.531486020114798, 13.080953655770593 ], [ 77.530637161909354, 13.080138020821805 ] ] } },
{ "type": "Feature", "properties": { "type": "ghost_drain" }, "geometry": { "type": "LineString", "coordinates": [ [ 77.59031330567548, 13.080095270880637 ], [ 77.59059631064224, 13.080367072032246 ], [ 77.590602047931853, 13.080916297923817 ], [ 77.59088505426709, 13.08118809850856 ], [ 77.590887923385083, 13.081462711377158 ], [ 77.591170930713972, 13.081734511462498 ], [ 77.591176669896385, 13.082283737045326 ], [ 77.590896531132231, 13.08228654994428 ], [ 77.590619261373263, 13.082563975443779 ], [ 77.590639346702957, 13.08448626559033 ], [ 77.590922357912447, 13.084758065297414 ], [ 77.590925227882366, 13.085032678082186 ], [ 77.59009340943129, 13.085864955655923 ], [ 77.590096278734876, 13.086139568598067 ], [ 77.58981900443591, 13.08641699413506 ], [ 77.589821873560993, 13.086691607125355 ], [ 77.589544598399016, 13.086969032529147 ], [ 77.58982761200771, 13.087240833086588 ], [ 77.589830481329329, 13.087515446057523 ], [ 77.59011349593213, 13.087787246115488 ], [ 77.590393641082287, 13.087784432905497 ], [ 77.590959672633204, 13.088328030996308 ], [ 77.590965414342534, 13.088877256391683 ], [ 77.59124843179687, 13.089149054653959 ], [ 77.591262789092852, 13.09052211769187 ], [ 77.591545809042074, 13.090793915184383 ] ] } },
{ "type": "Feature", "properties": { "type": "ghost_drain" }, "geometry": { "type": "LineString", "coordinates": [ [ 77.591545809042074, 13.090793915184383 ], [ 77.592677895031485, 13.091881100832715 ], [ 77.593238193374006, 13.091875466813507 ], [ 77.593515468051706, 13.091598037274984 ], [ 77.597437543844833, 13.091558561748998 ], [ 77.597720570662943, 13.091830350947861 ], [ 77.598000718685242, 13.091827528626052 ], [ 77.598009357127708, 13.09265136187129 ], [ 77.599141476073541, 13.093738512070169 ], [ 77.599421625934781, 13.093735687801749 ], [ 77.599704657463576, 13.094007473905203 ], [ 77.599427388847758, 13.094284909268772 ], [ 77.599710421127469, 13.094556695236761 ], [ 77.600270722379335, 13.094551044814251 ], [ 77.600553755766313, 13.094822829619803 ], [ 77.601114057242881, 13.094817177252999 ], [ 77.601397091737127, 13.095088960896025 ], [ 77.601677242620624, 13.095086133892252 ], [ 77.601954508964212, 13.094808696425639 ], [ 77.602234659406363, 13.094805868875946 ], [ 77.602517694876184, 13.095077651059182 ], [ 77.603358146539193, 13.095069165493481 ], [ 77.603641183360068, 13.09534094614899 ], [ 77.603921334026552, 13.095338116654847 ], [ 77.604204371710722, 13.095609896512519 ], [ 77.604221695595541, 13.097257554309509 ], [ 77.603667163908213, 13.09781243392017 ], [ 77.60368159985147, 13.099185482455789 ], [ 77.603404331858755, 13.09946292225454 ], [ 77.603407219001056, 13.099737531997185 ] ] } },
{ "type": "Feature", "properties": { "type": "ghost_drain" }, "geometry": { "type": "LineString", "coordinates": [ [ 77.520557316063645, 13.080785969696242 ], [ 77.519725229138473, 13.081618061268003 ], [ 77.518044305990955, 13.081634468172311 ], [ 77.518047094596128, 13.081909096701933 ], [ 77.517769728565185, 13.082186458766049 ] ] } },
{ "type": "Feature", "properties": { "type": "ghost_drain" }, "geometry": { "type": "LineString", "coordinates": [ [ 77.63990519422974, 13.080416664362819 ], [ 77.640182396441418, 13.080139196665515 ], [ 77.640173626554898, 13.079315390530811 ], [ 77.640450827420466, 13.079037922815527 ], [ 77.640447904016014, 13.07876332081344 ], [ 77.640725104020561, 13.078485852968702 ], [ 77.640722180440406, 13.078211251015912 ], [ 77.641002303406609, 13.078208384938778 ], [ 77.640999379584002, 13.077933783041757 ], [ 77.641553776015769, 13.077378846537986 ], [ 77.641833897853871, 13.077375979738083 ], [ 77.641830973303968, 13.077101378008409 ], [ 77.643771337006143, 13.075159093119614 ], [ 77.644051455836021, 13.075156224392906 ], [ 77.64432864780116, 13.074878754142274 ], [ 77.64432572107016, 13.074604152914993 ], [ 77.644880102660991, 13.074049211970678 ], [ 77.644871321415692, 13.073225408585152 ], [ 77.645148510556993, 13.07294793800326 ], [ 77.645145583366784, 13.07267333691768 ], [ 77.645699959310377, 13.072118395311126 ], [ 77.645980074271691, 13.072115525148584 ], [ 77.646257260940232, 13.071838053827431 ] ] } },
{ "type": "Feature", "properties": { "type": "ghost_drain" }, "geometry": { "type": "LineString", "coordinates": [ [ 77.740475057180788, 13.080192144699049 ], [ 77.74075515932384, 13.080189169999452 ], [ 77.741032226436005, 13.079911615811605 ], [ 77.741029191543731, 13.079637036619978 ], [ 77.741309292929813, 13.079634061443308 ], [ 77.741875567202939, 13.080177268169715 ], [ 77.742155668999388, 13.080174291954451 ], [ 77.742432734218966, 13.079896736573991 ], [ 77.742992936846747, 13.07989078275706 ], [ 77.743270000690856, 13.079613226719237 ], [ 77.744110302976608, 13.079604293004998 ], [ 77.744387365066686, 13.079326736071462 ], [ 77.744667465311252, 13.079323757322038 ], [ 77.74494452640441, 13.079046199969788 ], [ 77.745504725928157, 13.079040241084781 ], [ 77.745787865595361, 13.079311839293247 ], [ 77.746628165079429, 13.079302897589013 ] ] } },
{ "type": "Feature", "properties": { "type": "ghost_drain" }, "geometry": { "type": "LineString", "coordinates": [ [ 77.567919242295332, 13.081966939723658 ], [ 77.567916398482311, 13.081692321876218 ], [ 77.567633411792642, 13.081420491501765 ], [ 77.56763056841892, 13.081145873580924 ], [ 77.566215646123865, 13.079786714912267 ], [ 77.566209963314193, 13.07923747838189 ], [ 77.565926981459896, 13.078965645222146 ], [ 77.565924140526647, 13.078691026880385 ], [ 77.565641159665262, 13.078419193223068 ], [ 77.565638319171143, 13.078144574807965 ], [ 77.565078039609006, 13.078150143159002 ], [ 77.564512081468308, 13.077606472963838 ], [ 77.564506403408672, 13.077057235604927 ], [ 77.565061001718533, 13.076502431807677 ], [ 77.565052483649112, 13.075678576045156 ] ] } },
{ "type": "Feature", "properties": { "type": "ghost_drain" }, "geometry": { "type": "LineString", "coordinates": [ [ 77.565052483649112, 13.075678576045156 ], [ 77.564769507636825, 13.075406740560874 ], [ 77.564489370786418, 13.075409523373773 ], [ 77.564486532243052, 13.07513490464607 ], [ 77.564203557467749, 13.074863068300759 ], [ 77.564200719363328, 13.074588449499748 ], [ 77.564478017002088, 13.074311048424351 ], [ 77.564195043349045, 13.074039211878421 ], [ 77.563354636852637, 13.074047556682013 ], [ 77.563071664551131, 13.073775718614895 ], [ 77.562791529167043, 13.073778499246213 ], [ 77.562777348320168, 13.072405403537681 ], [ 77.562494378751467, 13.072133564342451 ] ] } },
{ "type": "Feature", "properties": { "type": "ghost_drain" }, "geometry": { "type": "LineString", "coordinates": [ [ 77.569605793827463, 13.082499442699662 ], [ 77.569602948027992, 13.082224825228369 ], [ 77.56931995912295, 13.081952997171166 ], [ 77.569317113762878, 13.081678379626439 ], [ 77.568468151883692, 13.080862892668558 ], [ 77.5681880096908, 13.080865680633574 ], [ 77.568185165828197, 13.080591062820911 ], [ 77.567619195573457, 13.080047401833198 ], [ 77.567613509540379, 13.079498165920718 ], [ 77.567330526089691, 13.079226334646791 ], [ 77.567321998649959, 13.078402480528943 ], [ 77.566756035850162, 13.077858816287257 ], [ 77.566753194248605, 13.077584198101224 ], [ 77.566473055378196, 13.077586983520391 ], [ 77.566190075524844, 13.077315150322868 ], [ 77.566187234671702, 13.077040532002981 ], [ 77.56590425581112, 13.076768698307905 ], [ 77.56590141539705, 13.076494079914669 ], [ 77.565052483649112, 13.075678576045156 ] ] } },
{ "type": "Feature", "properties": { "type": "ghost_drain" }, "geometry": { "type": "LineString", "coordinates": [ [ 77.747486716584106, 13.080941419323494 ], [ 77.74720357320669, 13.080669823749572 ], [ 77.747200531304046, 13.080395246000169 ] ] } },
{ "type": "Feature", "properties": { "type": "ghost_drain" }, "geometry": { "type": "LineString", "coordinates": [ [ 77.747200531304046, 13.080395246000169 ], [ 77.747477589948588, 13.080117686269503 ], [ 77.747471505872298, 13.079568530867569 ] ] } },
{ "type": "Feature", "properties": { "type": "ghost_drain" }, "geometry": { "type": "LineString", "coordinates": [ [ 77.696787237385564, 13.081476253312498 ], [ 77.696227009587858, 13.081482107596901 ], [ 77.695949881036555, 13.081759623757776 ], [ 77.695109537696254, 13.081768402191255 ], [ 77.694555276473238, 13.082323432526824 ], [ 77.693995045729153, 13.082329282340833 ], [ 77.693440780521996, 13.082884310986513 ], [ 77.692600431630382, 13.082893081994694 ], [ 77.69231733349541, 13.082621414784693 ], [ 77.691476984714598, 13.082630181963589 ], [ 77.691193887921941, 13.082358513216931 ] ] } },
{ "type": "Feature", "properties": { "type": "ghost_drain" }, "geometry": { "type": "LineString", "coordinates": [ [ 77.691193887921941, 13.082358513216931 ], [ 77.690913771766759, 13.08236143463675 ], [ 77.690630675833944, 13.082089765086863 ], [ 77.690350559851979, 13.082092685836802 ], [ 77.689784370324602, 13.08154934469416 ], [ 77.689504254757097, 13.081552264407636 ], [ 77.689227117148661, 13.081829774814333 ], [ 77.688666885055028, 13.08183561285194 ], [ 77.688383791807013, 13.081563940229369 ], [ 77.688103675899498, 13.081566858426756 ], [ 77.687820583511339, 13.081295185001188 ], [ 77.687808678540478, 13.080196819657321 ], [ 77.687528564043333, 13.080199736931563 ], [ 77.686396207676623, 13.079113036282358 ], [ 77.686390259234969, 13.078563852886255 ], [ 77.685541000716441, 13.077748822399647 ], [ 77.684700663739662, 13.077757564327717 ], [ 77.684417579527462, 13.077485885527208 ], [ 77.684405693203018, 13.076387516781219 ], [ 77.68412261111736, 13.076115837265567 ] ] } },
{ "type": "Feature", "properties": { "type": "ghost_drain" }, "geometry": { "type": "LineString", "coordinates": [ [ 77.543852017168049, 13.084677171577367 ], [ 77.543291713293485, 13.084682695376701 ], [ 77.542737042441644, 13.085237464363615 ], [ 77.542176736814412, 13.085242985975214 ], [ 77.541344723650781, 13.086075136569306 ], [ 77.540224107138897, 13.086086173228473 ], [ 77.539669425610498, 13.086640937392071 ], [ 77.539109115473792, 13.086646452926406 ], [ 77.539103489598901, 13.086097205032164 ], [ 77.53882052252176, 13.08582533820781 ], [ 77.538817710054431, 13.085550714184775 ], [ 77.537685849431483, 13.084463242326796 ], [ 77.537683038523255, 13.08418861803232 ], [ 77.536551189299203, 13.083101139037636 ], [ 77.535710733950665, 13.083109399537545 ], [ 77.53514481452433, 13.082565655284721 ], [ 77.534304360070607, 13.08257391087515 ] ] } },
{ "type": "Feature", "properties": { "type": "ghost_drain" }, "geometry": { "type": "LineString", "coordinates": [ [ 77.628746694929447, 13.08492471468043 ], [ 77.628469473175457, 13.085202173433631 ], [ 77.628472384810237, 13.085476777956819 ], [ 77.628195162194388, 13.085754236579563 ], [ 77.628198073652698, 13.08602884115176 ], [ 77.627920850174959, 13.086306299644027 ], [ 77.627938318862761, 13.087953927274228 ], [ 77.627658181936837, 13.087956781268979 ], [ 77.627380956006036, 13.08823423966656 ], [ 77.627383867134085, 13.088508844366347 ], [ 77.626552184898173, 13.089341218609022 ], [ 77.626272046092339, 13.089344071396129 ], [ 77.625988997440373, 13.089072318889839 ], [ 77.624308164669472, 13.089089427047671 ], [ 77.623753701221119, 13.089644338302527 ] ] } },
{ "type": "Feature", "properties": { "type": "ghost_drain" }, "geometry": { "type": "LineString", "coordinates": [ [ 77.623753701221119, 13.089644338302527 ], [ 77.623470654381578, 13.089372582576571 ], [ 77.623467747387764, 13.089097977029871 ], [ 77.620386212246586, 13.089129303597968 ], [ 77.618687962518081, 13.087498735622932 ], [ 77.61841072504609, 13.087776186178287 ], [ 77.617850447235384, 13.087781873107284 ], [ 77.617853347707097, 13.08805647992166 ], [ 77.61729886891645, 13.088611379616445 ], [ 77.617018728850766, 13.088614222203967 ], [ 77.616735689352865, 13.08834245743984 ], [ 77.615895269488732, 13.088350982286311 ], [ 77.615612231339966, 13.088079215993588 ], [ 77.615051951586437, 13.088084896977128 ], [ 77.614768914543447, 13.087813129521034 ], [ 77.614488774810837, 13.087815969192564 ], [ 77.614205738630275, 13.087544200938257 ], [ 77.612805040192413, 13.087558392919108 ], [ 77.612522005847893, 13.087286622406541 ], [ 77.61235134974153, 13.071084739067532 ] ] } },
{ "type": "Feature", "properties": { "type": "ghost_drain" }, "geometry": { "type": "LineString", "coordinates": [ [ 77.715033581573749, 13.084854935132963 ], [ 77.715316702624762, 13.085126571985576 ], [ 77.715876929775746, 13.085120674674421 ], [ 77.716431138882243, 13.084565606677117 ], [ 77.716991364246311, 13.084559707195844 ], [ 77.717274486603813, 13.084831341548009 ], [ 77.717551589335528, 13.084553806501519 ], [ 77.717831701777044, 13.084550855699465 ], [ 77.718397948554369, 13.085094121762044 ] ] } },
{ "type": "Feature", "properties": { "type": "ghost_drain" }, "geometry": { "type": "LineString", "coordinates": [ [ 77.718397948554369, 13.085094121762044 ], [ 77.718678061408326, 13.085091169922071 ], [ 77.719232262953483, 13.084536097140264 ], [ 77.719226239272061, 13.083986928922176 ], [ 77.718946127792933, 13.083989881112378 ], [ 77.718663005126103, 13.083718248752374 ], [ 77.718659994075935, 13.083443664498903 ], [ 77.71837687240577, 13.083172031630431 ], [ 77.718367840801889, 13.082348278619229 ], [ 77.718644939856375, 13.082070743133897 ], [ 77.718925049239218, 13.082067791695447 ], [ 77.718919027414159, 13.081518623232023 ], [ 77.7191961249911, 13.081241087441128 ], [ 77.71919311394123, 13.080966503257221 ], [ 77.720024402239801, 13.080133894968199 ], [ 77.720021390537354, 13.079859310950528 ], [ 77.719738272579008, 13.079587679000717 ], [ 77.719729239018292, 13.078763926696825 ], [ 77.720006333056872, 13.078486390764526 ], [ 77.720003321767138, 13.078211806707801 ], [ 77.72028342647711, 13.078208854650804 ], [ 77.720280414946998, 13.077934270651667 ], [ 77.720557507508531, 13.077656734414141 ], [ 77.720554495806851, 13.077382150466104 ], [ 77.72083158750975, 13.077104614104805 ], [ 77.721111690776738, 13.077101661394973 ], [ 77.721388781483427, 13.076824124613376 ], [ 77.721668884303654, 13.076821171361518 ], [ 77.72305432667379, 13.075433483539628 ], [ 77.723051312740665, 13.07515890011679 ], [ 77.723328399119879, 13.074881362066384 ], [ 77.72329223441092, 13.071586361176745 ] ] } },
{ "type": "Feature", "properties": { "type": "ghost_drain" }, "geometry": { "type": "LineString", "coordinates": [ [ 77.694027867858537, 13.085349770867808 ], [ 77.693747748981579, 13.085352696018321 ], [ 77.693464646484628, 13.085081030904968 ], [ 77.693455696237748, 13.084257260984284 ], [ 77.693172595491944, 13.083985595224258 ], [ 77.692332242684088, 13.083994366084225 ], [ 77.692329260710167, 13.083719775837313 ], [ 77.692046161684203, 13.083448108470449 ], [ 77.692043180155792, 13.083173518147101 ], [ 77.691763063276881, 13.083176440666946 ], [ 77.691196868318187, 13.082633103750073 ], [ 77.691193887921941, 13.082358513216931 ] ] } },
{ "type": "Feature", "properties": { "type": "ghost_drain" }, "geometry": { "type": "LineString", "coordinates": [ [ 77.74277054694592, 13.085110755853137 ], [ 77.743610868202808, 13.085101820078926 ], [ 77.74388793584717, 13.084824262459582 ], [ 77.743881857450376, 13.084275105597124 ], [ 77.743315568461043, 13.083731906154568 ], [ 77.743312530124072, 13.0834573275712 ], [ 77.744152845397309, 13.083448391141349 ], [ 77.744149806201904, 13.083173812745432 ], [ 77.74386666267273, 13.082902213326822 ], [ 77.743863623925378, 13.082627634853198 ], [ 77.744143728019267, 13.082624655934033 ], [ 77.744697856856845, 13.082069540607332 ], [ 77.745258063321813, 13.082063580905427 ], [ 77.745255023236453, 13.08178900273562 ], [ 77.745809147605883, 13.081233885850036 ], [ 77.746089249667691, 13.081230905132097 ], [ 77.746366310546094, 13.080953346180459 ], [ 77.7463632695016, 13.08067876824339 ], [ 77.746643370806098, 13.080675787048589 ], [ 77.746920430447673, 13.080398227736509 ], [ 77.747200531304046, 13.080395246000169 ] ] } },
{ "type": "Feature", "properties": { "type": "ghost_drain" }, "geometry": { "type": "LineString", "coordinates": [ [ 77.584221843262512, 13.087022410853701 ], [ 77.584504852233508, 13.087294218335231 ], [ 77.585625435201493, 13.087282988439094 ], [ 77.586179995894, 13.086728144123082 ], [ 77.586460140722622, 13.086725335405429 ], [ 77.587026162439841, 13.087268944241218 ], [ 77.587029028666123, 13.087543557822256 ], [ 77.58730917422703, 13.087540748011341 ], [ 77.587592186633316, 13.087812551349591 ], [ 77.587872332372868, 13.087809740870769 ], [ 77.588155345642335, 13.088081543412658 ], [ 77.588715637413202, 13.088075920815667 ], [ 77.588998651789908, 13.088347722196659 ], [ 77.589001520444896, 13.088622335324896 ], [ 77.588724242449459, 13.088899760383443 ], [ 77.588729979467715, 13.089448986729707 ], [ 77.589012995719727, 13.089720787773343 ], [ 77.589015864702148, 13.089995400869329 ], [ 77.589298881948437, 13.090267201413479 ], [ 77.589304620860005, 13.090816427451138 ], [ 77.589587639475738, 13.09108822742828 ] ] } },
{ "type": "Feature", "properties": { "type": "ghost_drain" }, "geometry": { "type": "LineString", "coordinates": [ [ 77.589587639475738, 13.09108822742828 ], [ 77.589864918298659, 13.090810801205654 ], [ 77.591545809042074, 13.090793915184383 ] ] } },
{ "type": "Feature", "properties": { "type": "ghost_drain" }, "geometry": { "type": "LineString", "coordinates": [ [ 77.527070784844256, 13.087588622787411 ], [ 77.527067984994247, 13.0873139962953 ], [ 77.526785026978715, 13.087042114118269 ], [ 77.526782227566159, 13.086767487553756 ], [ 77.526499270543269, 13.0864956048817 ], [ 77.526496471568109, 13.086220978244791 ], [ 77.525930560126696, 13.085677211481713 ], [ 77.52592776196235, 13.085402584706447 ], [ 77.525361853744187, 13.084858816095586 ], [ 77.525359056390599, 13.084584189181996 ], [ 77.525076103583501, 13.084312304167224 ], [ 77.524795948002264, 13.084315045769022 ], [ 77.52451299605984, 13.084043159962407 ], [ 77.524790354852499, 13.083765791671677 ], [ 77.524784761958188, 13.083216537548653 ], [ 77.524504607551094, 13.083219278608972 ], [ 77.523938707763378, 13.082675505313665 ] ] } },
{ "type": "Feature", "properties": { "type": "ghost_drain" }, "geometry": { "type": "LineString", "coordinates": [ [ 77.479448362668137, 13.088600090461091 ], [ 77.479170939527904, 13.088877419978953 ], [ 77.478610598254775, 13.088882805095601 ], [ 77.478055748626687, 13.089437462571308 ], [ 77.478061240773314, 13.089986736119121 ], [ 77.477783814536167, 13.090264064671247 ], [ 77.477503642068996, 13.090266756155442 ], [ 77.477226214840016, 13.090544084269137 ], [ 77.47582534970222, 13.090557535909515 ], [ 77.47554243304414, 13.09028558804331 ], [ 77.474701913951066, 13.090293654298007 ], [ 77.474147051426499, 13.090848305426759 ], [ 77.473866877525609, 13.090850993080453 ], [ 77.473583962225007, 13.09057904274519 ], [ 77.473581220950479, 13.090304405053477 ], [ 77.473015392952206, 13.089760502973606 ], [ 77.47273522003988, 13.089763189179557 ], [ 77.472457786975539, 13.090040513019591 ], [ 77.472174874027559, 13.089768560680611 ], [ 77.471897440218697, 13.090045884029966 ], [ 77.471056919614441, 13.090053938268342 ], [ 77.470779484069425, 13.090331260688103 ], [ 77.470219135942884, 13.090336628171457 ] ] } },
{ "type": "Feature", "properties": { "type": "ghost_drain" }, "geometry": { "type": "LineString", "coordinates": [ [ 77.470219135942884, 13.090336628171457 ], [ 77.469653313877032, 13.089792717406265 ], [ 77.469650577126075, 13.089518078879664 ], [ 77.469367667394465, 13.089246122792771 ], [ 77.469364931078161, 13.088971484195167 ], [ 77.469642367248099, 13.088694163261486 ], [ 77.469636894308522, 13.088144886150724 ], [ 77.469353986437682, 13.087872929740779 ], [ 77.469345778613274, 13.087049013832837 ], [ 77.467931254129851, 13.085689224418864 ], [ 77.467928520173672, 13.085414585447159 ], [ 77.468205954990708, 13.085137266413694 ], [ 77.468486123639053, 13.085134586054824 ], [ 77.468469717872779, 13.083486752750145 ], [ 77.467903917377427, 13.082942834414091 ], [ 77.467343584721576, 13.082948192683581 ], [ 77.46706068589674, 13.082676232153004 ] ] } },
{ "type": "Feature", "properties": { "type": "ghost_drain" }, "geometry": { "type": "LineString", "coordinates": [ [ 77.532407820436532, 13.088909547447443 ], [ 77.532405014383983, 13.088634922120422 ], [ 77.532122049833859, 13.088363047173402 ], [ 77.532119244219061, 13.088088421773843 ], [ 77.532396596610738, 13.087811046100816 ], [ 77.532393790814453, 13.087536420748103 ], [ 77.53211082775897, 13.087264545536625 ], [ 77.531830670371676, 13.087267295380787 ], [ 77.531827865322654, 13.086992669895851 ], [ 77.530696021768861, 13.085905163040188 ], [ 77.530135709385618, 13.085910658793512 ], [ 77.529569792305566, 13.085366901337995 ], [ 77.529566990181138, 13.085092275330885 ], [ 77.529286834694148, 13.085095021966527 ], [ 77.528437965574255, 13.084279381277533 ], [ 77.52815781075995, 13.084282126520572 ], [ 77.52787485587028, 13.08401024506975 ], [ 77.527872055922799, 13.083735618672907 ], [ 77.527023196088038, 13.082919971548426 ], [ 77.526743042501536, 13.082922714976474 ], [ 77.526177139530958, 13.082378947356119 ], [ 77.525896986371677, 13.082381689754873 ], [ 77.525614036060361, 13.082109804938412 ], [ 77.524773576935956, 13.082118029225583 ] ] } },
{ "type": "Feature", "properties": { "type": "ghost_drain" }, "geometry": { "type": "LineString", "coordinates": [ [ 77.457322890595236, 13.089635821846951 ], [ 77.45843269752541, 13.088526578766558 ], [ 77.458712872070649, 13.088523908335237 ] ] } },
{ "type": "Feature", "properties": { "type": "ghost_drain" }, "geometry": { "type": "LineString", "coordinates": [ [ 77.458712872070649, 13.088523908335237 ], [ 77.458990321882837, 13.088246596834242 ], [ 77.458987597274188, 13.087971956061777 ], [ 77.459265046219571, 13.087694644418317 ], [ 77.458982148243535, 13.087422674497686 ], [ 77.459259596694011, 13.087145362957381 ], [ 77.459256872024554, 13.086870722217325 ], [ 77.460089212918007, 13.086038786587194 ], [ 77.460086487568546, 13.085764145995526 ], [ 77.459520695957238, 13.085220206996395 ], [ 77.462017685215457, 13.082724395447681 ], [ 77.462012231738981, 13.082175114916792 ], [ 77.463121986668469, 13.081065860713888 ], [ 77.46311653146347, 13.080516580570716 ] ] } },
{ "type": "Feature", "properties": { "type": "ghost_drain" }, "geometry": { "type": "LineString", "coordinates": [ [ 77.575294245883043, 13.090682072926654 ], [ 77.575571543340132, 13.090404659188893 ], [ 77.577532601309656, 13.090385066983043 ], [ 77.577815608916126, 13.090656882401129 ], [ 77.578936213013449, 13.090645678719897 ], [ 77.579213505597863, 13.090368261825841 ], [ 77.579773806505386, 13.090362657678499 ], [ 77.580051097720826, 13.090085240110595 ], [ 77.580331247701807, 13.090082437338905 ], [ 77.580614257377192, 13.09035424918099 ], [ 77.580894407537258, 13.090351445741417 ], [ 77.581448986349784, 13.08979660847567 ], [ 77.582298019040735, 13.090612038536369 ], [ 77.582303742602036, 13.091161267608555 ], [ 77.582586755487412, 13.091433076630743 ], [ 77.583147057304885, 13.091427464711606 ], [ 77.583713085910716, 13.091971080002915 ] ] } },
{ "type": "Feature", "properties": { "type": "ghost_drain" }, "geometry": { "type": "LineString", "coordinates": [ [ 77.583713085910716, 13.091971080002915 ], [ 77.584273388443975, 13.091965465411706 ], [ 77.584550675126053, 13.091688043634374 ], [ 77.584830825919582, 13.091685235640778 ], [ 77.58511384175354, 13.091957041248147 ], [ 77.585674143632943, 13.091951423621273 ], [ 77.586505996195584, 13.09111915408552 ], [ 77.587346445148441, 13.09111072318516 ], [ 77.587912480331326, 13.091654327676295 ], [ 77.589033079972111, 13.091643079309762 ], [ 77.589310360033565, 13.091365653462988 ], [ 77.589307490414029, 13.091091040460288 ], [ 77.589587639475738, 13.09108822742828 ] ] } },
{ "type": "Feature", "properties": { "type": "ghost_drain" }, "geometry": { "type": "LineString", "coordinates": [ [ 77.660180148059894, 13.090095070593479 ], [ 77.661029390339934, 13.090910191907934 ], [ 77.66158965563325, 13.090904409898029 ], [ 77.661872738115918, 13.091176115399694 ], [ 77.662152870903824, 13.09117322357333 ], [ 77.66270723461362, 13.090618245456518 ], [ 77.662704283882675, 13.090343648669959 ], [ 77.663544678652258, 13.090334970114068 ], [ 77.66353877553523, 13.08978577689809 ], [ 77.663815954604331, 13.089508287009833 ] ] } },
{ "type": "Feature", "properties": { "type": "ghost_drain" }, "geometry": { "type": "LineString", "coordinates": [ [ 77.663815954604331, 13.089508287009833 ], [ 77.664093133054408, 13.089230796937224 ], [ 77.664653393151582, 13.089225009004581 ], [ 77.66463863102193, 13.08785202704202 ], [ 77.666301676939497, 13.08618708153894 ], [ 77.666292816114108, 13.085363293297586 ], [ 77.666569987541735, 13.085085801904809 ], [ 77.666567033826198, 13.084811205867744 ], [ 77.666283955895665, 13.084539504997863 ], [ 77.666269190213612, 13.083166524368625 ], [ 77.667655031487712, 13.081779067818532 ], [ 77.667652077344229, 13.081504471955077 ], [ 77.667929243501291, 13.081226980149404 ], [ 77.667923334933079, 13.080677788515819 ], [ 77.669586315984262, 13.07901283449622 ], [ 77.669574493855436, 13.077914452505119 ], [ 77.669851654232403, 13.077636959750732 ], [ 77.669848698627277, 13.077362364293183 ], [ 77.669565627967671, 13.077090665943718 ], [ 77.669559717713398, 13.076541474870366 ], [ 77.669836876882002, 13.076263982398153 ], [ 77.669833921614469, 13.075989386908189 ] ] } },
{ "type": "Feature", "properties": { "type": "ghost_drain" }, "geometry": { "type": "LineString", "coordinates": [ [ 77.607236898005951, 13.090910394485837 ], [ 77.607234008636681, 13.090635785396159 ], [ 77.607788517882426, 13.090080902346656 ], [ 77.607785628091847, 13.089806293360512 ], [ 77.608062881542352, 13.089528851610213 ], [ 77.608059991574137, 13.089254242672622 ], [ 77.608337244161902, 13.088976800790336 ], [ 77.608331463936224, 13.088427583005796 ], [ 77.608608715417773, 13.088150141046576 ], [ 77.608605825160339, 13.087875532199641 ], [ 77.608883075779289, 13.087598090108507 ], [ 77.608877294975329, 13.087048872505312 ], [ 77.609154544488206, 13.086771430337327 ], [ 77.6091458730467, 13.085947604049199 ], [ 77.609423121210128, 13.085670161859449 ], [ 77.609408668910248, 13.084297118191934 ], [ 77.609685915237534, 13.084019676090577 ], [ 77.609677243919378, 13.083195849977711 ], [ 77.609954488897586, 13.082918407854718 ], [ 77.609951598346825, 13.082643799192573 ], [ 77.610228842462888, 13.082366356937884 ], [ 77.610208608752458, 13.080444096507454 ], [ 77.610485850546411, 13.080166654451507 ], [ 77.610482960037118, 13.079892045847828 ], [ 77.611037441282534, 13.079337161286114 ], [ 77.611028768691156, 13.078513335766791 ], [ 77.611306007656182, 13.078235893371255 ], [ 77.611242421462279, 13.07219450566628 ] ] } },
{ "type": "Feature", "properties": { "type": "ghost_drain" }, "geometry": { "type": "LineString", "coordinates": [ [ 77.63973911020534, 13.0911290087761 ], [ 77.640019247981044, 13.091126140987525 ], [ 77.641717640123886, 13.092756536556335 ], [ 77.641997779289568, 13.092753666269708 ], [ 77.64284698444888, 13.093568857090686 ], [ 77.643127124276077, 13.093565985403053 ], [ 77.64341019414384, 13.093837714441669 ], [ 77.643687403729885, 13.093560241117132 ], [ 77.644253545055761, 13.09410369729626 ], [ 77.644262338766822, 13.094927499766539 ], [ 77.64454541148838, 13.095199226997664 ], [ 77.644548343235755, 13.095473827739324 ], [ 77.644831416953267, 13.095745554466907 ], [ 77.645111558789608, 13.095742680155709 ], [ 77.646526937882115, 13.097101305442015 ], [ 77.646807080865415, 13.097098428997318 ], [ 77.647090158784991, 13.097370152384034 ], [ 77.64709309385519, 13.097644752512604 ], [ 77.647373237324032, 13.097641875335855 ], [ 77.647656316482554, 13.097913597852749 ], [ 77.647936460127184, 13.097910720006304 ], [ 77.648219540147949, 13.098182441722194 ], [ 77.648222476658077, 13.098457041581698 ], [ 77.649071721567793, 13.099272203912715 ], [ 77.649074659275243, 13.099546803559001 ], [ 77.649357742527712, 13.099818523397028 ], [ 77.650198178559563, 13.099809882169531 ] ] } },
{ "type": "Feature", "properties": { "type": "ghost_drain" }, "geometry": { "type": "LineString", "coordinates": [ [ 77.685403656886152, 13.090932144104482 ], [ 77.685120554082559, 13.090660469386078 ], [ 77.68511757852167, 13.090385877647565 ], [ 77.684834476714528, 13.090114202422884 ], [ 77.685111627603675, 13.089836694151051 ], [ 77.685108652246541, 13.08956210239305 ], [ 77.685662951684677, 13.089007085412932 ], [ 77.685379851281454, 13.088735410572735 ], [ 77.685373900559512, 13.088186227124835 ], [ 77.685090801529981, 13.087914551708609 ], [ 77.684810677691644, 13.087917467722701 ], [ 77.684244481972371, 13.087374114847691 ] ] } },
{ "type": "Feature", "properties": { "type": "ghost_drain" }, "geometry": { "type": "LineString", "coordinates": [ [ 77.684244481972371, 13.087374114847691 ], [ 77.683678288728601, 13.086830760227162 ], [ 77.68339816578856, 13.086833674471398 ], [ 77.682831975503277, 13.086290317372342 ], [ 77.682829003504267, 13.086015725023858 ], [ 77.683106153411245, 13.085738219284268 ], [ 77.683100209133727, 13.085189034681294 ], [ 77.682817116186783, 13.084917355564984 ], [ 77.682811172935146, 13.084368170796587 ], [ 77.682528081361369, 13.084096491104596 ], [ 77.682525110214542, 13.083821898640938 ], [ 77.681964870530251, 13.083827723008541 ], [ 77.681115602101755, 13.083012678907377 ], [ 77.681112632772923, 13.082738086101736 ], [ 77.680829544911219, 13.082466403792724 ], [ 77.680820638462862, 13.081642625127831 ], [ 77.680537552351083, 13.081370942173718 ], [ 77.680534584047649, 13.08109634920277 ], [ 77.680251498931497, 13.08082466574294 ], [ 77.679971381983222, 13.08082757495734 ], [ 77.679688297727111, 13.080555890695113 ], [ 77.679685330554832, 13.080281297515208 ], [ 77.678553001223634, 13.079194555827998 ], [ 77.677152423049776, 13.079209087878271 ], [ 77.676869343470742, 13.078937399535262 ], [ 77.674348300667134, 13.078963534829722 ], [ 77.673782147712586, 13.078420150244419 ], [ 77.673779187575875, 13.078145555687859 ], [ 77.673496112403086, 13.077873862672201 ], [ 77.673454682863664, 13.074029537226568 ] ] } },
{ "type": "Feature", "properties": { "type": "ghost_drain" }, "geometry": { "type": "LineString", "coordinates": [ [ 77.682888456377171, 13.09150757075952 ], [ 77.682322254228964, 13.090964214564577 ], [ 77.682042126307451, 13.090967128240253 ], [ 77.682039154083441, 13.090692535812522 ], [ 77.682870617665259, 13.089860017311626 ], [ 77.682858726547835, 13.088761648216446 ], [ 77.684244481972371, 13.087374114847691 ] ] } },
{ "type": "Feature", "properties": { "type": "ghost_drain" }, "geometry": { "type": "LineString", "coordinates": [ [ 77.715946139646306, 13.091436124687171 ], [ 77.715663009417398, 13.091164490190906 ], [ 77.715650971820608, 13.090066151023624 ] ] } },
{ "type": "Feature", "properties": { "type": "ghost_drain" }, "geometry": { "type": "LineString", "coordinates": [ [ 77.715650971820608, 13.090066151023624 ], [ 77.71759072583869, 13.088123404281207 ], [ 77.717870842302105, 13.088120452646534 ], [ 77.71815397029701, 13.088392084979422 ], [ 77.718431075022721, 13.088114548467143 ], [ 77.718428063181832, 13.087839964253781 ], [ 77.718144935702597, 13.087568332147157 ], [ 77.718132890539167, 13.086469994946309 ], [ 77.718687096002739, 13.085914922545763 ], [ 77.718403970929842, 13.085643290312484 ], [ 77.718397948554369, 13.085094121762044 ] ] } },
{ "type": "Feature", "properties": { "type": "ghost_drain" }, "geometry": { "type": "LineString", "coordinates": [ [ 77.71118407912337, 13.091486238168216 ], [ 77.711467205876403, 13.091757878472153 ] ] } },
{ "type": "Feature", "properties": { "type": "ghost_drain" }, "geometry": { "type": "LineString", "coordinates": [ [ 77.711467205876403, 13.091757878472153 ], [ 77.71174732787351, 13.091754932680447 ], [ 77.712030455486513, 13.092026572179275 ], [ 77.712307571661952, 13.091749040186716 ], [ 77.712304565736531, 13.09147445465015 ], [ 77.712581681052015, 13.0911969225329 ], [ 77.712861802155686, 13.091193975655299 ], [ 77.712858795748474, 13.090919390233568 ], [ 77.71369915771929, 13.09091054797204 ], [ 77.713982285884171, 13.091182185110636 ], [ 77.715102768514328, 13.091170389711177 ], [ 77.715379879807472, 13.090892855256701 ], [ 77.715373861628066, 13.090343685545067 ], [ 77.715650971820608, 13.090066151023624 ] ] } },
{ "type": "Feature", "properties": { "type": "ghost_drain" }, "geometry": { "type": "LineString", "coordinates": [ [ 77.550663257068464, 13.0931240555414 ], [ 77.550102937090571, 13.093129597632307 ], [ 77.549825603349944, 13.093406989726358 ], [ 77.549828429759557, 13.093681611223959 ], [ 77.550111417248573, 13.093953461944787 ], [ 77.550142516128915, 13.096974297261696 ], [ 77.551274488750138, 13.098061692913127 ], [ 77.551834819363847, 13.098056146228025 ], [ 77.552117814558912, 13.098327993336996 ], [ 77.55212064460855, 13.098602614237699 ], [ 77.552400810373697, 13.098599840015465 ], [ 77.55268380680819, 13.098871686263406 ], [ 77.55296114171027, 13.098594290659726 ], [ 77.553527136180051, 13.099137981269301 ] ] } },
{ "type": "Feature", "properties": { "type": "ghost_drain" }, "geometry": { "type": "LineString", "coordinates": [ [ 77.553527136180051, 13.099137981269301 ], [ 77.554093133128788, 13.099681670156514 ], [ 77.554095965670484, 13.099956290603748 ] ] } },
{ "type": "Feature", "properties": { "type": "ghost_drain" }, "geometry": { "type": "LineString", "coordinates": [ [ 77.705870749359491, 13.092365904573734 ], [ 77.706150873345976, 13.092362964723366 ], [ 77.70643399689483, 13.092634611427483 ], [ 77.707834617005759, 13.092619905787432 ] ] } },
{ "type": "Feature", "properties": { "type": "ghost_drain" }, "geometry": { "type": "LineString", "coordinates": [ [ 77.707834617005759, 13.092619905787432 ], [ 77.708394864570749, 13.092614021407154 ], [ 77.708949107096771, 13.092058963239259 ], [ 77.709229230020398, 13.09205602011469 ], [ 77.709512355842762, 13.092327662849103 ], [ 77.710632847815887, 13.092315885847047 ], [ 77.711187083810714, 13.091760823960415 ], [ 77.711467205876403, 13.091757878472153 ] ] } },
{ "type": "Feature", "properties": { "type": "ghost_drain" }, "geometry": { "type": "LineString", "coordinates": [ [ 77.458215186144102, 13.094845988748826 ], [ 77.458770098024502, 13.094291364163437 ], [ 77.458487191616626, 13.094019395064125 ], [ 77.458481741087908, 13.093470113549431 ], [ 77.458198836043707, 13.093198143895393 ], [ 77.458190661833129, 13.092374221382368 ], [ 77.458468115854629, 13.092096909650822 ], [ 77.458459941461072, 13.091272987234948 ], [ 77.45873739412032, 13.090995675463931 ], [ 77.458734669199316, 13.09072103469742 ], [ 77.459012120991531, 13.090443722783847 ], [ 77.459006670841092, 13.089894441334796 ], [ 77.458723770137354, 13.089622471567459 ], [ 77.458712872070649, 13.088523908335237 ] ] } },
{ "type": "Feature", "properties": { "type": "ghost_drain" }, "geometry": { "type": "LineString", "coordinates": [ [ 77.473350394484356, 13.095250570504579 ], [ 77.471087045722413, 13.093074958365463 ], [ 77.47052669152572, 13.093080327620978 ], [ 77.470243776213323, 13.092808373459805 ], [ 77.47023830016019, 13.092259096773841 ], [ 77.469955386211893, 13.091987142056862 ], [ 77.469944436344576, 13.090888588349664 ], [ 77.470221873500734, 13.090611266562416 ], [ 77.470219135942884, 13.090336628171457 ] ] } },
{ "type": "Feature", "properties": { "type": "ghost_drain" }, "geometry": { "type": "LineString", "coordinates": [ [ 77.629403108878776, 13.093980945252079 ], [ 77.629122965474409, 13.093983802127307 ], [ 77.62742462990505, 13.092353309484167 ], [ 77.627144487893133, 13.092356163862828 ], [ 77.626861434375499, 13.092084413204889 ], [ 77.627138664461825, 13.091806954514066 ], [ 77.627129929813293, 13.090983140442404 ], [ 77.626280776758705, 13.090167886141424 ], [ 77.624319796757547, 13.090187848453548 ], [ 77.623753701221119, 13.089644338302527 ] ] } },
{ "type": "Feature", "properties": { "type": "ghost_drain" }, "geometry": { "type": "LineString", "coordinates": [ [ 77.517900853301398, 13.095093994908124 ], [ 77.51706034516144, 13.095102202077529 ], [ 77.516777385540223, 13.09483030867497 ], [ 77.516497216278978, 13.094833043427665 ], [ 77.516219836448343, 13.095110406513589 ], [ 77.515099157272999, 13.09512134150979 ], [ 77.514816199374792, 13.094849445566163 ], [ 77.514536029668037, 13.094852178192962 ], [ 77.514258647223315, 13.095129539568024 ], [ 77.513975690063674, 13.094857642535459 ], [ 77.513695520166081, 13.094860374251153 ], [ 77.512846653143257, 13.094044679492862 ], [ 77.512006145284857, 13.09405286955139 ], [ 77.50945958431879, 13.09160575233898 ], [ 77.509448459765096, 13.090507231732618 ], [ 77.508882567127756, 13.089963422670769 ], [ 77.508322236132457, 13.089968872736238 ], [ 77.507473403298818, 13.089153153755174 ], [ 77.507193238444657, 13.089155877244442 ], [ 77.506915851465905, 13.089433231155533 ], [ 77.50635552082116, 13.089438676734392 ], [ 77.505506695397074, 13.088622949744254 ], [ 77.504946365976323, 13.088628391932993 ], [ 77.504380486441818, 13.088084570348668 ], [ 77.504100322128934, 13.088087290262516 ], [ 77.50381738353687, 13.087815378465731 ], [ 77.503537219406937, 13.087818097713464 ], [ 77.503254281680412, 13.087546185126131 ], [ 77.502974117733444, 13.087548903707777 ], [ 77.502691180872446, 13.087276990329951 ], [ 77.501850689390579, 13.087285143166104 ], [ 77.501001884739765, 13.086469397202684 ], [ 77.500721721524869, 13.086472113120223 ] ] } },
{ "type": "Feature", "properties": { "type": "ghost_drain" }, "geometry": { "type": "LineString", "coordinates": [ [ 77.577578311839716, 13.094778915482093 ], [ 77.577855609965397, 13.094501498987185 ], [ 77.578135765423042, 13.094498697671478 ], [ 77.578413062554333, 13.094221280745153 ], [ 77.57841020435842, 13.093946665431716 ], [ 77.57868750062579, 13.093669248371198 ], [ 77.578684642250636, 13.093394633105646 ], [ 77.579239232438255, 13.092839798527814 ], [ 77.579519385711492, 13.092836996058729 ], [ 77.579796679501314, 13.092559578244343 ], [ 77.580356985102142, 13.092553971909846 ], [ 77.580923011820914, 13.093097593951418 ], [ 77.580925872608361, 13.093372208736952 ], [ 77.581486179545024, 13.093366599608727 ], [ 77.581483318138183, 13.093091984944877 ], [ 77.581760609547658, 13.092814565376761 ], [ 77.58232091485371, 13.092808954670357 ], [ 77.582598204893827, 13.092531534428465 ], [ 77.582878357073866, 13.092528728377168 ], [ 77.583432934546053, 13.091973886843164 ], [ 77.583713085910716, 13.091971080002915 ] ] } },
{ "type": "Feature", "properties": { "type": "ghost_drain" }, "geometry": { "type": "LineString", "coordinates": [ [ 77.540319824069513, 13.095423375792263 ], [ 77.539479329424807, 13.095431656206811 ], [ 77.538924628963699, 13.095986422541529 ], [ 77.538644463205571, 13.095989181584633 ], [ 77.538647277803747, 13.096263805423236 ], [ 77.538367111671576, 13.09626656422247 ], [ 77.536980344707032, 13.09765347455415 ], [ 77.536420008509765, 13.097658988802293 ], [ 77.534755863213846, 13.099323271983268 ], [ 77.534761485338819, 13.099872521173998 ] ] } },
{ "type": "Feature", "properties": { "type": "ghost_drain" }, "geometry": { "type": "LineString", "coordinates": [ [ 77.727458233630557, 13.093786140430772 ], [ 77.727735330682748, 13.093508594870499 ], [ 77.728015450856674, 13.093505631029801 ], [ 77.72829254691122, 13.093228085048942 ], [ 77.728572666637589, 13.093225120665609 ], [ 77.728849761694477, 13.092947574264215 ], [ 77.728846737163039, 13.092672992543093 ], [ 77.729406975032546, 13.092667062516409 ], [ 77.729684068472764, 13.092389515513217 ], [ 77.729967212625922, 13.092661131275941 ], [ 77.730527449943096, 13.092655198821697 ], [ 77.731081633175862, 13.092100102721263 ], [ 77.73136477815271, 13.09237171671592 ], [ 77.731644896190943, 13.092368749187678 ], [ 77.731928042027263, 13.092640362375823 ], [ 77.732488278377303, 13.092634425673378 ], [ 77.733054572868753, 13.093177649262085 ], [ 77.733608750247924, 13.092622548627194 ], [ 77.73444910342495, 13.092613637656441 ], [ 77.735015401281771, 13.093156856094932 ], [ 77.735855755278408, 13.093147940185805 ], [ 77.736138905856464, 13.093419547642966 ], [ 77.736419023957268, 13.09341657469842 ], [ 77.736702175394726, 13.093688181348689 ], [ 77.737262411869366, 13.093682233813315 ], [ 77.737265445963516, 13.093956813576055 ], [ 77.737548598879499, 13.094228418980364 ], [ 77.737551633421717, 13.094502998665543 ], [ 77.737834787335615, 13.094774603559779 ], [ 77.738114906568811, 13.094771628471875 ], [ 77.738681216734719, 13.095314836207107 ], [ 77.738684252792268, 13.095589415608069 ], [ 77.739250566192609, 13.09613262144471 ], [ 77.739253603077188, 13.096407200696996 ], [ 77.739536761085063, 13.096678802885505 ], [ 77.740377123831337, 13.096669869892574 ], [ 77.740654206106186, 13.096392312698306 ], [ 77.740934326504046, 13.096389334187995 ], [ 77.740931287761811, 13.096114755323164 ], [ 77.742331887162976, 13.096099858541836 ], [ 77.742334927453243, 13.096374437083607 ], [ 77.742901249374512, 13.096917632922619 ], [ 77.74346149022962, 13.096911670483538 ], [ 77.743738568576006, 13.096634110603212 ], [ 77.744018688520441, 13.096631128689504 ], [ 77.744301850991818, 13.096902724548418 ], [ 77.746262690340387, 13.096881840076209 ], [ 77.746539764896269, 13.096604277807517 ], [ 77.746819884146319, 13.096601292858569 ], [ 77.747669380623208, 13.097416068069736 ], [ 77.747949500524143, 13.09741308171243 ], [ 77.748232667495074, 13.097684672202046 ], [ 77.748512787566639, 13.097681685172883 ], [ 77.748795955396957, 13.097953274854566 ], [ 77.748802051262118, 13.098502428863739 ], [ 77.748524978058356, 13.098779993450343 ], [ 77.74852802585508, 13.099054570503377 ], [ 77.748250951791846, 13.099332134967668 ], [ 77.74853412165713, 13.09960372458985 ], [ 77.748537169662441, 13.09987830162329 ] ] } },
{ "type": "Feature", "properties": { "type": "ghost_drain" }, "geometry": { "type": "LineString", "coordinates": [ [ 77.558816233187684, 13.095789754228203 ], [ 77.557706931124756, 13.096899353805819 ], [ 77.556866442896649, 13.09690769179017 ], [ 77.556583445405394, 13.096635850534904 ], [ 77.55630328277843, 13.096638628891629 ], [ 77.556025954086337, 13.096916027041114 ], [ 77.555465627889461, 13.096921582356515 ], [ 77.555188297828792, 13.097198979829397 ], [ 77.554908134258909, 13.097201756788044 ], [ 77.553521472788461, 13.098588740088967 ], [ 77.553527136180051, 13.099137981269301 ] ] } },
{ "type": "Feature", "properties": { "type": "ghost_drain" }, "geometry": { "type": "LineString", "coordinates": [ [ 77.656328957254914, 13.096725851139901 ], [ 77.656606152181411, 13.096448366107973 ], [ 77.656886292130395, 13.096445478857984 ], [ 77.657163486060568, 13.096167993400211 ], [ 77.657446571826711, 13.09643970344719 ], [ 77.657726711574043, 13.096436815286387 ], [ 77.658003904373473, 13.096159329105706 ], [ 77.65828404367663, 13.096156440400341 ], [ 77.658561235479752, 13.09587895379393 ], [ 77.658841374338721, 13.095876064544033 ], [ 77.659395755332994, 13.095321090295123 ], [ 77.659675893370832, 13.09531820025982 ], [ 77.660507459086446, 13.094485736778601 ], [ 77.660504509889648, 13.094211139581009 ], [ 77.662721989278694, 13.091991229292017 ], [ 77.663002122793259, 13.091988336366951 ], [ 77.662999171415962, 13.091713739675583 ], [ 77.663276352934105, 13.091436249874702 ] ] } },
{ "type": "Feature", "properties": { "type": "ghost_drain" }, "geometry": { "type": "LineString", "coordinates": [ [ 77.663276352934105, 13.091436249874702 ], [ 77.66383071411299, 13.090881269719674 ], [ 77.663815954604331, 13.089508287009833 ] ] } },
{ "type": "Feature", "properties": { "type": "ghost_drain" }, "geometry": { "type": "LineString", "coordinates": [ [ 77.702557189142411, 13.09679456233175 ], [ 77.702834322271201, 13.09651703751482 ], [ 77.703114451654173, 13.096514100046997 ], [ 77.703391583785645, 13.096236574807547 ], [ 77.703379595737005, 13.095138224870199 ], [ 77.703656726284223, 13.094860699676943 ], [ 77.703936853604262, 13.094857761680771 ], [ 77.704213983154247, 13.094580236065131 ], [ 77.704494110027866, 13.094577297525653 ], [ 77.704488114210591, 13.094028123001703 ], [ 77.704765242281013, 13.093750597078195 ], [ 77.705045368089046, 13.093747658122929 ], [ 77.705328492563424, 13.094019305944665 ], [ 77.705605619499821, 13.093741779301917 ], [ 77.706165870636838, 13.093735899266926 ], [ 77.706442996198035, 13.093458371962278 ], [ 77.706723121285847, 13.093455431249836 ], [ 77.707000245849869, 13.093177903523067 ], [ 77.706997245463, 13.092903316805719 ], [ 77.707557494058022, 13.092897434118624 ], [ 77.707834617005759, 13.092619905787432 ] ] } },
{ "type": "Feature", "properties": { "type": "ghost_drain" }, "geometry": { "type": "LineString", "coordinates": [ [ 77.67034181243757, 13.097130318645219 ], [ 77.670064635260928, 13.097407815647118 ], [ 77.668944082770793, 13.097419420908704 ], [ 77.668660985560649, 13.097147726160095 ], [ 77.666980156253445, 13.097165122744949 ], [ 77.666413966598, 13.096621727542313 ], [ 77.665853690591462, 13.096627522509216 ], [ 77.665850734972068, 13.096352926556131 ], [ 77.665570597177322, 13.09635582352135 ], [ 77.665004412207182, 13.095812424238439 ], [ 77.664163999872031, 13.095821111114132 ], [ 77.663880909042803, 13.095549409719984 ], [ 77.663875002746181, 13.095000216876095 ], [ 77.663591913290361, 13.094728514907771 ], [ 77.66358896062016, 13.094453918406826 ], [ 77.663022784320418, 13.093910513024866 ], [ 77.663010977329307, 13.092812126402126 ], [ 77.663288159816304, 13.092534636376127 ], [ 77.663276352934105, 13.091436249874702 ] ] } },
{ "type": "Feature", "properties": { "type": "ghost_drain" }, "geometry": { "type": "LineString", "coordinates": [ [ 77.477877210996013, 13.099601712834712 ], [ 77.478160142296645, 13.099873655601023 ] ] } },
{ "type": "Feature", "properties": { "type": "ghost_drain" }, "geometry": { "type": "LineString", "coordinates": [ [ 77.526913869058731, 13.099674929142678 ], [ 77.5266364986242, 13.099952302222579 ], [ 77.526076152729104, 13.09995779494577 ] ] } }
]
}
